id,type,location_id,rated_power_kw,earliest_start,latest_end,required_kwh,minimum_kwh,maximum_kwh,minimum_duration,maximum_duration,deadline,min_power,max_power,override_rate,availability_rate,state,battery_capacity_kwh,arrival_soc_pct,target_soc_pct,dataset_split,acn_source_session
ev_0001,ev,simulation_feeder_01,3.47,2026-01-15T19:30:00+05:30,2026-01-15T23:47:13+05:30,12.635,10.108,14.876,15,257,2026-01-15T23:47:13+05:30,1.4,3.47,0.1493,0.9596,available,52.84,36.0,59.9,train,time series data/caltech/LIGO_01/2-154-492-3391-2020-05-06T14-00-12-110505.csv.gz
ev_0002,ev,simulation_feeder_02,6.76,2026-01-15T14:30:00+05:30,2026-01-15T20:24:47+05:30,13.209,10.567,39.972,15,354,2026-01-15T20:24:47+05:30,1.4,6.76,0.2196,0.8765,available,42.76,48.9,79.8,train,time series data/caltech/California_Garage_01/2-39-78-360-2018-09-06T09-03-41-321274.csv.gz
ev_0003,ev,simulation_feeder_03,8.43,2026-01-15T05:15:00+05:30,2026-01-15T09:53:47+05:30,26.645,21.316,39.169,15,278,2026-01-15T09:53:47+05:30,1.4,8.43,0.2189,0.9684,available,96.56,30.2,57.8,train,time series data/caltech/California_Garage_02/2-6-3-1369-2019-11-03T23-56-04-649262.csv.gz
ev_0004,ev,simulation_feeder_04,10.07,2026-01-15T22:15:00+05:30,2026-01-16T06:52:47+05:30,38.729,30.983,64.09,15,517,2026-01-16T06:52:47+05:30,1.4,10.07,0.0554,0.9672,available,64.09,18.0,78.4,train,time series data/caltech/N_Wilson_Garage_01/2-137-440-3989-2020-07-15T16-48-20-405716.csv.gz
ev_0005,ev,simulation_feeder_05,6.4,2026-01-15T22:45:00+05:30,2026-01-16T07:57:25+05:30,11.993,9.594,58.924,15,552,2026-01-16T07:57:25+05:30,1.4,6.4,0.1536,0.9284,available,64.09,44.0,62.7,train,time series data/caltech/California_Garage_01/2-39-90-26-2019-04-09T17-18-20-352731.csv.gz
ev_0006,ev,simulation_feeder_06,22.0,2026-01-15T01:00:00+05:30,2026-01-15T01:24:21.794778+05:30,8.933,7.146,8.933,15,24,2026-01-15T01:24:21.794778+05:30,1.4,22.0,0.1985,0.8954,available,66.56,68.6,82.0,train,time series data/caltech/N_Wilson_Garage_01/2-137-521-3845-2020-06-08T19-43-43-260067.csv.gz
ev_0007,ev,simulation_feeder_07,3.54,2026-01-15T20:15:00+05:30,2026-01-16T05:28:16+05:30,5.688,4.55,32.643,15,553,2026-01-16T05:28:16+05:30,1.4,3.54,0.1605,0.8731,available,70.97,80.9,88.9,train,time series data/caltech/California_Garage_01/2-39-79-378-2019-04-16T14-59-22-368160.csv.gz
ev_0008,ev,simulation_feeder_08,2.33,2026-01-15T11:00:00+05:30,2026-01-15T12:12:54+05:30,2.402,1.922,2.831,15,72,2026-01-15T12:12:54+05:30,1.4,2.33,0.1027,0.881,available,36.83,49.7,56.2,train,time series data/caltech/California_Garage_01/2-39-139-28-2018-08-31T05-31-44-709315.csv.gz
ev_0009,ev,simulation_feeder_09,3.1,2026-01-15T21:15:00+05:30,2026-01-16T07:19:10+05:30,5.338,4.27,31.215,15,604,2026-01-16T07:19:10+05:30,1.4,3.1,0.0815,0.9555,available,78.58,51.3,58.1,train,time series data/caltech/California_Garage_02/2-6-3-1365-2019-08-16T15-48-32-758109.csv.gz
ev_0010,ev,simulation_feeder_10,1.79,2026-01-15T00:45:00+05:30,2026-01-15T01:22:20+05:30,0.892,0.714,1.114,15,37,2026-01-15T01:22:20+05:30,1.4,1.79,0.1332,0.9449,available,65.57,60.8,62.2,train,time series data/caltech/California_Garage_01/2-39-78-367-2019-10-07T19-20-07-648674.csv.gz
ev_0011,ev,simulation_feeder_01,22.0,2026-01-15T19:45:00+05:30,2026-01-15T20:00:00+05:30,5.5,4.4,5.5,15,15,2026-01-15T20:00:00+05:30,1.4,22.0,0.1152,0.9122,available,87.44,19.3,25.6,train,time series data/caltech/N_Wilson_Garage_01/2-137-521-3845-2020-08-15T14-21-42-065007.csv.gz
ev_0012,ev,simulation_feeder_02,7.03,2026-01-15T07:45:00+05:30,2026-01-15T21:07:17+05:30,30.423,24.338,73.14,15,802,2026-01-15T21:07:17+05:30,1.4,7.03,0.1107,0.8653,available,73.14,28.1,69.7,train,time series data/caltech/California_Garage_01/2-39-78-366-2018-10-11T02-25-46-510829.csv.gz
ev_0013,ev,simulation_feeder_03,1.72,2026-01-15T22:30:00+05:30,2026-01-16T03:50:47+05:30,0.881,0.705,9.196,15,320,2026-01-16T03:50:47+05:30,1.4,1.72,0.0356,0.9506,available,68.58,88.2,89.5,train,time series data/caltech/California_Garage_01/2-39-78-361-2019-11-11T17-10-00-690878.csv.gz
ev_0014,ev,simulation_feeder_04,6.42,2026-01-15T19:15:00+05:30,2026-01-16T01:23:50+05:30,12.337,9.87,39.465,15,368,2026-01-16T01:23:50+05:30,1.4,6.42,0.0837,0.9014,available,66.69,21.0,39.5,train,time series data/caltech/California_Garage_02/2-6-3-1363-2019-06-19T13-55-44-629093.csv.gz
ev_0015,ev,simulation_feeder_05,3.38,2026-01-15T20:30:00+05:30,2026-01-16T06:35:32+05:30,14.149,11.319,34.112,15,605,2026-01-16T06:35:32+05:30,1.4,3.38,0.1373,0.959,available,61.12,14.7,37.8,train,time series data/caltech/California_Garage_02/2-6-3-1364-2018-12-04T15-06-42-153956.csv.gz
ev_0016,ev,simulation_feeder_06,7.11,2026-01-15T20:30:00+05:30,2026-01-16T05:05:35+05:30,6.551,5.241,61.097,15,515,2026-01-16T05:05:35+05:30,1.4,7.11,0.0759,0.9678,available,69.1,25.1,34.6,train,time series data/caltech/California_Garage_01/2-39-95-444-2018-08-10T15-01-17-144729.csv.gz
ev_0017,ev,simulation_feeder_07,22.0,2026-01-15T07:15:00+05:30,2026-01-15T07:48:32.688363+05:30,12.3,9.84,12.3,15,33,2026-01-15T07:48:32.688363+05:30,1.4,22.0,0.0693,0.9806,available,58.91,29.3,50.2,train,time series data/caltech/N_Wilson_Garage_01/2-137-521-3845-2020-06-20T01-51-56-754893.csv.gz
ev_0018,ev,simulation_feeder_08,6.57,2026-01-15T04:15:00+05:30,2026-01-15T10:14:59+05:30,10.748,8.598,39.418,15,359,2026-01-15T10:14:59+05:30,1.4,6.57,0.0595,0.9234,available,77.56,30.1,44.0,train,time series data/caltech/California_Garage_01/2-39-128-18-2018-07-11T22-57-32-041861.csv.gz
ev_0019,ev,simulation_feeder_09,1.66,2026-01-15T01:00:00+05:30,2026-01-15T01:15:00+05:30,0.389,0.311,0.415,15,15,2026-01-15T01:15:00+05:30,1.4,1.66,0.2114,0.9519,available,84.39,86.4,86.9,train,time series data/caltech/California_Garage_01/2-39-128-18-2020-01-28T19-40-17-018191.csv.gz
ev_0020,ev,simulation_feeder_10,6.05,2026-01-15T21:00:00+05:30,2026-01-16T05:47:25+05:30,2.149,1.719,50.51,15,527,2026-01-16T05:47:25+05:30,1.4,6.05,0.0399,0.9362,available,50.51,34.8,39.1,train,time series data/caltech/California_Garage_02/2-6-3-1360-2019-09-09T15-32-07-139103.csv.gz
ev_0021,ev,simulation_feeder_01,11.18,2026-01-15T13:00:00+05:30,2026-01-15T19:42:44+05:30,26.656,21.325,75.043,15,402,2026-01-15T19:42:44+05:30,1.4,11.18,0.0344,0.9526,available,77.39,48.1,82.5,train,time series data/caltech/California_Garage_02/2-6-3-1629-2019-08-16T07-33-55-588718.csv.gz
ev_0022,ev,simulation_feeder_02,3.19,2026-01-15T20:00:00+05:30,2026-01-16T00:23:06+05:30,5.987,4.79,13.988,15,263,2026-01-16T00:23:06+05:30,1.4,3.19,0.1598,0.9375,available,46.89,61.3,74.1,train,time series data/jpl/Arroyo_Garage_01/1-1-194-822-2020-10-19T14-43-27-948048.csv.gz
ev_0023,ev,simulation_feeder_03,6.14,2026-01-15T23:45:00+05:30,2026-01-16T04:18:45+05:30,15.033,12.026,28.014,15,273,2026-01-16T04:18:45+05:30,1.4,6.14,0.1946,0.8867,available,50.39,50.9,80.7,train,time series data/jpl/Arroyo_Garage_01/1-1-191-782-2020-08-27T18-15-58-217971.csv.gz
ev_0024,ev,simulation_feeder_04,6.6,2026-01-15T04:30:00+05:30,2026-01-16T23:14:24+05:30,44.054,35.243,83.87,15,2564,2026-01-16T23:14:24+05:30,1.4,6.6,0.0886,0.9763,available,83.87,28.1,80.6,train,time series data/office_01/Parking_Lot_01/19-102-260-1640-2020-09-01T23-12-59-216951.csv.gz
ev_0025,ev,simulation_feeder_05,6.12,2026-01-15T21:15:00+05:30,2026-01-16T03:14:44+05:30,13.882,11.106,36.693,15,359,2026-01-16T03:14:44+05:30,1.4,6.12,0.1221,0.8625,available,84.52,53.5,69.9,train,time series data/caltech/California_Garage_01/2-39-90-440-2018-09-26T15-57-47-553856.csv.gz
ev_0026,ev,simulation_feeder_06,6.64,2026-01-15T01:45:00+05:30,2026-01-15T05:31:55+05:30,0.868,0.694,25.112,15,226,2026-01-15T05:31:55+05:30,1.4,6.64,0.1835,0.9392,available,45.11,55.3,57.2,train,time series data/office_01/Parking_Lot_01/19-102-260-1635-2019-11-04T20-20-42-588226.csv.gz
ev_0027,ev,simulation_feeder_07,22.0,2026-01-15T17:30:00+05:30,2026-01-15T17:45:00+05:30,3.805,3.044,5.5,15,15,2026-01-15T17:45:00+05:30,1.4,22.0,0.068,0.9363,available,87.34,67.7,72.1,train,time series data/caltech/N_Wilson_Garage_01/2-137-521-3845-2020-08-30T12-14-05-751509.csv.gz
ev_0028,ev,simulation_feeder_08,7.24,2026-01-15T00:30:00+05:30,2026-01-15T01:05:35+05:30,4.091,3.273,4.294,15,35,2026-01-15T01:05:35+05:30,1.4,7.24,0.2016,0.9449,available,80.54,18.6,23.7,train,time series data/caltech/California_Garage_02/2-6-3-1632-2020-03-29T19-02-13-561059.csv.gz
ev_0029,ev,simulation_feeder_09,6.88,2026-01-15T20:45:00+05:30,2026-01-16T06:30:08+05:30,10.441,8.353,50.57,15,585,2026-01-16T06:30:08+05:30,1.4,6.88,0.2117,0.8932,available,50.57,48.8,69.4,train,time series data/caltech/California_Garage_01/2-39-139-28-2020-03-04T15-19-12-758016.csv.gz
ev_0030,ev,simulation_feeder_10,3.58,2026-01-15T21:00:00+05:30,2026-01-16T05:55:57+05:30,4.127,3.302,31.978,15,535,2026-01-16T05:55:57+05:30,1.4,3.58,0.0737,0.9522,available,40.07,17.1,27.4,train,time series data/caltech/California_Garage_01/2-39-127-19-2018-06-06T15-34-47-862149.csv.gz
ev_0031,ev,simulation_feeder_01,6.45,2026-01-15T18:30:00+05:30,2026-01-15T22:16:09+05:30,23.332,18.666,24.311,15,226,2026-01-15T22:16:09+05:30,1.4,6.45,0.023,0.9561,available,35.0,19.6,86.3,train,time series data/jpl/Arroyo_Garage_01/1-1-179-799-2020-10-07T13-10-30-444817.csv.gz
ev_0032,ev,simulation_feeder_02,6.3,2026-01-15T08:15:00+05:30,2026-01-15T10:03:12+05:30,7.654,6.123,11.361,15,108,2026-01-15T10:03:12+05:30,1.4,6.3,0.0929,0.9722,available,65.19,24.4,36.1,train,time series data/caltech/California_Garage_01/2-39-79-378-2018-08-30T02-52-55-068483.csv.gz
ev_0033,ev,simulation_feeder_03,17.32,2026-01-15T20:30:00+05:30,2026-01-16T07:26:37+05:30,10.738,8.59,81.74,15,656,2026-01-16T07:26:37+05:30,1.4,17.32,0.1804,0.9226,available,81.74,70.2,83.3,train,time series data/caltech/California_Garage_02/2-6-3-1629-2019-10-03T15-09-08-011204.csv.gz
ev_0034,ev,simulation_feeder_04,6.47,2026-01-15T14:45:00+05:30,2026-01-15T22:29:02+05:30,12.121,9.697,47.7,15,464,2026-01-15T22:29:02+05:30,1.4,6.47,0.1622,0.9336,available,47.7,24.3,49.7,train,time series data/caltech/California_Garage_02/2-6-3-1360-2019-09-22T09-25-17-582063.csv.gz
ev_0035,ev,simulation_feeder_05,3.34,2026-01-15T21:15:00+05:30,2026-01-16T05:19:09+05:30,5.715,4.572,26.951,15,484,2026-01-16T05:19:09+05:30,1.4,3.34,0.1683,0.9573,available,59.09,78.1,87.8,train,time series data/caltech/California_Garage_02/2-6-3-1367-2019-06-03T15-47-20-195229.csv.gz
ev_0036,ev,simulation_feeder_06,2.31,2026-01-15T22:15:00+05:30,2026-01-16T06:06:34+05:30,1.426,1.141,18.155,15,471,2026-01-16T06:06:34+05:30,1.4,2.31,0.0549,0.9245,available,46.9,65.1,68.1,train,time series data/caltech/California_Garage_01/2-39-91-437-2019-06-13T16-58-36-495751.csv.gz
ev_0037,ev,simulation_feeder_07,3.8,2026-01-15T21:45:00+05:30,2026-01-15T22:00:00+05:30,0.061,0.049,0.95,15,15,2026-01-15T22:00:00+05:30,1.4,3.8,0.0348,0.9535,available,87.04,64.1,64.2,train,time series data/caltech/California_Garage_01/2-39-79-379-2018-11-13T16-23-20-936638.csv.gz
ev_0038,ev,simulation_feeder_08,6.78,2026-01-15T21:00:00+05:30,2026-01-15T21:15:00+05:30,1.01,0.808,1.695,15,15,2026-01-15T21:15:00+05:30,1.4,6.78,0.1004,0.9119,available,55.7,37.2,39.0,train,time series data/caltech/California_Garage_01/2-39-78-361-2019-09-16T15-34-59-884568.csv.gz
ev_0039,ev,simulation_feeder_09,1.78,2026-01-15T22:15:00+05:30,2026-01-16T09:01:36+05:30,0.869,0.695,19.182,15,646,2026-01-16T09:01:36+05:30,1.4,1.78,0.1398,0.8613,available,70.47,73.8,75.0,train,time series data/caltech/California_Garage_01/2-39-92-442-2019-05-28T16-55-58-745410.csv.gz
ev_0040,ev,simulation_feeder_10,3.08,2026-01-15T22:00:00+05:30,2026-01-15T23:23:52+05:30,4.224,3.379,4.305,15,83,2026-01-15T23:23:52+05:30,1.4,3.08,0.0991,0.9621,available,57.47,50.1,57.4,train,time series data/caltech/California_Garage_02/2-6-3-1356-2019-11-04T16-34-00-120489.csv.gz
ev_0041,ev,simulation_feeder_01,6.36,2026-01-15T20:30:00+05:30,2026-01-15T21:05:47+05:30,2.23,1.784,3.793,15,35,2026-01-15T21:05:47+05:30,1.4,6.36,0.024,0.9089,available,91.38,21.5,23.9,train,time series data/caltech/California_Garage_02/2-6-3-1364-2019-11-04T15-09-04-773070.csv.gz
ev_0042,ev,simulation_feeder_02,2.31,2026-01-15T05:15:00+05:30,2026-01-15T06:26:08+05:30,2.458,1.966,2.739,15,71,2026-01-15T06:26:08+05:30,1.4,2.31,0.1939,0.9271,available,68.65,79.1,82.7,train,time series data/caltech/California_Garage_01/2-39-79-381-2018-10-11T23-55-17-869892.csv.gz
ev_0043,ev,simulation_feeder_03,6.99,2026-01-15T21:45:00+05:30,2026-01-15T23:12:14+05:30,9.882,7.906,10.163,15,87,2026-01-15T23:12:14+05:30,1.4,6.99,0.1919,0.9336,available,97.75,43.3,53.4,train,time series data/caltech/California_Garage_01/2-39-89-25-2019-10-24T16-22-46-306457.csv.gz
ev_0044,ev,simulation_feeder_04,6.92,2026-01-15T23:00:00+05:30,2026-01-16T05:45:13+05:30,22.419,17.935,46.735,15,405,2026-01-16T05:45:13+05:30,1.4,6.92,0.091,0.8869,available,99.12,38.9,61.5,train,time series data/caltech/California_Garage_02/2-6-3-1358-2019-03-07T17-30-11-253617.csv.gz
ev_0045,ev,simulation_feeder_05,1.76,2026-01-15T05:00:00+05:30,2026-01-15T05:19:32+05:30,0.559,0.447,0.573,15,19,2026-01-15T05:19:32+05:30,1.4,1.76,0.178,0.8759,available,38.51,50.4,51.9,train,time series data/caltech/California_Garage_01/2-39-78-366-2019-02-25T23-39-54-034718.csv.gz
ev_0046,ev,simulation_feeder_06,10.94,2026-01-15T02:30:00+05:30,2026-01-15T03:28:50+05:30,5.816,4.653,10.727,15,58,2026-01-15T03:28:50+05:30,1.4,10.94,0.1875,0.877,available,85.55,11.1,17.9,train,time series data/caltech/California_Garage_02/2-6-3-1624-2020-02-16T21-12-06-423208.csv.gz
ev_0047,ev,simulation_feeder_07,3.26,2026-01-15T20:30:00+05:30,2026-01-16T00:47:12+05:30,6.133,4.906,13.975,15,257,2026-01-16T00:47:12+05:30,1.4,3.26,0.1279,0.9695,available,47.29,71.0,84.0,train,time series data/jpl/Arroyo_Garage_01/1-1-194-818-2020-08-11T15-05-15-054035.csv.gz
ev_0048,ev,simulation_feeder_08,7.41,2026-01-15T19:45:00+05:30,2026-01-16T06:10:28+05:30,19.518,15.614,77.245,15,625,2026-01-16T06:10:28+05:30,1.4,7.41,0.1338,0.9381,available,91.18,55.1,76.5,train,time series data/caltech/California_Garage_02/2-6-3-1623-2019-07-14T14-27-01-705414.csv.gz
ev_0049,ev,simulation_feeder_09,16.83,2026-01-15T02:00:00+05:30,2026-01-15T10:15:45+05:30,51.317,41.054,85.04,15,495,2026-01-15T10:15:45+05:30,1.4,16.83,0.213,0.9432,available,85.04,26.7,87.0,train,time series data/caltech/California_Garage_02/2-6-3-1626-2019-12-05T20-40-13-758279.csv.gz
ev_0050,ev,simulation_feeder_10,7.21,2026-01-15T21:15:00+05:30,2026-01-16T01:40:36+05:30,4.641,3.713,31.916,15,265,2026-01-16T01:40:36+05:30,1.4,7.21,0.0688,0.8834,available,69.21,28.0,34.7,train,time series data/caltech/California_Garage_02/2-6-3-1625-2020-10-22T15-45-07-031478.csv.gz
ev_0051,ev,simulation_feeder_01,6.99,2026-01-15T12:00:00+05:30,2026-01-16T02:30:07+05:30,65.9,52.72,97.38,15,870,2026-01-16T02:30:07+05:30,1.4,6.99,0.0355,0.9452,available,97.38,22.3,90.0,train,time series data/caltech/California_Garage_01/2-39-139-567-2018-12-02T06-34-13-711649.csv.gz
ev_0052,ev,simulation_feeder_02,3.19,2026-01-15T07:30:00+05:30,2026-01-15T07:45:00+05:30,0.097,0.078,0.797,15,15,2026-01-15T07:45:00+05:30,1.4,3.19,0.0849,0.884,available,53.85,49.6,49.8,train,time series data/caltech/California_Garage_02/2-6-3-1364-2019-01-21T02-08-11-127868.csv.gz
ev_0053,ev,simulation_feeder_03,6.81,2026-01-15T21:15:00+05:30,2026-01-16T06:49:56+05:30,12.879,10.303,65.255,15,574,2026-01-16T06:49:56+05:30,1.4,6.81,0.0508,0.9059,available,85.19,70.7,85.8,train,time series data/caltech/California_Garage_02/2-6-3-1367-2019-05-29T15-55-40-546860.csv.gz
ev_0054,ev,simulation_feeder_04,3.36,2026-01-15T23:30:00+05:30,2026-01-16T06:45:55+05:30,10.0,8.0,24.411,15,435,2026-01-16T06:45:55+05:30,1.4,3.36,0.0643,0.9144,available,50.9,21.9,41.5,train,time series data/jpl/Arroyo_Garage_01/1-1-193-819-2020-10-31T18-05-45-215251.csv.gz
ev_0055,ev,simulation_feeder_05,3.35,2026-01-15T04:00:00+05:30,2026-01-15T07:30:22+05:30,1.663,1.33,11.745,15,210,2026-01-15T07:30:22+05:30,1.4,3.35,0.1576,0.957,available,89.81,17.9,19.8,train,time series data/caltech/California_Garage_01/2-39-78-360-2020-02-14T22-35-53-108369.csv.gz
ev_0056,ev,simulation_feeder_06,4.66,2026-01-15T19:45:00+05:30,2026-01-16T06:29:57+05:30,15.906,12.725,50.091,15,644,2026-01-16T06:29:57+05:30,1.4,4.66,0.2074,0.9051,available,70.71,11.6,34.1,train,time series data/caltech/California_Garage_01/2-39-79-377-2018-10-22T14-15-54-143265.csv.gz
ev_0057,ev,simulation_feeder_07,3.51,2026-01-15T23:45:00+05:30,2026-01-16T06:12:34+05:30,1.624,1.299,22.673,15,387,2026-01-16T06:12:34+05:30,1.4,3.51,0.0249,0.8656,available,69.19,82.0,84.3,train,time series data/caltech/California_Garage_01/2-39-125-21-2019-04-02T18-22-20-607296.csv.gz
ev_0058,ev,simulation_feeder_08,3.78,2026-01-15T00:15:00+05:30,2026-01-15T00:53:36+05:30,2.117,1.694,2.432,15,38,2026-01-15T00:53:36+05:30,1.4,3.78,0.1166,0.9258,available,60.32,30.0,33.5,train,time series data/caltech/California_Garage_01/2-39-91-437-2020-08-24T18-46-55-872106.csv.gz
ev_0059,ev,simulation_feeder_09,6.96,2026-01-15T23:00:00+05:30,2026-01-15T23:15:00+05:30,0.266,0.213,1.74,15,15,2026-01-15T23:15:00+05:30,1.4,6.96,0.1498,0.9594,available,67.52,11.9,12.3,train,time series data/caltech/California_Garage_01/2-39-92-442-2019-05-20T17-43-15-395681.csv.gz
ev_0060,ev,simulation_feeder_10,3.5,2026-01-15T01:45:00+05:30,2026-01-15T08:14:36+05:30,6.291,5.033,22.727,15,389,2026-01-15T08:14:36+05:30,1.4,3.5,0.1869,0.8962,available,63.74,36.2,46.1,train,time series data/caltech/California_Garage_01/2-39-91-437-2019-06-04T20-22-54-651011.csv.gz
ev_0061,ev,simulation_feeder_01,22.0,2026-01-15T21:00:00+05:30,2026-01-15T22:46:06.108212+05:30,38.901,31.121,38.904,15,106,2026-01-15T22:46:06.108212+05:30,1.4,22.0,0.0399,0.8606,available,95.38,12.5,53.3,train,time series data/caltech/N_Wilson_Garage_01/2-137-521-3843-2020-09-04T15-31-15-548391.csv.gz
ev_0062,ev,simulation_feeder_02,22.0,2026-01-15T04:45:00+05:30,2026-01-15T05:05:41.714420+05:30,7.588,6.07,7.588,15,20,2026-01-15T05:05:41.714420+05:30,1.4,22.0,0.0925,0.9373,available,74.57,72.4,82.6,train,time series data/caltech/N_Wilson_Garage_01/2-137-521-3845-2020-08-17T23-26-52-243284.csv.gz
ev_0063,ev,simulation_feeder_03,7.19,2026-01-15T08:15:00+05:30,2026-01-15T10:43:33+05:30,14.172,11.338,17.801,15,148,2026-01-15T10:43:33+05:30,1.4,7.19,0.1063,0.9694,available,61.72,47.4,70.4,train,time series data/caltech/California_Garage_01/2-39-139-28-2020-03-14T02-59-38-237351.csv.gz
ev_0064,ev,simulation_feeder_04,3.36,2026-01-15T05:30:00+05:30,2026-01-15T09:50:56+05:30,9.273,7.418,14.612,15,260,2026-01-15T09:50:56+05:30,1.4,3.36,0.0388,0.987,available,93.59,23.8,33.7,train,time series data/caltech/California_Garage_01/2-39-130-31-2020-01-31T00-10-05-351700.csv.gz
ev_0065,ev,simulation_feeder_05,7.12,2026-01-15T00:15:00+05:30,2026-01-15T07:07:12+05:30,34.87,27.896,48.914,15,412,2026-01-15T07:07:12+05:30,1.4,7.12,0.1932,0.9812,available,60.49,14.1,71.7,train,time series data/caltech/California_Garage_01/2-39-127-561-2018-11-15T18-51-02-967755.csv.gz
ev_0066,ev,simulation_feeder_06,6.81,2026-01-15T00:45:00+05:30,2026-01-15T06:29:25+05:30,35.115,28.092,39.091,15,344,2026-01-15T06:29:25+05:30,1.4,6.81,0.1247,0.9368,available,81.97,29.3,72.1,train,time series data/caltech/California_Garage_01/2-39-78-366-2019-10-14T19-26-55-635962.csv.gz
ev_0067,ev,simulation_feeder_07,3.4,2026-01-15T22:00:00+05:30,2026-01-16T07:36:28+05:30,8.577,6.862,32.666,15,576,2026-01-16T07:36:28+05:30,1.4,3.4,0.0253,0.969,available,97.37,13.4,22.2,train,time series data/caltech/California_Garage_02/2-6-3-1368-2019-11-22T16-40-39-737739.csv.gz
ev_0068,ev,simulation_feeder_08,1.79,2026-01-15T08:15:00+05:30,2026-01-15T10:32:28+05:30,0.883,0.706,4.101,15,137,2026-01-15T10:32:28+05:30,1.4,1.79,0.0257,0.9674,available,83.26,34.4,35.5,train,time series data/caltech/California_Garage_01/2-39-139-28-2019-08-10T02-47-25-479383.csv.gz
ev_0069,ev,simulation_feeder_09,1.94,2026-01-15T22:30:00+05:30,2026-01-16T06:53:53+05:30,5.184,4.147,16.292,15,503,2026-01-16T06:53:53+05:30,1.4,1.94,0.1886,0.9737,available,37.74,42.5,56.2,train,time series data/caltech/California_Garage_01/2-39-124-22-2018-05-16T17-06-44-261170.csv.gz
ev_0070,ev,simulation_feeder_10,6.81,2026-01-15T06:30:00+05:30,2026-01-15T08:24:45+05:30,10.162,8.13,13.024,15,114,2026-01-15T08:24:45+05:30,1.4,6.81,0.0298,0.9511,available,38.94,36.4,62.5,train,time series data/caltech/California_Garage_02/2-6-3-1361-2019-06-11T01-11-28-269018.csv.gz
ev_0071,ev,simulation_feeder_01,3.53,2026-01-15T20:45:00+05:30,2026-01-15T21:00:59+05:30,0.889,0.711,0.94,15,15,2026-01-15T21:00:59+05:30,1.4,3.53,0.1435,0.8823,available,61.58,44.1,45.5,train,time series data/caltech/California_Garage_01/2-39-78-361-2018-10-10T15-22-25-035648.csv.gz
ev_0072,ev,simulation_feeder_02,6.36,2026-01-15T21:30:00+05:30,2026-01-16T07:09:25+05:30,13.864,11.091,40.3,15,579,2026-01-16T07:09:25+05:30,1.4,6.36,0.0861,0.9776,available,40.3,21.3,55.7,train,time series data/caltech/California_Garage_01/2-39-79-380-2019-08-27T16-03-35-791038.csv.gz
ev_0073,ev,simulation_feeder_03,6.67,2026-01-15T00:30:00+05:30,2026-01-15T03:56:33+05:30,3.129,2.503,22.961,15,206,2026-01-15T03:56:33+05:30,1.4,6.67,0.1896,0.9216,available,81.15,51.7,55.6,train,time series data/caltech/S_Wilson_Garage_01/2-105-277-1696-2020-11-07T19-04-44-782006.csv.gz
ev_0074,ev,simulation_feeder_04,4.76,2026-01-15T20:45:00+05:30,2026-01-16T00:04:43+05:30,15.142,12.114,15.844,15,199,2026-01-16T00:04:43+05:30,1.4,4.76,0.1745,0.8683,available,58.19,39.6,65.6,train,time series data/office_01/Parking_Lot_01/19-102-260-1639-2020-08-25T15-23-16-617810.csv.gz
ev_0075,ev,simulation_feeder_05,22.0,2026-01-15T03:30:00+05:30,2026-01-15T04:32:34.898321+05:30,22.947,18.358,22.947,15,62,2026-01-15T04:32:34.898321+05:30,1.4,22.0,0.0648,0.9035,available,71.78,28.7,60.7,train,time series data/caltech/N_Wilson_Garage_01/2-137-521-3845-2020-07-26T22-10-25-357951.csv.gz
ev_0076,ev,simulation_feeder_06,6.82,2026-01-15T10:00:00+05:30,2026-01-15T12:22:33+05:30,11.509,9.207,16.203,15,142,2026-01-15T12:22:33+05:30,1.4,6.82,0.1979,0.8993,available,57.1,68.6,88.8,train,time series data/caltech/California_Garage_01/2-39-78-361-2018-07-02T04-44-17-169287.csv.gz
ev_0077,ev,simulation_feeder_07,1.78,2026-01-15T09:15:00+05:30,2026-01-15T09:30:07+05:30,0.436,0.349,0.448,15,15,2026-01-15T09:30:07+05:30,1.4,1.78,0.0875,0.8981,available,93.84,87.5,88.0,train,time series data/caltech/California_Garage_01/2-39-126-20-2019-03-07T03-52-21-824780.csv.gz
ev_0078,ev,simulation_feeder_08,3.33,2026-01-15T15:30:00+05:30,2026-01-15T17:13:48+05:30,5.541,4.433,5.761,15,103,2026-01-15T17:13:48+05:30,1.4,3.33,0.1235,0.8883,available,89.4,25.7,31.9,train,time series data/caltech/California_Garage_02/2-6-3-1368-2018-12-24T10-00-33-861188.csv.gz
ev_0079,ev,simulation_feeder_09,6.59,2026-01-15T01:15:00+05:30,2026-01-15T03:19:48+05:30,2.125,1.7,13.707,15,124,2026-01-15T03:19:48+05:30,1.4,6.59,0.0757,0.8869,available,89.33,86.5,88.9,train,time series data/caltech/California_Garage_01/2-39-88-24-2019-04-15T19-49-51-784134.csv.gz
ev_0080,ev,simulation_feeder_10,3.18,2026-01-15T22:00:00+05:30,2026-01-15T23:08:37+05:30,2.162,1.73,3.637,15,68,2026-01-15T23:08:37+05:30,1.4,3.18,0.0786,0.8771,available,49.24,56.5,60.9,train,time series data/caltech/California_Garage_01/2-39-95-444-2018-07-27T16-31-21-233647.csv.gz
ev_0081,ev,simulation_feeder_01,6.6,2026-01-15T07:30:00+05:30,2026-01-15T08:33:07+05:30,6.836,5.469,6.943,15,63,2026-01-15T08:33:07+05:30,1.4,6.6,0.1134,0.9806,available,83.52,15.4,23.6,train,time series data/caltech/California_Garage_02/2-6-3-1361-2019-10-03T02-03-28-202391.csv.gz
ev_0082,ev,simulation_feeder_02,3.37,2026-01-15T21:45:00+05:30,2026-01-16T06:37:59+05:30,4.905,3.924,29.936,15,532,2026-01-16T06:37:59+05:30,1.4,3.37,0.0646,0.9262,available,35.04,11.6,25.6,train,time series data/caltech/California_Garage_01/2-39-139-28-2019-11-15T16-29-53-838412.csv.gz
ev_0083,ev,simulation_feeder_03,3.33,2026-01-15T17:15:00+05:30,2026-01-16T01:33:37+05:30,12.007,9.606,27.673,15,498,2026-01-16T01:33:37+05:30,1.4,3.33,0.0403,0.8603,available,95.13,58.6,71.2,train,time series data/caltech/California_Garage_01/2-39-79-383-2018-08-15T11-47-45-190568.csv.gz
ev_0084,ev,simulation_feeder_04,6.15,2026-01-15T21:30:00+05:30,2026-01-16T05:06:48+05:30,9.777,7.822,46.822,15,456,2026-01-16T05:06:48+05:30,1.4,6.15,0.2164,0.9128,available,93.99,76.3,86.7,train,time series data/caltech/California_Garage_02/2-6-3-1363-2020-07-30T16-03-02-017416.csv.gz
ev_0085,ev,simulation_feeder_05,7.43,2026-01-15T20:15:00+05:30,2026-01-16T03:41:47+05:30,26.648,21.318,51.16,15,446,2026-01-16T03:41:47+05:30,1.4,7.43,0.1993,0.933,available,51.16,11.0,63.1,train,time series data/caltech/California_Garage_02/2-6-3-1626-2019-07-15T14-50-42-509592.csv.gz
ev_0086,ev,simulation_feeder_06,6.77,2026-01-15T22:45:00+05:30,2026-01-15T23:56:59+05:30,7.809,6.247,8.122,15,71,2026-01-15T23:56:59+05:30,1.4,6.77,0.0836,0.8659,available,67.5,73.8,85.4,train,time series data/caltech/California_Garage_02/2-6-3-1362-2020-09-01T17-27-48-149994.csv.gz
ev_0087,ev,simulation_feeder_07,3.4,2026-01-15T02:30:00+05:30,2026-01-15T04:27:38+05:30,4.827,3.862,6.666,15,117,2026-01-15T04:27:38+05:30,1.4,3.4,0.1385,0.917,available,47.52,74.0,84.2,train,time series data/caltech/California_Garage_01/2-39-123-23-2019-10-05T21-13-37-434872.csv.gz
ev_0088,ev,simulation_feeder_08,3.19,2026-01-15T21:00:00+05:30,2026-01-16T08:36:54+05:30,7.994,6.395,37.052,15,696,2026-01-16T08:36:54+05:30,1.4,3.19,0.1096,0.8834,available,76.12,36.0,46.5,train,time series data/caltech/California_Garage_02/2-6-3-1360-2019-09-26T15-35-55-822532.csv.gz
ev_0089,ev,simulation_feeder_09,3.33,2026-01-15T21:30:00+05:30,2026-01-16T06:06:41+05:30,5.631,4.505,28.676,15,516,2026-01-16T06:06:41+05:30,1.4,3.33,0.1789,0.9462,available,76.75,82.0,89.3,train,time series data/caltech/California_Garage_02/2-6-3-1356-2019-03-07T16-05-09-704653.csv.gz
ev_0090,ev,simulation_feeder_10,6.39,2026-01-15T22:00:00+05:30,2026-01-16T06:39:58+05:30,9.845,7.876,55.376,15,519,2026-01-16T06:39:58+05:30,1.4,6.39,0.1118,0.9316,available,60.67,67.2,83.4,train,time series data/caltech/California_Garage_01/2-39-79-381-2020-03-13T16-39-53-605370.csv.gz
ev_0091,ev,simulation_feeder_01,6.47,2026-01-15T23:45:00+05:30,2026-01-16T07:47:56+05:30,13.988,11.19,52.076,15,482,2026-01-16T07:47:56+05:30,1.4,6.47,0.0775,0.8914,available,83.53,16.1,32.8,train,time series data/caltech/California_Garage_01/2-39-129-563-2018-06-08T18-15-12-083011.csv.gz
ev_0092,ev,simulation_feeder_02,3.56,2026-01-15T22:15:00+05:30,2026-01-16T09:40:30+05:30,15.858,12.686,40.673,15,685,2026-01-16T09:40:30+05:30,1.4,3.56,0.1274,0.8961,available,47.73,32.7,65.9,train,time series data/caltech/California_Garage_01/2-39-131-30-2020-01-21T16-53-22-868241.csv.gz
ev_0093,ev,simulation_feeder_03,3.64,2026-01-15T08:30:00+05:30,2026-01-15T11:20:16+05:30,8.067,6.454,10.33,15,170,2026-01-15T11:20:16+05:30,1.4,3.64,0.0581,0.9486,available,77.89,70.3,80.7,train,time series data/caltech/California_Garage_01/2-39-95-27-2018-11-16T03-12-35-510998.csv.gz
ev_0094,ev,simulation_feeder_04,6.5,2026-01-15T23:30:00+05:30,2026-01-16T05:53:59+05:30,19.942,15.954,41.598,15,383,2026-01-16T05:53:59+05:30,1.4,6.5,0.2128,0.9263,available,77.28,47.3,73.1,train,time series data/caltech/California_Garage_01/2-39-79-381-2018-07-24T18-14-46-134138.csv.gz
ev_0095,ev,simulation_feeder_05,3.49,2026-01-15T06:00:00+05:30,2026-01-15T07:12:42+05:30,2.716,2.173,4.229,15,72,2026-01-15T07:12:42+05:30,1.4,3.49,0.1645,0.9742,available,40.73,57.1,63.8,train,time series data/caltech/California_Garage_01/2-39-79-376-2018-10-29T00-42-15-226109.csv.gz
ev_0096,ev,simulation_feeder_06,22.0,2026-01-15T08:30:00+05:30,2026-01-15T09:00:33.631828+05:30,11.206,8.965,11.206,15,30,2026-01-15T09:00:33.631828+05:30,1.4,22.0,0.1356,0.8948,available,47.25,40.9,64.6,train,time series data/caltech/N_Wilson_Garage_01/2-137-521-3844-2020-07-11T03-04-46-566120.csv.gz
ev_0097,ev,simulation_feeder_07,6.25,2026-01-15T20:00:00+05:30,2026-01-16T08:44:47+05:30,15.94,12.752,74.91,15,764,2026-01-16T08:44:47+05:30,1.4,6.25,0.1595,0.9197,available,74.91,37.5,58.8,train,time series data/caltech/California_Garage_01/2-39-79-377-2018-10-23T14-40-57-721043.csv.gz
ev_0098,ev,simulation_feeder_08,7.01,2026-01-15T05:30:00+05:30,2026-01-15T06:45:18+05:30,4.88,3.904,8.798,15,75,2026-01-15T06:45:18+05:30,1.4,7.01,0.1698,0.8821,available,79.12,75.0,81.2,train,time series data/caltech/California_Garage_01/2-39-79-381-2018-10-06T00-03-22-533838.csv.gz
ev_0099,ev,simulation_feeder_09,7.07,2026-01-15T20:45:00+05:30,2026-01-16T02:50:30+05:30,8.312,6.65,43.068,15,365,2026-01-16T02:50:30+05:30,1.4,7.07,0.0383,0.9547,available,77.22,17.2,28.0,train,time series data/caltech/California_Garage_01/2-39-129-17-2018-10-23T15-22-10-217076.csv.gz
ev_0100,ev,simulation_feeder_10,6.21,2026-01-15T04:15:00+05:30,2026-01-15T05:20:05+05:30,2.189,1.751,6.736,15,65,2026-01-15T05:20:05+05:30,1.4,6.21,0.2129,0.9103,available,38.32,32.8,38.5,train,time series data/jpl/Arroyo_Garage_01/1-1-191-812-2020-08-06T22-49-14-247967.csv.gz
ev_0101,ev,simulation_feeder_01,3.59,2026-01-15T22:15:00+05:30,2026-01-16T06:29:36+05:30,4.159,3.327,29.594,15,494,2026-01-16T06:29:36+05:30,1.4,3.59,0.1718,0.9437,available,37.63,41.0,52.1,train,time series data/caltech/California_Garage_01/2-39-129-17-2018-11-21T16-46-30-003350.csv.gz
ev_0102,ev,simulation_feeder_02,6.06,2026-01-15T20:30:00+05:30,2026-01-16T05:52:22+05:30,8.844,7.075,46.42,15,562,2026-01-16T05:52:22+05:30,1.4,6.06,0.0678,0.9474,available,46.42,14.4,33.5,train,time series data/caltech/California_Garage_02/2-6-3-1364-2020-01-08T15-01-35-618537.csv.gz
ev_0103,ev,simulation_feeder_03,22.0,2026-01-15T05:15:00+05:30,2026-01-15T05:31:36.803809+05:30,6.092,4.874,6.092,15,16,2026-01-15T05:31:36.803809+05:30,1.4,22.0,0.1386,0.9286,available,69.15,17.6,26.4,train,time series data/caltech/N_Wilson_Garage_01/2-137-521-3844-2020-11-30T23-47-59-673124.csv.gz
ev_0104,ev,simulation_feeder_04,6.91,2026-01-15T02:00:00+05:30,2026-01-15T04:28:13+05:30,13.245,10.596,17.07,15,148,2026-01-15T04:28:13+05:30,1.4,6.91,0.0388,0.9601,available,65.85,40.3,60.4,train,time series data/caltech/California_Garage_01/2-39-123-557-2019-10-30T20-44-28-592223.csv.gz
ev_0105,ev,simulation_feeder_05,10.85,2026-01-15T02:15:00+05:30,2026-01-15T03:29:01+05:30,5.82,4.656,13.385,15,74,2026-01-15T03:29:01+05:30,1.4,10.85,0.1403,0.9866,available,59.69,76.6,86.4,train,time series data/caltech/California_Garage_02/2-6-3-1627-2019-05-12T20-46-29-869915.csv.gz
ev_0106,ev,simulation_feeder_06,5.79,2026-01-15T19:30:00+05:30,2026-01-16T00:29:26+05:30,15.911,12.729,28.895,15,299,2026-01-16T00:29:26+05:30,1.4,5.79,0.2006,0.883,available,61.52,46.5,72.4,train,time series data/jpl/Arroyo_Garage_01/1-1-178-823-2020-10-08T14-14-24-939355.csv.gz
ev_0107,ev,simulation_feeder_07,1.65,2026-01-15T01:30:00+05:30,2026-01-15T05:35:15+05:30,6.473,5.178,6.744,15,245,2026-01-15T05:35:15+05:30,1.4,1.65,0.1603,0.934,available,64.0,53.8,63.9,train,time series data/caltech/California_Garage_01/2-39-91-441-2018-09-24T20-04-43-377612.csv.gz
ev_0108,ev,simulation_feeder_08,3.21,2026-01-15T21:45:00+05:30,2026-01-16T05:53:35+05:30,11.978,9.582,26.139,15,488,2026-01-16T05:53:35+05:30,1.4,3.21,0.0226,0.9682,available,62.13,23.5,42.8,train,time series data/caltech/S_Wilson_Garage_01/2-105-277-1697-2019-08-19T16-17-22-520445.csv.gz
ev_0109,ev,simulation_feeder_09,1.74,2026-01-15T10:30:00+05:30,2026-01-15T11:42:19+05:30,0.834,0.667,2.097,15,72,2026-01-15T11:42:19+05:30,1.4,1.74,0.1061,0.9357,available,93.61,23.0,23.9,train,time series data/caltech/California_Garage_01/2-39-131-30-2018-11-08T05-12-00-600588.csv.gz
ev_0110,ev,simulation_feeder_10,7.05,2026-01-15T23:15:00+05:30,2026-01-16T07:44:44+05:30,6.721,5.377,59.894,15,509,2026-01-16T07:44:44+05:30,1.4,7.05,0.0484,0.8732,available,90.49,33.1,40.5,train,time series data/caltech/California_Garage_01/2-39-95-27-2020-01-15T17-59-54-590592.csv.gz
ev_0111,ev,simulation_feeder_01,7.04,2026-01-15T11:45:00+05:30,2026-01-15T13:34:01+05:30,11.04,8.832,12.791,15,109,2026-01-15T13:34:01+05:30,1.4,7.04,0.0921,0.9729,available,91.28,39.2,51.3,train,time series data/caltech/California_Garage_01/2-39-128-18-2018-06-13T06-21-29-027245.csv.gz
ev_0112,ev,simulation_feeder_02,6.58,2026-01-15T04:00:00+05:30,2026-01-15T07:38:26+05:30,2.045,1.636,23.955,15,218,2026-01-15T07:38:26+05:30,1.4,6.58,0.2002,0.9471,available,53.07,19.4,23.3,train,time series data/caltech/California_Garage_02/2-6-3-1369-2020-03-15T22-41-27-763292.csv.gz
ev_0113,ev,simulation_feeder_03,3.34,2026-01-15T04:00:00+05:30,2026-01-15T04:43:17+05:30,2.282,1.826,2.409,15,43,2026-01-15T04:43:17+05:30,1.4,3.34,0.0829,0.8817,available,82.17,48.3,51.1,train,time series data/caltech/California_Garage_01/2-39-90-440-2019-12-13T22-33-33-934982.csv.gz
ev_0114,ev,simulation_feeder_04,6.71,2026-01-15T22:30:00+05:30,2026-01-16T03:10:12+05:30,13.058,10.446,31.336,15,280,2026-01-16T03:10:12+05:30,1.4,6.71,0.0991,0.9561,available,39.62,35.0,68.0,train,time series data/caltech/California_Garage_02/2-6-3-1367-2019-10-04T17-06-35-524384.csv.gz
ev_0115,ev,simulation_feeder_05,6.58,2026-01-15T00:15:00+05:30,2026-01-15T07:45:17+05:30,30.131,24.105,49.381,15,450,2026-01-15T07:45:17+05:30,1.4,6.58,0.1747,0.9627,available,92.94,24.6,57.0,train,time series data/office_01/Parking_Lot_01/19-102-260-1637-2020-01-31T18-50-48-180807.csv.gz
ev_0116,ev,simulation_feeder_06,6.69,2026-01-15T00:45:00+05:30,2026-01-15T08:29:28+05:30,39.883,31.906,51.788,15,464,2026-01-15T08:29:28+05:30,1.4,6.69,0.1926,0.9894,available,71.55,22.2,77.9,train,time series data/caltech/California_Garage_01/2-39-79-383-2019-02-11T19-22-00-442740.csv.gz
ev_0117,ev,simulation_feeder_07,6.77,2026-01-15T06:00:00+05:30,2026-01-15T08:40:28+05:30,12.901,10.321,18.106,15,160,2026-01-15T08:40:28+05:30,1.4,6.77,0.1109,0.9231,available,87.48,60.6,75.3,train,time series data/caltech/California_Garage_01/2-39-78-367-2018-05-27T00-30-06-304103.csv.gz
ev_0118,ev,simulation_feeder_08,1.72,2026-01-15T22:30:00+05:30,2026-01-15T22:45:00+05:30,0.303,0.242,0.43,15,15,2026-01-15T22:45:00+05:30,1.4,1.72,0.1894,0.9361,available,90.19,28.5,28.8,train,time series data/caltech/California_Garage_01/2-39-78-363-2020-02-28T17-07-00-659347.csv.gz
ev_0119,ev,simulation_feeder_09,6.64,2026-01-15T06:30:00+05:30,2026-01-15T06:45:00+05:30,0.775,0.62,1.66,15,15,2026-01-15T06:45:00+05:30,1.4,6.64,0.0928,0.9186,available,39.7,76.3,78.3,train,time series data/caltech/N_Wilson_Garage_01/2-137-441-3003-2020-10-18T01-14-04-304721.csv.gz
ev_0120,ev,simulation_feeder_10,4.22,2026-01-15T02:00:00+05:30,2026-01-15T04:02:28+05:30,0.824,0.659,8.613,15,122,2026-01-15T04:02:28+05:30,1.4,4.22,0.1029,0.9241,available,70.76,75.9,77.1,train,time series data/caltech/California_Garage_02/2-6-3-1360-2019-04-22T20-42-25-903149.csv.gz
ev_0121,ev,simulation_feeder_01,3.19,2026-01-15T20:15:00+05:30,2026-01-16T07:05:21+05:30,5.272,4.218,34.577,15,650,2026-01-16T07:05:21+05:30,1.4,3.19,0.1843,0.9883,available,49.15,14.4,25.1,train,time series data/jpl/Arroyo_Garage_01/1-1-194-818-2020-08-19T14-47-21-979458.csv.gz
ev_0122,ev,simulation_feeder_02,3.32,2026-01-15T12:15:00+05:30,2026-01-15T14:01:28+05:30,5.444,4.355,5.891,15,106,2026-01-15T14:01:28+05:30,1.4,3.32,0.2102,0.9299,available,49.66,56.8,67.8,train,time series data/caltech/California_Garage_02/2-6-3-1357-2019-11-05T06-46-10-525145.csv.gz
ev_0123,ev,simulation_feeder_03,6.97,2026-01-15T22:00:00+05:30,2026-01-16T06:09:14+05:30,8.935,7.148,56.833,15,489,2026-01-16T06:09:14+05:30,1.4,6.97,0.2099,0.9685,available,84.16,71.4,82.0,train,time series data/caltech/California_Garage_01/2-39-125-559-2018-10-29T16-43-06-245283.csv.gz
ev_0124,ev,simulation_feeder_04,1.72,2026-01-15T21:15:00+05:30,2026-01-16T06:35:29+05:30,0.902,0.722,16.067,15,560,2026-01-16T06:35:29+05:30,1.4,1.72,0.2043,0.9414,available,99.52,84.9,85.8,train,time series data/caltech/California_Garage_01/2-39-78-367-2019-08-29T15-59-51-928836.csv.gz
ev_0125,ev,simulation_feeder_05,3.42,2026-01-15T11:00:00+05:30,2026-01-15T13:15:22+05:30,5.051,4.041,7.716,15,135,2026-01-15T13:15:22+05:30,1.4,3.42,0.1316,0.9592,available,67.85,38.1,45.5,train,time series data/jpl/Arroyo_Garage_01/1-1-178-823-2020-09-09T05-33-08-988672.csv.gz
ev_0126,ev,simulation_feeder_06,6.45,2026-01-15T20:15:00+05:30,2026-01-16T02:13:47+05:30,8.29,6.632,38.569,15,358,2026-01-16T02:13:47+05:30,1.4,6.45,0.0486,0.908,available,88.56,24.0,33.4,train,time series data/caltech/California_Garage_02/2-6-3-1357-2019-02-08T14-56-25-014701.csv.gz
ev_0127,ev,simulation_feeder_07,1.71,2026-01-15T02:00:00+05:30,2026-01-15T07:24:14+05:30,0.973,0.778,9.241,15,324,2026-01-15T07:24:14+05:30,1.4,1.71,0.1712,0.9267,available,69.37,54.6,56.0,train,time series data/caltech/California_Garage_01/2-39-79-381-2019-06-12T20-42-28-085611.csv.gz
ev_0128,ev,simulation_feeder_08,6.58,2026-01-15T23:00:00+05:30,2026-01-16T06:53:57+05:30,5.726,4.581,51.977,15,473,2026-01-16T06:53:57+05:30,1.4,6.58,0.0914,0.9486,available,96.28,30.0,35.9,train,time series data/caltech/California_Garage_01/2-39-123-23-2020-02-26T17-42-18-436824.csv.gz
ev_0129,ev,simulation_feeder_09,6.0,2026-01-15T22:00:00+05:30,2026-01-16T05:10:19+05:30,12.383,9.906,43.032,15,430,2026-01-16T05:10:19+05:30,1.4,6.0,0.0376,0.9683,available,66.46,21.3,39.9,train,time series data/caltech/California_Garage_02/2-6-3-1356-2018-12-11T16-39-01-358130.csv.gz
ev_0130,ev,simulation_feeder_10,11.05,2026-01-15T00:45:00+05:30,2026-01-15T07:11:13+05:30,17.771,14.217,53.25,15,386,2026-01-15T07:11:13+05:30,1.4,11.05,0.0922,0.8647,available,53.25,24.2,57.6,train,time series data/caltech/California_Garage_02/2-6-3-1625-2020-04-26T19-15-44-896045.csv.gz
ev_0131,ev,simulation_feeder_01,8.35,2026-01-15T21:30:00+05:30,2026-01-15T23:27:21+05:30,16.12,12.896,16.331,15,117,2026-01-15T23:27:21+05:30,1.4,8.35,0.1399,0.9507,available,38.24,17.4,59.6,train,time series data/caltech/California_Garage_02/2-6-3-1361-2019-01-09T16-14-45-468299.csv.gz
ev_0132,ev,simulation_feeder_02,10.82,2026-01-15T06:15:00+05:30,2026-01-15T10:11:26+05:30,41.259,33.007,42.637,15,236,2026-01-15T10:11:26+05:30,1.4,10.82,0.0426,0.966,available,63.56,11.0,75.9,train,time series data/caltech/California_Garage_02/2-6-3-1632-2020-02-19T00-56-14-951436.csv.gz
ev_0133,ev,simulation_feeder_03,5.93,2026-01-15T18:45:00+05:30,2026-01-16T01:54:48+05:30,13.437,10.75,42.46,15,429,2026-01-16T01:54:48+05:30,1.4,5.93,0.1582,0.9134,available,42.46,51.5,83.1,train,time series data/jpl/Arroyo_Garage_01/1-1-193-827-2020-08-11T13-25-35-868780.csv.gz
ev_0134,ev,simulation_feeder_04,6.47,2026-01-15T21:15:00+05:30,2026-01-16T02:21:27+05:30,31.412,25.13,33.046,15,306,2026-01-16T02:21:27+05:30,1.4,6.47,0.1312,0.9757,available,76.13,30.1,71.4,train,time series data/jpl/Arroyo_Garage_01/1-1-193-825-2020-10-09T15-49-58-131314.csv.gz
ev_0135,ev,simulation_feeder_05,3.32,2026-01-15T20:45:00+05:30,2026-01-16T04:32:44+05:30,5.71,4.568,25.881,15,467,2026-01-16T04:32:44+05:30,1.4,3.32,0.0427,0.8654,available,99.62,55.3,61.0,train,time series data/caltech/California_Garage_02/2-6-3-1363-2020-03-13T15-16-12-307776.csv.gz
ev_0136,ev,simulation_feeder_06,6.61,2026-01-15T03:00:00+05:30,2026-01-15T04:29:55+05:30,3.978,3.182,9.906,15,89,2026-01-15T04:29:55+05:30,1.4,6.61,0.1149,0.9796,available,85.3,69.7,74.4,train,time series data/caltech/California_Garage_01/2-39-92-436-2019-05-21T21-36-10-980237.csv.gz
ev_0137,ev,simulation_feeder_07,6.44,2026-01-15T01:15:00+05:30,2026-01-15T08:48:39+05:30,13.285,10.628,48.692,15,453,2026-01-15T08:48:39+05:30,1.4,6.44,0.1296,0.9546,available,82.25,55.9,72.1,train,time series data/caltech/California_Garage_01/2-39-79-377-2018-09-10T19-53-06-772831.csv.gz
ev_0138,ev,simulation_feeder_08,7.07,2026-01-15T23:15:00+05:30,2026-01-16T01:02:58+05:30,11.747,9.398,12.722,15,107,2026-01-16T01:02:58+05:30,1.4,7.07,0.073,0.9249,available,83.42,71.8,85.9,train,time series data/caltech/California_Garage_01/2-39-123-557-2018-09-22T17-52-13-090916.csv.gz
ev_0139,ev,simulation_feeder_09,9.14,2026-01-15T20:30:00+05:30,2026-01-16T01:18:11+05:30,26.652,21.322,43.9,15,288,2026-01-16T01:18:11+05:30,1.4,9.14,0.0577,0.9262,available,72.17,17.6,54.5,train,time series data/caltech/California_Garage_02/2-6-3-1627-2019-09-06T15-09-32-395768.csv.gz
ev_0140,ev,simulation_feeder_10,7.33,2026-01-15T06:45:00+05:30,2026-01-15T07:41:39+05:30,6.66,5.328,6.921,15,56,2026-01-15T07:41:39+05:30,1.4,7.33,0.0329,0.8783,available,64.84,16.0,26.3,train,time series data/caltech/California_Garage_02/2-6-3-1624-2019-10-30T01-27-28-620095.csv.gz
ev_0141,ev,simulation_feeder_01,2.34,2026-01-15T21:45:00+05:30,2026-01-18T08:53:07+05:30,0.549,0.439,73.07,15,3548,2026-01-18T08:53:07+05:30,1.4,2.34,0.2128,0.9692,available,73.07,55.5,56.3,train,time series data/caltech/S_Wilson_Garage_01/2-105-277-1696-2019-05-06T16-19-35-737320.csv.gz
ev_0142,ev,simulation_feeder_02,5.09,2026-01-15T22:30:00+05:30,2026-01-16T07:38:57+05:30,12.231,9.785,46.569,15,548,2026-01-16T07:38:57+05:30,1.4,5.09,0.176,0.9859,available,99.2,74.9,87.2,train,time series data/caltech/California_Garage_01/2-39-78-363-2018-06-08T17-03-25-889206.csv.gz
ev_0143,ev,simulation_feeder_03,1.73,2026-01-15T05:45:00+05:30,2026-01-15T06:00:00+05:30,0.014,0.011,0.432,15,15,2026-01-15T06:00:00+05:30,1.4,1.73,0.1839,0.9315,available,87.31,32.3,32.3,train,time series data/caltech/California_Garage_01/2-39-125-21-2018-11-03T00-19-52-440337.csv.gz
ev_0144,ev,simulation_feeder_04,2.33,2026-01-15T07:15:00+05:30,2026-01-15T07:59:59+05:30,1.622,1.298,1.747,15,44,2026-01-15T07:59:59+05:30,1.4,2.33,0.1431,0.9762,available,90.09,43.9,45.7,train,time series data/caltech/California_Garage_01/2-39-83-387-2018-07-19T01-49-25-989123.csv.gz
ev_0145,ev,simulation_feeder_05,3.31,2026-01-15T19:45:00+05:30,2026-01-16T01:38:05+05:30,8.124,6.499,19.478,15,353,2026-01-16T01:38:05+05:30,1.4,3.31,0.1443,0.9832,available,49.33,20.0,36.5,train,time series data/jpl/Arroyo_Garage_01/1-1-178-828-2020-11-10T14-17-58-115329.csv.gz
ev_0146,ev,simulation_feeder_06,5.86,2026-01-15T21:30:00+05:30,2026-01-16T05:41:01+05:30,8.06,6.448,47.956,15,491,2026-01-16T05:41:01+05:30,1.4,5.86,0.0237,0.8803,available,61.64,76.4,89.5,train,time series data/caltech/California_Garage_01/2-39-90-26-2018-09-05T16-11-40-461414.csv.gz
ev_0147,ev,simulation_feeder_07,1.4,2026-01-15T11:15:00+05:30,2026-01-15T11:30:00+05:30,0.35,0.28,0.35,15,15,2026-01-15T11:30:00+05:30,1.4,1.4,0.1534,0.9274,available,75.73,21.1,21.6,train,time series data/caltech/N_Wilson_Garage_01/2-137-440-2993-2020-11-06T05-59-35-988454.csv.gz
ev_0148,ev,simulation_feeder_08,6.63,2026-01-15T22:15:00+05:30,2026-01-16T06:08:52+05:30,4.438,3.55,52.362,15,473,2026-01-16T06:08:52+05:30,1.4,6.63,0.2071,0.8722,available,69.5,24.6,31.0,train,time series data/caltech/California_Garage_01/2-39-130-564-2018-11-06T16-57-17-679856.csv.gz
ev_0149,ev,simulation_feeder_09,7.02,2026-01-15T01:30:00+05:30,2026-01-15T08:45:29+05:30,22.382,17.906,50.952,15,435,2026-01-15T08:45:29+05:30,1.4,7.02,0.1626,0.8944,available,64.94,23.4,57.9,train,time series data/caltech/California_Garage_01/2-39-123-23-2020-01-07T20-11-49-110350.csv.gz
ev_0150,ev,simulation_feeder_10,7.0,2026-01-15T20:45:00+05:30,2026-01-16T04:05:53+05:30,16.916,13.533,51.436,15,440,2026-01-16T04:05:53+05:30,1.4,7.0,0.082,0.9336,available,96.3,48.3,65.9,train,time series data/caltech/California_Garage_01/2-39-79-379-2019-08-09T15-28-20-089063.csv.gz
ev_0151,ev,simulation_feeder_01,3.32,2026-01-15T13:45:00+05:30,2026-01-15T16:57:51+05:30,5.574,4.459,10.671,15,192,2026-01-15T16:57:51+05:30,1.4,3.32,0.1144,0.9709,available,99.2,77.4,83.0,train,time series data/caltech/California_Garage_02/2-6-3-1368-2018-12-30T08-25-38-593591.csv.gz
ev_0152,ev,simulation_feeder_02,6.67,2026-01-15T19:30:00+05:30,2026-01-16T04:58:54+05:30,13.213,10.57,55.26,15,568,2026-01-16T04:58:54+05:30,1.4,6.67,0.0415,0.969,available,55.26,25.2,49.1,train,time series data/caltech/California_Garage_01/2-39-78-362-2018-09-11T14-08-01-150314.csv.gz
ev_0153,ev,simulation_feeder_03,3.33,2026-01-15T06:00:00+05:30,2026-01-15T07:31:36+05:30,5.041,4.033,5.084,15,91,2026-01-15T07:31:36+05:30,1.4,3.33,0.1063,0.9827,available,97.08,65.0,70.2,train,time series data/caltech/California_Garage_02/2-6-3-1360-2020-03-02T00-31-32-287101.csv.gz
ev_0154,ev,simulation_feeder_04,7.3,2026-01-15T21:00:00+05:30,2026-01-16T04:22:34+05:30,23.936,19.149,53.846,15,442,2026-01-16T04:22:34+05:30,1.4,7.3,0.0792,0.9506,available,92.64,54.2,80.0,train,time series data/caltech/California_Garage_02/2-6-3-1632-2019-08-23T15-44-40-172457.csv.gz
ev_0155,ev,simulation_feeder_05,3.37,2026-01-15T22:00:00+05:30,2026-01-16T07:40:08+05:30,5.908,4.726,32.584,15,580,2026-01-16T07:40:08+05:30,1.4,3.37,0.156,0.9367,available,86.38,72.2,79.0,train,time series data/caltech/California_Garage_01/2-39-139-28-2019-12-12T16-40-33-762876.csv.gz
ev_0156,ev,simulation_feeder_06,3.25,2026-01-15T20:45:00+05:30,2026-01-16T06:38:24+05:30,8.666,6.933,32.142,15,593,2026-01-16T06:38:24+05:30,1.4,3.25,0.2127,0.9738,available,46.91,65.0,83.5,train,time series data/jpl/Arroyo_Garage_01/1-1-194-821-2020-10-29T15-27-14-882354.csv.gz
ev_0157,ev,simulation_feeder_07,3.4,2026-01-15T21:15:00+05:30,2026-01-16T05:47:30+05:30,5.662,4.53,29.042,15,512,2026-01-16T05:47:30+05:30,1.4,3.4,0.2024,0.9476,available,83.93,79.4,86.1,train,time series data/caltech/California_Garage_02/2-6-3-1365-2019-09-11T15-54-41-917437.csv.gz
ev_0158,ev,simulation_feeder_08,3.58,2026-01-15T08:00:00+05:30,2026-01-15T09:33:31+05:30,5.424,4.339,5.58,15,93,2026-01-15T09:33:31+05:30,1.4,3.58,0.0416,0.9341,available,69.87,64.6,72.4,train,time series data/caltech/California_Garage_01/2-39-89-25-2020-01-05T02-30-56-509870.csv.gz
ev_0159,ev,simulation_feeder_09,1.75,2026-01-15T04:30:00+05:30,2026-01-15T04:46:02+05:30,0.447,0.358,0.468,15,16,2026-01-15T04:46:02+05:30,1.4,1.75,0.1497,0.8826,available,85.43,60.8,61.3,train,time series data/caltech/California_Garage_01/2-39-79-380-2020-02-13T23-02-03-794716.csv.gz
ev_0160,ev,simulation_feeder_10,6.09,2026-01-15T19:00:00+05:30,2026-01-16T03:13:14+05:30,17.583,14.066,50.063,15,493,2026-01-16T03:13:14+05:30,1.4,6.09,0.0225,0.8924,available,69.86,29.5,54.7,train,time series data/caltech/California_Garage_02/2-6-3-1359-2019-08-30T13-34-52-737436.csv.gz
ev_0161,ev,simulation_feeder_01,7.12,2026-01-15T21:45:00+05:30,2026-01-16T05:57:29+05:30,14.402,11.522,58.441,15,492,2026-01-16T05:57:29+05:30,1.4,7.12,0.153,0.8952,available,75.72,66.9,85.9,train,time series data/caltech/California_Garage_02/2-6-3-1625-2020-02-14T16-18-37-056885.csv.gz
ev_0162,ev,simulation_feeder_02,22.0,2026-01-15T09:00:00+05:30,2026-01-15T10:08:05.926453+05:30,24.97,19.976,24.97,15,68,2026-01-15T10:08:05.926453+05:30,1.4,22.0,0.1183,0.9671,available,93.5,14.5,41.2,train,time series data/caltech/N_Wilson_Garage_01/2-137-521-3842-2020-11-16T03-41-22-544399.csv.gz
ev_0163,ev,simulation_feeder_03,6.99,2026-01-15T08:30:00+05:30,2026-01-15T09:13:25+05:30,4.699,3.759,5.058,15,43,2026-01-15T09:13:25+05:30,1.4,6.99,0.1409,0.9555,available,63.98,10.6,17.9,train,time series data/caltech/California_Garage_01/2-39-124-22-2018-08-03T03-14-17-150361.csv.gz
ev_0164,ev,simulation_feeder_04,3.31,2026-01-15T21:15:00+05:30,2026-01-16T01:51:35+05:30,5.7,4.56,15.258,15,276,2026-01-16T01:51:35+05:30,1.4,3.31,0.1404,0.9767,available,42.78,67.7,81.0,train,time series data/jpl/Arroyo_Garage_01/1-1-194-826-2020-11-19T15-54-35-640528.csv.gz
ev_0165,ev,simulation_feeder_05,3.31,2026-01-15T07:00:00+05:30,2026-01-15T09:19:23+05:30,5.299,4.239,7.689,15,139,2026-01-15T09:19:23+05:30,1.4,3.31,0.1753,0.9259,available,61.49,57.3,65.9,train,time series data/caltech/S_Wilson_Garage_01/2-105-277-1697-2019-09-30T01-32-46-620308.csv.gz
ev_0166,ev,simulation_feeder_06,3.44,2026-01-15T04:00:00+05:30,2026-01-15T06:02:26+05:30,5.252,4.202,7.02,15,122,2026-01-15T06:02:26+05:30,1.4,3.44,0.0473,0.9178,available,58.08,39.7,48.7,train,time series data/caltech/California_Garage_01/2-39-95-27-2019-05-04T22-30-19-831562.csv.gz
ev_0167,ev,simulation_feeder_07,22.0,2026-01-15T20:45:00+05:30,2026-01-15T21:40:39.388765+05:30,4.955,3.964,20.407,15,55,2026-01-15T21:40:39.388765+05:30,1.4,22.0,0.1724,0.9508,available,80.47,31.8,38.0,train,time series data/caltech/N_Wilson_Garage_01/2-137-521-3844-2020-08-03T15-24-53-427636.csv.gz
ev_0168,ev,simulation_feeder_08,3.54,2026-01-15T23:00:00+05:30,2026-01-16T01:36:07+05:30,5.214,4.171,9.211,15,156,2026-01-16T01:36:07+05:30,1.4,3.54,0.0885,0.8924,available,66.19,19.6,27.5,train,time series data/caltech/California_Garage_01/2-39-79-381-2019-01-30T17-44-26-948363.csv.gz
ev_0169,ev,simulation_feeder_09,3.32,2026-01-15T21:00:00+05:30,2026-01-16T05:13:05+05:30,2.795,2.236,27.284,15,493,2026-01-16T05:13:05+05:30,1.4,3.32,0.1317,0.9018,available,52.98,14.4,19.7,train,time series data/caltech/California_Garage_02/2-6-3-1356-2019-03-21T15-29-59-721526.csv.gz
ev_0170,ev,simulation_feeder_10,6.53,2026-01-15T19:15:00+05:30,2026-01-16T03:17:28+05:30,36.647,29.318,52.508,15,482,2026-01-16T03:17:28+05:30,1.4,6.53,0.1847,0.9211,available,92.62,46.1,85.7,train,time series data/jpl/Arroyo_Garage_01/1-1-193-825-2020-06-29T13-54-57-458544.csv.gz
ev_0171,ev,simulation_feeder_01,1.71,2026-01-15T02:00:00+05:30,2026-01-15T07:36:11+05:30,0.687,0.55,9.581,15,336,2026-01-15T07:36:11+05:30,1.4,1.71,0.1701,0.9099,available,62.9,48.7,49.8,train,time series data/caltech/California_Garage_01/2-39-78-361-2019-02-05T20-38-56-911425.csv.gz
ev_0172,ev,simulation_feeder_02,6.39,2026-01-15T08:15:00+05:30,2026-01-15T10:24:27+05:30,13.202,10.562,13.786,15,129,2026-01-15T10:24:27+05:30,1.4,6.39,0.0719,0.9127,available,75.16,40.6,58.2,train,time series data/caltech/California_Garage_01/2-39-88-24-2019-10-24T02-50-44-831476.csv.gz
ev_0173,ev,simulation_feeder_03,6.47,2026-01-15T20:45:00+05:30,2026-01-16T03:50:27+05:30,35.748,28.598,45.878,15,425,2026-01-16T03:50:27+05:30,1.4,6.47,0.1728,0.9431,available,61.18,20.1,78.5,train,time series data/jpl/Arroyo_Garage_01/1-1-194-822-2020-09-30T15-20-58-339206.csv.gz
ev_0174,ev,simulation_feeder_04,6.26,2026-01-15T03:30:00+05:30,2026-01-15T04:53:57+05:30,4.242,3.394,8.759,15,83,2026-01-15T04:53:57+05:30,1.4,6.26,0.0905,0.9742,available,76.67,18.8,24.3,train,time series data/caltech/California_Garage_01/2-39-127-19-2018-05-29T22-08-17-929169.csv.gz
ev_0175,ev,simulation_feeder_05,11.47,2026-01-15T03:15:00+05:30,2026-01-15T05:04:09+05:30,18.723,14.978,20.866,15,109,2026-01-15T05:04:09+05:30,1.4,11.47,0.0478,0.9608,available,48.72,34.9,73.3,train,time series data/caltech/California_Garage_02/2-6-3-1631-2019-04-06T21-44-33-943717.csv.gz
ev_0176,ev,simulation_feeder_06,6.75,2026-01-15T01:00:00+05:30,2026-01-15T07:28:36+05:30,19.334,15.467,39.7,15,388,2026-01-15T07:28:36+05:30,1.4,6.75,0.1607,0.9474,available,39.7,18.6,67.3,train,time series data/caltech/California_Garage_02/2-6-3-1366-2019-10-28T19-39-03-274891.csv.gz
ev_0177,ev,simulation_feeder_07,3.34,2026-01-15T06:45:00+05:30,2026-01-15T07:18:26+05:30,1.49,1.192,1.861,15,33,2026-01-15T07:18:26+05:30,1.4,3.34,0.0464,0.8684,available,72.08,39.4,41.5,train,time series data/caltech/N_Wilson_Garage_01/2-137-440-2988-2020-10-18T01-25-14-150560.csv.gz
ev_0178,ev,simulation_feeder_08,7.49,2026-01-15T10:00:00+05:30,2026-01-15T10:58:51+05:30,7.116,5.693,7.346,15,58,2026-01-15T10:58:51+05:30,1.4,7.49,0.2069,0.942,available,84.37,43.7,52.1,train,time series data/caltech/California_Garage_02/2-6-3-1628-2019-09-11T04-40-29-047170.csv.gz
ev_0179,ev,simulation_feeder_09,3.65,2026-01-15T13:45:00+05:30,2026-01-15T19:05:54+05:30,11.095,8.876,19.521,15,320,2026-01-15T19:05:54+05:30,1.4,3.65,0.1135,0.8879,available,44.0,25.5,50.7,train,time series data/caltech/California_Garage_01/2-39-128-562-2018-05-15T08-21-22-000001.csv.gz
ev_0180,ev,simulation_feeder_10,3.33,2026-01-15T21:45:00+05:30,2026-01-16T07:01:05+05:30,7.91,6.328,30.863,15,556,2026-01-16T07:01:05+05:30,1.4,3.33,0.0211,0.9295,available,58.0,61.7,75.3,train,time series data/caltech/S_Wilson_Garage_01/2-105-277-1698-2020-10-27T16-21-45-308873.csv.gz
ev_0181,ev,simulation_feeder_01,11.08,2026-01-15T02:30:00+05:30,2026-01-15T03:31:31+05:30,5.7,4.56,11.36,15,61,2026-01-15T03:31:31+05:30,1.4,11.08,0.041,0.8907,available,65.58,30.1,38.8,train,time series data/caltech/California_Garage_02/2-6-3-1629-2019-07-07T21-09-13-090002.csv.gz
ev_0182,ev,simulation_feeder_02,2.17,2026-01-15T01:15:00+05:30,2026-01-15T09:00:17+05:30,1.887,1.51,16.828,15,465,2026-01-15T09:00:17+05:30,1.4,2.17,0.1868,0.917,available,52.52,36.4,40.0,train,time series data/caltech/California_Garage_02/2-6-3-1362-2020-07-31T19-46-41-029324.csv.gz
ev_0183,ev,simulation_feeder_03,3.57,2026-01-15T22:15:00+05:30,2026-01-16T00:24:27+05:30,5.269,4.215,7.702,15,129,2026-01-16T00:24:27+05:30,1.4,3.57,0.1302,0.9521,available,64.22,40.6,48.8,train,time series data/caltech/California_Garage_01/2-39-89-25-2018-12-30T16-49-18-209992.csv.gz
ev_0184,ev,simulation_feeder_04,6.97,2026-01-15T04:30:00+05:30,2026-01-15T07:20:23+05:30,10.738,8.59,19.793,15,170,2026-01-15T07:20:23+05:30,1.4,6.97,0.0771,0.9791,available,82.48,60.2,73.2,train,time series data/caltech/California_Garage_01/2-39-131-30-2018-10-30T23-00-08-715021.csv.gz
ev_0185,ev,simulation_feeder_05,3.56,2026-01-15T22:00:00+05:30,2026-01-16T06:50:17+05:30,14.019,11.215,31.463,15,530,2026-01-16T06:50:17+05:30,1.4,3.56,0.2066,0.8809,available,51.06,46.7,74.2,train,time series data/caltech/California_Garage_01/2-39-79-376-2019-10-04T16-30-48-871892.csv.gz
ev_0186,ev,simulation_feeder_06,6.59,2026-01-15T21:30:00+05:30,2026-01-16T05:50:46+05:30,26.309,21.047,55.001,15,500,2026-01-16T05:50:46+05:30,1.4,6.59,0.0411,0.9022,available,79.21,40.4,73.6,train,time series data/caltech/N_Wilson_Garage_01/2-137-440-2988-2020-09-14T16-11-20-751555.csv.gz
ev_0187,ev,simulation_feeder_07,6.86,2026-01-15T21:30:00+05:30,2026-01-16T13:12:49+05:30,10.972,8.778,99.57,15,942,2026-01-16T13:12:49+05:30,1.4,6.86,0.1356,0.8835,available,99.57,67.1,78.1,train,time series data/caltech/California_Garage_01/2-39-91-441-2019-08-22T16-07-52-664706.csv.gz
ev_0188,ev,simulation_feeder_08,6.69,2026-01-15T02:15:00+05:30,2026-01-15T03:41:42+05:30,8.381,6.705,9.667,15,86,2026-01-15T03:41:42+05:30,1.4,6.69,0.1566,0.9119,available,48.83,55.5,72.7,train,time series data/caltech/California_Garage_01/2-39-78-365-2019-10-10T20-50-29-114840.csv.gz
ev_0189,ev,simulation_feeder_09,6.9,2026-01-15T22:15:00+05:30,2026-01-16T05:53:57+05:30,25.989,20.791,52.779,15,458,2026-01-16T05:53:57+05:30,1.4,6.9,0.2122,0.9508,available,56.46,43.8,89.8,train,time series data/caltech/California_Garage_01/2-39-78-362-2020-01-13T16-47-52-309348.csv.gz
ev_0190,ev,simulation_feeder_10,6.83,2026-01-15T20:45:00+05:30,2026-01-16T02:05:12+05:30,2.147,1.718,36.449,15,320,2026-01-16T02:05:12+05:30,1.4,6.83,0.207,0.9059,available,85.88,46.1,48.6,train,time series data/caltech/California_Garage_01/2-39-78-366-2018-11-26T15-17-14-646034.csv.gz
ev_0191,ev,simulation_feeder_01,6.83,2026-01-15T19:15:00+05:30,2026-01-16T01:28:58+05:30,15.522,12.418,42.57,15,373,2026-01-16T01:28:58+05:30,1.4,6.83,0.1494,0.972,available,71.26,57.7,79.5,train,time series data/caltech/California_Garage_01/2-39-91-441-2018-06-06T13-58-34-171978.csv.gz
ev_0192,ev,simulation_feeder_02,9.08,2026-01-15T20:45:00+05:30,2026-01-15T21:00:00+05:30,1.675,1.34,2.27,15,15,2026-01-15T21:00:00+05:30,1.4,9.08,0.0291,0.964,available,66.88,37.1,39.6,train,time series data/caltech/California_Garage_02/2-6-3-1627-2019-12-14T15-24-43-009575.csv.gz
ev_0193,ev,simulation_feeder_03,7.02,2026-01-15T22:30:00+05:30,2026-01-16T07:47:05+05:30,7.137,5.71,65.179,15,557,2026-01-16T07:47:05+05:30,1.4,7.02,0.1708,0.8643,available,75.49,32.1,41.6,train,time series data/caltech/California_Garage_01/2-39-88-438-2019-09-03T17-01-22-357902.csv.gz
ev_0194,ev,simulation_feeder_04,10.21,2026-01-15T21:30:00+05:30,2026-01-16T07:40:08+05:30,34.242,27.394,50.89,15,610,2026-01-16T07:40:08+05:30,1.4,10.21,0.0358,0.912,available,50.89,16.7,84.0,train,time series data/caltech/California_Garage_02/2-6-3-1360-2019-03-07T16-02-40-963804.csv.gz
ev_0195,ev,simulation_feeder_05,3.56,2026-01-15T05:30:00+05:30,2026-01-15T05:46:55+05:30,0.924,0.739,1.004,15,16,2026-01-15T05:46:55+05:30,1.4,3.56,0.0369,0.9098,available,99.61,77.3,78.2,train,time series data/caltech/California_Garage_01/2-39-78-360-2018-08-01T00-10-57-769743.csv.gz
ev_0196,ev,simulation_feeder_06,22.0,2026-01-15T11:15:00+05:30,2026-01-15T12:25:57.589110+05:30,26.019,20.815,26.019,15,70,2026-01-15T12:25:57.589110+05:30,1.4,22.0,0.0277,0.9029,available,93.15,37.5,65.4,train,time series data/caltech/N_Wilson_Garage_01/2-137-521-3844-2020-07-03T05-58-35-098621.csv.gz
ev_0197,ev,simulation_feeder_07,3.38,2026-01-15T06:30:00+05:30,2026-01-15T10:40:00+05:30,13.888,11.11,14.083,15,250,2026-01-15T10:40:00+05:30,1.4,3.38,0.0303,0.9392,available,95.99,41.8,56.3,train,time series data/caltech/California_Garage_02/2-6-3-1357-2019-09-20T01-00-42-662992.csv.gz
ev_0198,ev,simulation_feeder_08,3.25,2026-01-15T03:00:00+05:30,2026-01-15T07:12:08+05:30,11.366,9.093,13.657,15,252,2026-01-15T07:12:08+05:30,1.4,3.25,0.106,0.9741,available,88.69,37.0,49.8,train,time series data/caltech/S_Wilson_Garage_01/2-105-277-1696-2020-08-04T21-41-52-820053.csv.gz
ev_0199,ev,simulation_feeder_09,7.13,2026-01-15T04:45:00+05:30,2026-01-15T05:55:05+05:30,7.844,6.275,8.328,15,70,2026-01-15T05:55:05+05:30,1.4,7.13,0.2071,0.8733,available,48.64,20.8,36.9,train,time series data/caltech/California_Garage_01/2-39-88-24-2018-09-23T23-21-36-858311.csv.gz
ev_0200,ev,simulation_feeder_10,3.5,2026-01-15T03:45:00+05:30,2026-01-15T07:32:23+05:30,7.129,5.703,13.264,15,227,2026-01-15T07:32:23+05:30,1.4,3.5,0.1797,0.9666,available,65.38,50.5,61.4,train,time series data/caltech/California_Garage_02/2-6-3-1629-2020-09-21T22-23-39-636521.csv.gz
ev_0201,ev,simulation_feeder_01,3.57,2026-01-15T20:30:00+05:30,2026-01-16T05:50:46+05:30,3.186,2.549,33.366,15,560,2026-01-16T05:50:46+05:30,1.4,3.57,0.2191,0.9205,available,48.63,49.6,56.2,train,time series data/caltech/California_Garage_01/2-39-78-362-2018-07-24T15-13-09-229765.csv.gz
ev_0202,ev,simulation_feeder_02,6.82,2026-01-15T10:45:00+05:30,2026-01-15T12:25:17+05:30,4.197,3.358,11.399,15,100,2026-01-15T12:25:17+05:30,1.4,6.82,0.06,0.8852,available,57.56,79.1,86.4,train,time series data/caltech/California_Garage_01/2-39-78-361-2018-06-27T05-28-05-637533.csv.gz
ev_0203,ev,simulation_feeder_03,18.0,2026-01-15T18:30:00+05:30,2026-01-15T18:51:53+05:30,6.34,5.072,6.565,15,21,2026-01-15T18:51:53+05:30,1.4,18.0,0.1434,0.9216,available,66.63,23.3,32.8,train,time series data/caltech/California_Garage_02/2-6-3-1630-2019-04-07T13-02-21-582804.csv.gz
ev_0204,ev,simulation_feeder_04,6.54,2026-01-15T06:00:00+05:30,2026-01-15T06:15:00+05:30,0.209,0.167,1.635,15,15,2026-01-15T06:15:00+05:30,1.4,6.54,0.1069,0.9069,available,48.87,53.9,54.3,train,time series data/caltech/N_Wilson_Garage_01/2-137-440-3987-2020-09-26T00-32-45-550980.csv.gz
ev_0205,ev,simulation_feeder_05,1.76,2026-01-15T22:00:00+05:30,2026-01-16T03:03:11+05:30,1.336,1.069,8.893,15,303,2026-01-16T03:03:11+05:30,1.4,1.76,0.2017,0.9209,available,49.24,51.7,54.4,train,time series data/caltech/California_Garage_01/2-39-88-438-2018-12-06T16-39-53-705727.csv.gz
ev_0206,ev,simulation_feeder_06,3.5,2026-01-15T00:00:00+05:30,2026-01-15T02:57:39+05:30,2.372,1.898,10.363,15,177,2026-01-15T02:57:39+05:30,1.4,3.5,0.1646,0.9603,available,56.11,35.9,40.1,train,time series data/caltech/California_Garage_01/2-39-90-26-2019-07-18T18-44-50-541843.csv.gz
ev_0207,ev,simulation_feeder_07,6.53,2026-01-15T22:00:00+05:30,2026-01-16T05:02:19+05:30,11.317,9.054,45.962,15,422,2026-01-16T05:02:19+05:30,1.4,6.53,0.1347,0.8903,available,95.35,11.7,23.6,train,time series data/caltech/California_Garage_01/2-39-123-23-2019-10-31T16-37-20-875443.csv.gz
ev_0208,ev,simulation_feeder_08,6.72,2026-01-15T05:30:00+05:30,2026-01-15T10:05:20+05:30,12.519,10.015,30.837,15,275,2026-01-15T10:05:20+05:30,1.4,6.72,0.1402,0.9679,available,76.11,14.6,31.0,train,time series data/caltech/California_Garage_01/2-39-90-26-2018-08-21T00-02-58-702564.csv.gz
ev_0209,ev,simulation_feeder_09,6.98,2026-01-15T19:45:00+05:30,2026-01-16T05:43:20+05:30,14.047,11.238,37.76,15,598,2026-01-16T05:43:20+05:30,1.4,6.98,0.1842,0.9087,available,37.76,31.8,69.0,train,time series data/caltech/California_Garage_01/2-39-125-21-2018-09-17T14-25-28-635954.csv.gz
ev_0210,ev,simulation_feeder_10,3.34,2026-01-15T07:30:00+05:30,2026-01-15T07:58:38+05:30,1.497,1.198,1.594,15,28,2026-01-15T07:58:38+05:30,1.4,3.34,0.2138,0.9069,available,97.18,11.0,12.5,train,time series data/caltech/N_Wilson_Garage_01/2-137-441-3009-2020-07-08T02-12-45-340024.csv.gz
ev_0211,ev,simulation_feeder_01,11.16,2026-01-15T04:30:00+05:30,2026-01-15T05:58:24+05:30,15.954,12.763,16.442,15,88,2026-01-15T05:58:24+05:30,1.4,11.16,0.1168,0.9264,available,83.39,28.0,47.1,train,time series data/caltech/California_Garage_02/2-6-3-1623-2019-11-14T23-02-01-709963.csv.gz
ev_0212,ev,simulation_feeder_02,3.38,2026-01-15T12:30:00+05:30,2026-01-15T14:20:52+05:30,5.215,4.172,6.245,15,110,2026-01-15T14:20:52+05:30,1.4,3.38,0.192,0.9634,available,91.67,82.9,88.6,train,time series data/jpl/Arroyo_Garage_01/1-1-178-823-2020-11-11T07-11-58-218890.csv.gz
ev_0213,ev,simulation_feeder_03,3.33,2026-01-15T21:30:00+05:30,2026-01-16T06:49:38+05:30,5.201,4.161,31.06,15,559,2026-01-16T06:49:38+05:30,1.4,3.33,0.1075,0.9086,available,57.92,50.5,59.5,train,time series data/caltech/California_Garage_02/2-6-3-1364-2020-02-21T16-10-35-369920.csv.gz
ev_0214,ev,simulation_feeder_04,3.37,2026-01-15T03:00:00+05:30,2026-01-15T07:40:10+05:30,12.394,9.915,15.736,15,280,2026-01-15T07:40:10+05:30,1.4,3.37,0.0546,0.9856,available,89.23,43.4,57.3,train,time series data/caltech/California_Garage_01/2-39-79-383-2018-08-23T21-41-41-497236.csv.gz
ev_0215,ev,simulation_feeder_05,7.2,2026-01-15T20:45:00+05:30,2026-01-16T00:13:41+05:30,18.835,15.068,25.042,15,208,2026-01-16T00:13:41+05:30,1.4,7.2,0.0679,0.9109,available,98.75,18.3,37.4,train,time series data/caltech/California_Garage_02/2-6-3-1629-2019-09-03T15-27-47-689456.csv.gz
ev_0216,ev,simulation_feeder_06,6.5,2026-01-15T21:30:00+05:30,2026-01-16T06:10:38+05:30,24.369,19.495,56.402,15,520,2026-01-16T06:10:38+05:30,1.4,6.5,0.1439,0.9298,available,93.15,57.3,83.5,train,time series data/caltech/S_Wilson_Garage_01/2-105-277-1698-2019-09-05T16-09-29-540462.csv.gz
ev_0217,ev,simulation_feeder_07,7.33,2026-01-15T23:45:00+05:30,2026-01-16T09:13:41+05:30,16.769,13.415,69.474,15,568,2026-01-16T09:13:41+05:30,1.4,7.33,0.2096,0.9196,available,71.38,29.8,53.3,train,time series data/caltech/California_Garage_02/2-6-3-1628-2020-02-17T18-26-22-813412.csv.gz
ev_0218,ev,simulation_feeder_08,7.3,2026-01-15T09:30:00+05:30,2026-01-15T09:50:41+05:30,2.427,1.942,2.516,15,20,2026-01-15T09:50:41+05:30,1.4,7.3,0.1533,0.9186,available,84.59,73.5,76.4,train,time series data/caltech/California_Garage_02/2-6-3-1624-2019-09-08T04-00-06-194901.csv.gz
ev_0219,ev,simulation_feeder_09,3.34,2026-01-15T20:45:00+05:30,2026-01-16T03:27:10+05:30,1.855,1.484,22.387,15,402,2026-01-16T03:27:10+05:30,1.4,3.34,0.128,0.8858,available,42.13,10.9,15.3,train,time series data/caltech/California_Garage_02/2-6-3-1367-2019-05-30T15-22-58-892945.csv.gz
ev_0220,ev,simulation_feeder_10,10.97,2026-01-15T23:30:00+05:30,2026-01-16T01:08:42+05:30,17.361,13.889,18.046,15,98,2026-01-16T01:08:42+05:30,1.4,10.97,0.1905,0.9355,available,72.51,48.3,72.2,train,time series data/caltech/California_Garage_02/2-6-3-1627-2019-11-10T18-00-14-137466.csv.gz
ev_0221,ev,simulation_feeder_01,3.08,2026-01-15T21:15:00+05:30,2026-01-16T01:34:14+05:30,10.147,8.118,13.307,15,259,2026-01-16T01:34:14+05:30,1.4,3.08,0.1634,0.9387,available,68.03,34.0,48.9,train,time series data/caltech/California_Garage_01/2-39-88-438-2018-08-16T15-50-15-648102.csv.gz
ev_0222,ev,simulation_feeder_02,7.43,2026-01-15T20:15:00+05:30,2026-01-15T21:00:28+05:30,5.417,4.334,5.63,15,45,2026-01-15T21:00:28+05:30,1.4,7.43,0.0529,0.9533,available,63.75,64.2,72.7,train,time series data/caltech/California_Garage_02/2-6-3-1630-2019-04-28T14-53-10-908630.csv.gz
ev_0223,ev,simulation_feeder_03,1.66,2026-01-15T03:00:00+05:30,2026-01-15T09:12:17+05:30,0.876,0.701,10.3,15,372,2026-01-15T09:12:17+05:30,1.4,1.66,0.0848,0.9462,available,63.77,14.8,16.2,train,time series data/caltech/California_Garage_01/2-39-78-366-2018-11-18T21-34-31-234734.csv.gz
ev_0224,ev,simulation_feeder_04,9.06,2026-01-15T03:45:00+05:30,2026-01-15T04:00:00+05:30,0.376,0.301,2.265,15,15,2026-01-15T04:00:00+05:30,1.4,9.06,0.0898,0.8816,available,46.86,22.8,23.6,train,time series data/caltech/California_Garage_02/2-6-3-1630-2020-11-14T22-23-20-058918.csv.gz
ev_0225,ev,simulation_feeder_05,1.73,2026-01-15T06:45:00+05:30,2026-01-15T07:56:51+05:30,0.94,0.752,2.072,15,71,2026-01-15T07:56:51+05:30,1.4,1.73,0.1148,0.9623,available,59.15,51.9,53.5,train,time series data/caltech/California_Garage_01/2-39-139-28-2019-01-08T01-23-26-254818.csv.gz
ev_0226,ev,simulation_feeder_06,4.02,2026-01-15T02:15:00+05:30,2026-01-15T06:24:42+05:30,9.021,7.217,16.73,15,249,2026-01-15T06:24:42+05:30,1.4,4.02,0.0842,0.9448,available,41.22,59.8,81.7,train,time series data/caltech/California_Garage_01/2-39-79-383-2018-09-25T20-48-34-452789.csv.gz
ev_0227,ev,simulation_feeder_07,3.7,2026-01-15T13:45:00+05:30,2026-01-16T07:49:40+05:30,13.517,10.814,66.888,15,1084,2026-01-16T07:49:40+05:30,1.4,3.7,0.1945,0.9497,available,74.51,22.7,40.8,train,time series data/caltech/California_Garage_01/2-39-139-567-2018-06-03T08-18-25-566071.csv.gz
ev_0228,ev,simulation_feeder_08,6.08,2026-01-15T01:00:00+05:30,2026-01-15T04:53:24+05:30,16.022,12.818,23.651,15,233,2026-01-15T04:53:24+05:30,1.4,6.08,0.1981,0.964,available,99.42,13.8,29.9,train,time series data/caltech/California_Garage_02/2-6-3-1365-2018-12-27T19-31-42-155784.csv.gz
ev_0229,ev,simulation_feeder_09,11.0,2026-01-15T01:30:00+05:30,2026-01-15T02:26:53+05:30,7.43,5.944,10.429,15,56,2026-01-15T02:26:53+05:30,1.4,11.0,0.1062,0.9432,available,75.06,70.7,80.6,train,time series data/caltech/California_Garage_02/2-6-3-1627-2019-10-09T20-03-29-941640.csv.gz
ev_0230,ev,simulation_feeder_10,2.28,2026-01-15T03:15:00+05:30,2026-01-15T07:56:38+05:30,2.263,1.81,10.702,15,281,2026-01-15T07:56:38+05:30,1.4,2.28,0.0587,0.9279,available,42.96,66.3,71.6,train,time series data/caltech/California_Garage_01/2-39-78-365-2020-11-12T21-53-53-225305.csv.gz
ev_0231,ev,simulation_feeder_01,1.59,2026-01-15T20:15:00+05:30,2026-01-15T22:00:25+05:30,2.693,2.154,2.794,15,105,2026-01-15T22:00:25+05:30,1.4,1.59,0.1303,0.8749,available,71.69,54.1,57.9,train,time series data/caltech/California_Garage_01/2-39-130-31-2018-07-06T14-51-02-564821.csv.gz
ev_0232,ev,simulation_feeder_02,9.33,2026-01-15T20:45:00+05:30,2026-01-15T23:48:49+05:30,18.633,14.906,28.583,15,183,2026-01-15T23:48:49+05:30,1.4,9.33,0.1812,0.8819,available,43.88,10.1,52.6,train,time series data/caltech/California_Garage_02/2-6-3-1627-2019-10-11T15-15-44-044662.csv.gz
ev_0233,ev,simulation_feeder_03,17.86,2026-01-15T06:00:00+05:30,2026-01-15T06:17:43+05:30,4.925,3.94,5.274,15,17,2026-01-15T06:17:43+05:30,1.4,17.86,0.1463,0.9424,available,86.67,29.1,34.8,train,time series data/caltech/California_Garage_02/2-6-3-1629-2019-08-09T00-36-38-731226.csv.gz
ev_0234,ev,simulation_feeder_04,10.8,2026-01-15T04:30:00+05:30,2026-01-15T05:53:31+05:30,12.616,10.093,15.033,15,83,2026-01-15T05:53:31+05:30,1.4,10.8,0.0539,0.9683,available,39.21,21.0,53.2,train,time series data/caltech/California_Garage_02/2-6-3-1629-2020-03-01T23-13-04-044179.csv.gz
ev_0235,ev,simulation_feeder_05,7.36,2026-01-15T07:30:00+05:30,2026-01-15T11:11:36+05:30,26.375,21.1,27.183,15,221,2026-01-15T11:11:36+05:30,1.4,7.36,0.1498,0.9507,available,63.11,40.2,82.0,train,time series data/caltech/California_Garage_02/2-6-3-1627-2020-05-08T02-02-56-583680.csv.gz
ev_0236,ev,simulation_feeder_06,1.76,2026-01-15T00:45:00+05:30,2026-01-15T01:40:26+05:30,1.596,1.277,1.626,15,55,2026-01-15T01:40:26+05:30,1.4,1.76,0.0705,0.8764,available,37.15,45.4,49.7,train,time series data/caltech/California_Garage_01/2-39-129-17-2018-09-25T19-23-55-107549.csv.gz
ev_0237,ev,simulation_feeder_07,1.4,2026-01-15T03:30:00+05:30,2026-01-15T05:18:00+05:30,0.017,0.014,2.52,15,108,2026-01-15T05:18:00+05:30,1.4,1.4,0.1959,0.9145,available,89.41,52.7,52.7,train,time series data/caltech/California_Garage_01/2-39-125-21-2019-01-05T22-09-01-903665.csv.gz
ev_0238,ev,simulation_feeder_08,6.92,2026-01-15T08:00:00+05:30,2026-01-15T19:24:07+05:30,12.518,10.014,78.901,15,684,2026-01-15T19:24:07+05:30,1.4,6.92,0.1923,0.9306,available,99.64,66.2,78.8,train,time series data/caltech/California_Garage_01/2-39-125-21-2019-03-15T02-34-14-882134.csv.gz
ev_0239,ev,simulation_feeder_09,22.0,2026-01-15T04:00:00+05:30,2026-01-15T04:15:00+05:30,5.5,4.4,5.5,15,15,2026-01-15T04:15:00+05:30,1.4,22.0,0.0577,0.8656,available,74.03,18.9,26.3,train,time series data/caltech/N_Wilson_Garage_01/2-137-521-3844-2020-04-17T22-43-15-609107.csv.gz
ev_0240,ev,simulation_feeder_10,7.16,2026-01-15T12:45:00+05:30,2026-01-15T13:20:16+05:30,3.946,3.157,4.208,15,35,2026-01-15T13:20:16+05:30,1.4,7.16,0.0866,0.9558,available,55.0,68.5,75.7,train,time series data/caltech/California_Garage_01/2-39-89-25-2018-05-31T07-29-05-374221.csv.gz
ev_0241,ev,simulation_feeder_01,3.58,2026-01-15T21:30:00+05:30,2026-01-16T06:16:01+05:30,11.311,9.049,31.386,15,526,2026-01-16T06:16:01+05:30,1.4,3.58,0.0629,0.8792,available,67.58,23.0,39.7,train,time series data/caltech/California_Garage_01/2-39-139-28-2020-01-07T16-14-11-372907.csv.gz
ev_0242,ev,simulation_feeder_02,3.47,2026-01-15T02:00:00+05:30,2026-01-15T05:18:24+05:30,3.388,2.71,11.474,15,198,2026-01-15T05:18:24+05:30,1.4,3.47,0.2024,0.9765,available,76.61,49.1,53.5,train,time series data/caltech/California_Garage_01/2-39-91-437-2019-12-19T20-41-48-834532.csv.gz
ev_0243,ev,simulation_feeder_03,6.74,2026-01-15T00:15:00+05:30,2026-01-15T15:59:23+05:30,17.908,14.326,97.98,15,944,2026-01-15T15:59:23+05:30,1.4,6.74,0.2025,0.9695,available,97.98,12.6,30.9,train,time series data/caltech/California_Garage_01/2-39-88-438-2019-05-10T18-54-54-298225.csv.gz
ev_0244,ev,simulation_feeder_04,3.58,2026-01-15T01:00:00+05:30,2026-01-15T07:39:39+05:30,7.038,5.63,23.846,15,399,2026-01-15T07:39:39+05:30,1.4,3.58,0.2121,0.9472,available,68.08,70.4,80.7,train,time series data/caltech/California_Garage_01/2-39-78-362-2019-06-14T19-38-25-643263.csv.gz
ev_0245,ev,simulation_feeder_05,3.42,2026-01-15T21:45:00+05:30,2026-01-16T06:08:39+05:30,8.808,7.046,28.708,15,503,2026-01-16T06:08:39+05:30,1.4,3.42,0.2189,0.8765,available,93.03,58.4,67.9,train,time series data/caltech/LIGO_01/2-154-492-3388-2020-02-04T16-28-28-956258.csv.gz
ev_0246,ev,simulation_feeder_06,6.59,2026-01-15T08:00:00+05:30,2026-01-15T09:54:13+05:30,6.006,4.805,12.545,15,114,2026-01-15T09:54:13+05:30,1.4,6.59,0.1302,0.9656,available,53.87,56.0,67.1,train,time series data/caltech/California_Garage_01/2-39-139-28-2019-11-21T02-33-11-931709.csv.gz
ev_0247,ev,simulation_feeder_07,7.05,2026-01-15T21:00:00+05:30,2026-01-16T00:32:48+05:30,14.108,11.286,25.004,15,212,2026-01-16T00:32:48+05:30,1.4,7.05,0.2026,0.8611,available,66.17,53.0,74.3,train,time series data/caltech/California_Garage_01/2-39-125-21-2018-06-09T15-44-28-349282.csv.gz
ev_0248,ev,simulation_feeder_08,3.46,2026-01-15T07:45:00+05:30,2026-01-15T10:06:48+05:30,6.226,4.981,8.177,15,141,2026-01-15T10:06:48+05:30,1.4,3.46,0.1428,0.9862,available,36.49,21.3,38.4,train,time series data/caltech/California_Garage_01/2-39-79-383-2018-05-12T02-19-51-956628.csv.gz
ev_0249,ev,simulation_feeder_09,3.51,2026-01-15T02:45:00+05:30,2026-01-15T08:00:19+05:30,6.606,5.285,18.446,15,315,2026-01-15T08:00:19+05:30,1.4,3.51,0.1778,0.867,available,86.61,57.5,65.1,train,time series data/caltech/California_Garage_01/2-39-78-365-2019-02-15T21-26-46-666273.csv.gz
ev_0250,ev,simulation_feeder_10,6.68,2026-01-15T05:00:00+05:30,2026-01-15T06:27:00+05:30,8.72,6.976,9.686,15,87,2026-01-15T06:27:00+05:30,1.4,6.68,0.0404,0.8955,available,77.17,54.3,65.6,train,time series data/caltech/California_Garage_02/2-6-3-1362-2020-03-15T23-44-15-784304.csv.gz
ev_0251,ev,simulation_feeder_01,6.94,2026-01-15T17:00:00+05:30,2026-01-15T17:15:00+05:30,1.522,1.218,1.735,15,15,2026-01-15T17:15:00+05:30,1.4,6.94,0.0372,0.9128,available,65.99,83.9,86.2,train,time series data/caltech/California_Garage_01/2-39-89-25-2018-10-02T11-40-23-894001.csv.gz
ev_0252,ev,simulation_feeder_02,2.14,2026-01-15T23:30:00+05:30,2026-01-16T01:58:54+05:30,3.202,2.562,5.311,15,148,2026-01-16T01:58:54+05:30,1.4,2.14,0.1008,0.9618,available,78.59,32.2,36.3,train,time series data/caltech/California_Garage_01/2-39-79-376-2019-02-19T18-13-43-937441.csv.gz
ev_0253,ev,simulation_feeder_03,6.5,2026-01-15T21:00:00+05:30,2026-01-16T04:36:51+05:30,47.564,38.051,49.492,15,456,2026-01-16T04:36:51+05:30,1.4,6.5,0.0365,0.9533,available,74.13,14.1,78.3,train,time series data/caltech/S_Wilson_Garage_01/2-105-277-1697-2020-11-10T15-36-28-548746.csv.gz
ev_0254,ev,simulation_feeder_04,3.53,2026-01-15T07:45:00+05:30,2026-01-15T23:12:35+05:30,5.624,4.499,54.573,15,927,2026-01-15T23:12:35+05:30,1.4,3.53,0.1077,0.8979,available,69.06,12.0,20.1,train,time series data/caltech/California_Garage_01/2-39-125-21-2018-10-27T02-21-52-081331.csv.gz
ev_0255,ev,simulation_feeder_05,3.6,2026-01-15T21:30:00+05:30,2026-01-16T06:21:24+05:30,9.32,7.456,31.884,15,531,2026-01-16T06:21:24+05:30,1.4,3.6,0.1605,0.8941,available,41.31,41.6,64.2,train,time series data/caltech/California_Garage_01/2-39-79-378-2018-05-14T16-12-54-153231.csv.gz
ev_0256,ev,simulation_feeder_06,10.73,2026-01-15T07:45:00+05:30,2026-01-15T10:23:06+05:30,9.594,7.675,28.274,15,158,2026-01-15T10:23:06+05:30,1.4,10.73,0.1139,0.9085,available,50.86,49.8,68.7,train,time series data/caltech/California_Garage_02/2-6-3-1625-2020-10-13T02-25-05-449504.csv.gz
ev_0257,ev,simulation_feeder_07,6.79,2026-01-15T00:45:00+05:30,2026-01-15T06:42:06+05:30,26.824,21.459,40.412,15,357,2026-01-15T06:42:06+05:30,1.4,6.79,0.1836,0.9471,available,53.4,36.7,86.9,train,time series data/office_01/Parking_Lot_01/19-102-260-1634-2020-02-14T19-26-56-955256.csv.gz
ev_0258,ev,simulation_feeder_08,6.31,2026-01-15T10:45:00+05:30,2026-01-15T18:36:26+05:30,13.876,11.101,49.579,15,471,2026-01-15T18:36:26+05:30,1.4,6.31,0.2055,0.8832,available,64.74,54.1,75.5,train,time series data/caltech/California_Garage_01/2-39-139-28-2018-07-09T05-29-34-128583.csv.gz
ev_0259,ev,simulation_feeder_09,4.3,2026-01-15T22:15:00+05:30,2026-01-16T05:55:56+05:30,9.89,7.912,33.034,15,460,2026-01-16T05:55:56+05:30,1.4,4.3,0.0556,0.9785,available,89.45,45.8,56.9,train,time series data/caltech/California_Garage_01/2-39-79-382-2019-08-21T16-56-15-431298.csv.gz
ev_0260,ev,simulation_feeder_10,7.06,2026-01-15T07:45:00+05:30,2026-01-15T09:56:17+05:30,13.891,11.113,15.448,15,131,2026-01-15T09:56:17+05:30,1.4,7.06,0.0903,0.9329,available,36.67,37.2,75.1,train,time series data/caltech/California_Garage_01/2-39-90-440-2018-10-11T02-28-23-353921.csv.gz
ev_0261,ev,simulation_feeder_01,6.94,2026-01-15T04:00:00+05:30,2026-01-15T09:47:11+05:30,22.93,18.344,40.158,15,347,2026-01-15T09:47:11+05:30,1.4,6.94,0.0954,0.9398,available,43.94,21.2,73.4,train,time series data/caltech/California_Garage_02/2-6-3-1365-2019-12-01T22-44-45-213026.csv.gz
ev_0262,ev,simulation_feeder_02,8.96,2026-01-15T05:00:00+05:30,2026-01-15T05:15:00+05:30,0.298,0.238,2.24,15,15,2026-01-15T05:15:00+05:30,1.4,8.96,0.1508,0.9284,available,69.93,67.4,67.8,train,time series data/caltech/California_Garage_02/2-6-3-1627-2019-06-09T23-40-34-819334.csv.gz
ev_0263,ev,simulation_feeder_03,6.19,2026-01-15T01:30:00+05:30,2026-01-15T03:10:02+05:30,9.786,7.829,10.32,15,100,2026-01-15T03:10:02+05:30,1.4,6.19,0.1471,0.876,available,99.75,33.9,43.7,train,time series data/caltech/California_Garage_01/2-39-125-21-2018-12-05T20-01-58-543165.csv.gz
ev_0264,ev,simulation_feeder_04,3.4,2026-01-15T18:45:00+05:30,2026-01-16T03:09:12+05:30,5.25,4.2,28.571,15,504,2026-01-16T03:09:12+05:30,1.4,3.4,0.0436,0.9673,available,61.27,72.5,81.1,train,time series data/caltech/N_Wilson_Garage_01/2-137-441-3021-2020-07-06T13-27-40-028198.csv.gz
ev_0265,ev,simulation_feeder_05,1.71,2026-01-15T00:00:00+05:30,2026-01-15T08:12:38+05:30,0.898,0.718,14.04,15,492,2026-01-15T08:12:38+05:30,1.4,1.71,0.1731,0.9176,available,47.1,27.4,29.3,train,time series data/caltech/California_Garage_01/2-39-78-366-2019-03-07T18-38-50-260834.csv.gz
ev_0266,ev,simulation_feeder_06,7.04,2026-01-15T19:15:00+05:30,2026-01-16T04:15:14+05:30,28.334,22.667,63.387,15,540,2026-01-16T04:15:14+05:30,1.4,7.04,0.1769,0.8867,available,93.16,51.3,81.7,train,time series data/caltech/N_Wilson_Garage_01/2-137-441-3004-2020-06-04T13-48-45-549461.csv.gz
ev_0267,ev,simulation_feeder_07,6.74,2026-01-15T23:45:00+05:30,2026-01-16T05:34:11+05:30,29.883,23.906,39.225,15,349,2026-01-16T05:34:11+05:30,1.4,6.74,0.1293,0.9115,available,68.13,19.7,63.6,train,time series data/caltech/California_Garage_01/2-39-78-365-2019-02-08T18-16-00-785953.csv.gz
ev_0268,ev,simulation_feeder_08,6.55,2026-01-15T05:00:00+05:30,2026-01-15T06:41:21+05:30,10.576,8.461,11.064,15,101,2026-01-15T06:41:21+05:30,1.4,6.55,0.0701,0.982,available,39.99,52.3,78.7,train,time series data/caltech/S_Wilson_Garage_01/2-105-277-1696-2019-04-25T23-31-38-859273.csv.gz
ev_0269,ev,simulation_feeder_09,1.75,2026-01-15T08:15:00+05:30,2026-01-15T08:30:00+05:30,0.054,0.043,0.438,15,15,2026-01-15T08:30:00+05:30,1.4,1.75,0.124,0.9057,available,69.97,69.0,69.1,train,time series data/caltech/California_Garage_01/2-39-138-29-2019-08-13T02-49-25-998663.csv.gz
ev_0270,ev,simulation_feeder_10,22.0,2026-01-15T08:30:00+05:30,2026-01-15T09:04:14.023714+05:30,8.31,6.648,12.552,15,34,2026-01-15T09:04:14.023714+05:30,1.4,22.0,0.0723,0.9064,available,56.02,54.1,68.9,train,time series data/caltech/N_Wilson_Garage_01/2-137-521-3844-2020-06-29T03-01-59-133036.csv.gz
ev_0271,ev,simulation_feeder_01,6.51,2026-01-15T21:30:00+05:30,2026-01-16T05:10:09+05:30,13.444,10.755,49.926,15,460,2026-01-16T05:10:09+05:30,1.4,6.51,0.2195,0.956,available,54.7,14.9,39.5,train,time series data/caltech/California_Garage_01/2-39-127-19-2019-09-19T16-04-26-998082.csv.gz
ev_0272,ev,simulation_feeder_02,11.11,2026-01-15T21:45:00+05:30,2026-01-16T02:41:04+05:30,13.985,11.188,39.07,15,296,2026-01-16T02:41:04+05:30,1.4,11.11,0.1623,0.9497,available,39.07,45.0,80.8,train,time series data/caltech/California_Garage_02/2-6-3-1626-2019-11-27T16-28-13-000036.csv.gz
ev_0273,ev,simulation_feeder_03,6.63,2026-01-15T22:30:00+05:30,2026-01-16T02:52:31+05:30,27.164,21.731,29.008,15,262,2026-01-16T02:52:31+05:30,1.4,6.63,0.0899,0.9089,available,53.87,11.3,61.7,train,time series data/caltech/S_Wilson_Garage_01/2-105-277-1699-2019-12-09T17-08-57-716285.csv.gz
ev_0274,ev,simulation_feeder_04,6.57,2026-01-15T22:30:00+05:30,2026-01-16T06:32:18+05:30,19.956,15.965,52.812,15,482,2026-01-16T06:32:18+05:30,1.4,6.57,0.1506,0.9673,available,85.29,63.8,87.2,train,time series data/caltech/N_Wilson_Garage_01/2-137-440-2990-2020-11-03T17-10-48-347982.csv.gz
ev_0275,ev,simulation_feeder_05,1.4,2026-01-15T22:45:00+05:30,2026-01-15T23:31:14+05:30,1.079,0.863,1.079,15,46,2026-01-15T23:31:14+05:30,1.4,1.4,0.1324,0.9627,available,46.77,25.4,27.7,train,time series data/caltech/California_Garage_01/2-39-79-378-2019-04-08T03-09-09-668891.csv.gz
ev_0276,ev,simulation_feeder_06,1.4,2026-01-15T22:15:00+05:30,2026-01-16T05:28:41+05:30,0.665,0.532,10.119,15,433,2026-01-16T05:28:41+05:30,1.4,1.4,0.1612,0.9439,available,87.88,38.5,39.3,train,time series data/caltech/California_Garage_01/2-39-95-27-2019-06-25T16-48-25-463155.csv.gz
ev_0277,ev,simulation_feeder_07,3.57,2026-01-15T05:15:00+05:30,2026-01-15T05:30:00+05:30,0.484,0.387,0.892,15,15,2026-01-15T05:30:00+05:30,1.4,3.57,0.0943,0.9646,available,53.31,34.5,35.4,train,time series data/caltech/California_Garage_01/2-39-78-361-2018-08-13T23-53-31-247449.csv.gz
ev_0278,ev,simulation_feeder_08,1.7,2026-01-15T21:30:00+05:30,2026-01-16T06:29:23+05:30,0.85,0.68,15.283,15,539,2026-01-16T06:29:23+05:30,1.4,1.7,0.1486,0.9292,available,99.85,80.2,81.1,train,time series data/caltech/California_Garage_01/2-39-78-366-2019-11-13T16-11-30-210540.csv.gz
ev_0279,ev,simulation_feeder_09,3.5,2026-01-15T15:45:00+05:30,2026-01-15T17:45:01+05:30,5.961,4.769,7.001,15,120,2026-01-15T17:45:01+05:30,1.4,3.5,0.0306,0.9135,available,39.37,34.4,49.5,train,time series data/caltech/California_Garage_01/2-39-78-364-2018-09-23T10-26-04-138262.csv.gz
ev_0280,ev,simulation_feeder_10,5.05,2026-01-15T20:45:00+05:30,2026-01-16T08:02:19+05:30,22.933,18.346,57.007,15,677,2026-01-16T08:02:19+05:30,1.4,5.05,0.0607,0.9856,available,65.73,47.3,82.2,train,time series data/caltech/California_Garage_01/2-39-79-377-2018-07-26T15-25-52-583204.csv.gz
ev_0281,ev,simulation_feeder_01,22.0,2026-01-15T10:00:00+05:30,2026-01-15T11:06:12.966392+05:30,24.279,19.423,24.279,15,66,2026-01-15T11:06:12.966392+05:30,1.4,22.0,0.1653,0.9376,available,61.12,31.4,71.1,train,time series data/caltech/N_Wilson_Garage_01/2-137-521-3843-2020-08-21T04-36-33-281981.csv.gz
ev_0282,ev,simulation_feeder_02,6.33,2026-01-15T21:45:00+05:30,2026-01-16T06:35:47+05:30,12.86,10.288,55.998,15,530,2026-01-16T06:35:47+05:30,1.4,6.33,0.075,0.9301,available,90.76,25.2,39.4,train,time series data/caltech/California_Garage_01/2-39-139-28-2019-02-12T16-22-44-480312.csv.gz
ev_0283,ev,simulation_feeder_03,10.24,2026-01-15T10:00:00+05:30,2026-01-16T07:56:04+05:30,58.705,46.964,84.82,15,1316,2026-01-16T07:56:04+05:30,1.4,10.24,0.1826,0.8697,available,84.82,20.2,89.4,train,time series data/caltech/N_Wilson_Garage_01/2-137-440-3986-2020-08-17T04-30-43-181803.csv.gz
ev_0284,ev,simulation_feeder_04,10.25,2026-01-15T08:00:00+05:30,2026-01-15T09:50:15+05:30,18.003,14.402,18.834,15,110,2026-01-15T09:50:15+05:30,1.4,10.25,0.128,0.9249,available,65.65,44.6,72.0,train,time series data/caltech/N_Wilson_Garage_01/2-137-440-3991-2020-10-29T02-44-27-865190.csv.gz
ev_0285,ev,simulation_feeder_05,4.19,2026-01-15T21:15:00+05:30,2026-01-16T05:47:06+05:30,13.927,11.142,35.762,15,512,2026-01-16T05:47:06+05:30,1.4,4.19,0.1761,0.9395,available,43.92,56.4,88.1,train,time series data/caltech/California_Garage_01/2-39-95-444-2018-08-15T15-52-41-371569.csv.gz
ev_0286,ev,simulation_feeder_06,6.58,2026-01-15T20:30:00+05:30,2026-01-16T03:42:44+05:30,26.438,21.15,47.456,15,432,2026-01-16T03:42:44+05:30,1.4,6.58,0.0515,0.8735,available,74.71,10.5,45.9,train,time series data/caltech/California_Garage_02/2-6-3-1356-2019-07-15T15-04-49-121136.csv.gz
ev_0287,ev,simulation_feeder_07,7.05,2026-01-15T10:15:00+05:30,2026-01-16T05:26:35+05:30,13.199,10.559,82.47,15,1151,2026-01-16T05:26:35+05:30,1.4,7.05,0.0777,0.8823,available,82.47,23.6,39.6,train,time series data/caltech/California_Garage_01/2-39-79-381-2018-09-16T04-48-59-255844.csv.gz
ev_0288,ev,simulation_feeder_08,3.37,2026-01-15T22:15:00+05:30,2026-01-16T02:15:09+05:30,5.047,4.038,13.488,15,240,2026-01-16T02:15:09+05:30,1.4,3.37,0.0657,0.9515,available,95.31,25.3,30.6,train,time series data/caltech/California_Garage_01/2-39-123-23-2018-12-12T16-59-08-333943.csv.gz
ev_0289,ev,simulation_feeder_09,22.0,2026-01-15T00:30:00+05:30,2026-01-15T00:45:00+05:30,5.5,4.4,5.5,15,15,2026-01-15T00:45:00+05:30,1.4,22.0,0.213,0.9795,available,46.4,12.8,24.7,train,time series data/caltech/N_Wilson_Garage_01/2-137-521-3845-2020-08-25T19-04-59-639632.csv.gz
ev_0290,ev,simulation_feeder_10,10.24,2026-01-15T01:00:00+05:30,2026-01-15T06:15:22+05:30,26.602,21.282,53.823,15,315,2026-01-15T06:15:22+05:30,1.4,10.24,0.0404,0.8722,available,64.16,37.5,79.0,train,time series data/caltech/California_Garage_02/2-6-3-1363-2019-09-06T19-36-36-508902.csv.gz
ev_0291,ev,simulation_feeder_01,1.79,2026-01-15T22:30:00+05:30,2026-01-16T03:58:16+05:30,0.894,0.715,9.793,15,328,2026-01-16T03:58:16+05:30,1.4,1.79,0.1683,0.972,available,71.29,29.3,30.6,train,time series data/caltech/California_Garage_01/2-39-83-386-2020-11-30T17-13-29-994089.csv.gz
ev_0292,ev,simulation_feeder_02,11.03,2026-01-15T22:45:00+05:30,2026-01-16T00:35:33+05:30,3.749,2.999,20.323,15,110,2026-01-16T00:35:33+05:30,1.4,11.03,0.0553,0.9897,available,37.83,64.3,74.2,train,time series data/caltech/California_Garage_02/2-6-3-1629-2019-11-03T17-24-41-784713.csv.gz
ev_0293,ev,simulation_feeder_03,3.55,2026-01-15T06:30:00+05:30,2026-01-15T07:58:12+05:30,4.867,3.894,5.218,15,88,2026-01-15T07:58:12+05:30,1.4,3.55,0.0808,0.9223,available,53.55,50.5,59.6,train,time series data/caltech/California_Garage_01/2-39-78-367-2018-10-22T01-02-57-890851.csv.gz
ev_0294,ev,simulation_feeder_04,1.81,2026-01-15T22:15:00+05:30,2026-01-16T08:03:32+05:30,0.992,0.794,17.754,15,588,2026-01-16T08:03:32+05:30,1.4,1.81,0.194,0.9472,available,43.54,23.7,26.0,train,time series data/caltech/California_Garage_01/2-39-78-361-2019-07-09T16-48-39-885461.csv.gz
ev_0295,ev,simulation_feeder_05,2.32,2026-01-15T23:30:00+05:30,2026-01-16T14:11:16+05:30,2.077,1.662,34.076,15,881,2026-01-16T14:11:16+05:30,1.4,2.32,0.1515,0.9447,available,98.52,83.9,86.0,train,time series data/caltech/California_Garage_01/2-39-90-26-2019-05-29T18-07-17-258351.csv.gz
ev_0296,ev,simulation_feeder_06,6.56,2026-01-15T22:15:00+05:30,2026-01-16T03:58:51+05:30,37.325,29.86,37.594,15,343,2026-01-16T03:58:51+05:30,1.4,6.56,0.0647,0.9554,available,64.72,25.6,83.3,train,time series data/caltech/N_Wilson_Garage_01/2-137-441-3002-2020-02-10T16-24-39-664112.csv.gz
ev_0297,ev,simulation_feeder_07,6.54,2026-01-15T22:15:00+05:30,2026-01-16T04:54:55+05:30,22.573,18.058,43.591,15,399,2026-01-16T04:54:55+05:30,1.4,6.54,0.0737,0.9297,available,71.37,53.3,84.9,train,time series data/caltech/S_Wilson_Garage_01/2-105-277-1699-2019-12-24T16-52-15-852695.csv.gz
ev_0298,ev,simulation_feeder_08,6.39,2026-01-15T10:30:00+05:30,2026-01-15T12:52:12+05:30,12.811,10.249,15.144,15,142,2026-01-15T12:52:12+05:30,1.4,6.39,0.0412,0.9407,available,88.27,61.0,75.5,train,time series data/jpl/Arroyo_Garage_01/1-1-194-822-2020-09-23T05-07-11-155943.csv.gz
ev_0299,ev,simulation_feeder_09,22.0,2026-01-15T00:45:00+05:30,2026-01-15T01:15:15.588826+05:30,11.095,8.876,11.095,15,30,2026-01-15T01:15:15.588826+05:30,1.4,22.0,0.1537,0.9881,available,54.05,36.1,56.6,train,time series data/caltech/N_Wilson_Garage_01/2-137-521-3842-2020-12-01T19-16-35-962926.csv.gz
ev_0300,ev,simulation_feeder_10,3.62,2026-01-15T20:30:00+05:30,2026-01-15T23:52:53+05:30,8.922,7.138,12.241,15,202,2026-01-15T23:52:53+05:30,1.4,3.62,0.0789,0.8681,available,36.67,59.8,84.1,train,time series data/caltech/California_Garage_01/2-39-79-379-2018-07-26T15-11-26-672467.csv.gz
ev_0301,ev,simulation_feeder_01,6.48,2026-01-15T08:30:00+05:30,2026-01-16T21:28:53+05:30,10.254,8.203,71.94,15,2218,2026-01-16T21:28:53+05:30,1.4,6.48,0.1624,0.9108,available,71.94,15.7,30.0,train,time series data/caltech/California_Garage_02/2-6-3-1364-2019-03-25T03-04-19-807023.csv.gz
ev_0302,ev,simulation_feeder_02,13.31,2026-01-15T22:00:00+05:30,2026-01-16T05:05:13+05:30,26.414,21.131,82.46,15,425,2026-01-16T05:05:13+05:30,1.4,13.31,0.0786,0.966,available,82.46,41.0,73.0,train,time series data/caltech/California_Garage_02/2-6-3-1358-2018-12-14T16-42-06-291841.csv.gz
ev_0303,ev,simulation_feeder_03,6.58,2026-01-15T04:30:00+05:30,2026-01-15T07:46:29+05:30,11.833,9.466,21.548,15,196,2026-01-15T07:46:29+05:30,1.4,6.58,0.0488,0.9277,available,94.86,20.2,32.7,train,time series data/caltech/California_Garage_02/2-6-3-1360-2019-04-05T23-00-58-400826.csv.gz
ev_0304,ev,simulation_feeder_04,3.51,2026-01-15T22:00:00+05:30,2026-01-16T07:33:46+05:30,12.815,10.252,33.565,15,573,2026-01-16T07:33:46+05:30,1.4,3.51,0.0493,0.9528,available,61.75,37.8,58.6,train,time series data/caltech/California_Garage_01/2-39-78-362-2018-05-16T16-36-29-283563.csv.gz
ev_0305,ev,simulation_feeder_05,5.96,2026-01-15T23:15:00+05:30,2026-01-16T07:30:01+05:30,11.895,9.516,39.99,15,495,2026-01-16T07:30:01+05:30,1.4,5.96,0.0688,0.9731,available,39.99,25.9,55.6,train,time series data/caltech/California_Garage_01/2-39-90-26-2019-11-13T17-49-28-725290.csv.gz
ev_0306,ev,simulation_feeder_06,2.36,2026-01-15T07:30:00+05:30,2026-01-15T09:26:46+05:30,2.386,1.909,4.593,15,116,2026-01-15T09:26:46+05:30,1.4,2.36,0.0527,0.9329,available,54.08,43.2,47.6,train,time series data/caltech/S_Wilson_Garage_01/2-105-277-1699-2020-09-16T02-10-40-655419.csv.gz
ev_0307,ev,simulation_feeder_07,6.1,2026-01-15T22:15:00+05:30,2026-01-16T05:52:48+05:30,3.72,2.976,46.543,15,457,2026-01-16T05:52:48+05:30,1.4,6.1,0.0826,0.8661,available,56.24,28.5,35.1,train,time series data/caltech/California_Garage_01/2-39-79-377-2019-02-05T16-55-09-595057.csv.gz
ev_0308,ev,simulation_feeder_08,10.94,2026-01-15T02:00:00+05:30,2026-01-15T03:46:50+05:30,6.372,5.098,19.479,15,106,2026-01-15T03:46:50+05:30,1.4,10.94,0.0738,0.9781,available,59.08,13.9,24.7,train,time series data/caltech/California_Garage_02/2-6-3-1629-2020-02-15T20-32-24-695217.csv.gz
ev_0309,ev,simulation_feeder_09,3.27,2026-01-15T00:15:00+05:30,2026-01-15T03:50:17+05:30,11.363,9.09,11.733,15,215,2026-01-15T03:50:17+05:30,1.4,3.27,0.187,0.9368,available,70.58,69.3,85.4,train,time series data/caltech/S_Wilson_Garage_01/2-105-277-1698-2020-09-15T18-57-58-227815.csv.gz
ev_0310,ev,simulation_feeder_10,1.78,2026-01-15T07:30:00+05:30,2026-01-15T07:45:00+05:30,0.065,0.052,0.445,15,15,2026-01-15T07:45:00+05:30,1.4,1.78,0.2155,0.8864,available,94.01,34.3,34.4,train,time series data/caltech/N_Wilson_Garage_01/2-137-440-3986-2020-11-26T02-00-43-100218.csv.gz
ev_0311,ev,simulation_feeder_01,6.49,2026-01-15T02:30:00+05:30,2026-01-15T06:12:16+05:30,7.766,6.213,24.042,15,222,2026-01-15T06:12:16+05:30,1.4,6.49,0.1911,0.9373,available,78.38,64.2,74.1,train,time series data/caltech/California_Garage_01/2-39-79-382-2019-12-06T21-14-48-831578.csv.gz
ev_0312,ev,simulation_feeder_02,9.97,2026-01-15T17:00:00+05:30,2026-01-15T17:29:19+05:30,4.694,3.755,4.871,15,29,2026-01-15T17:29:19+05:30,1.4,9.97,0.1665,0.8616,available,87.21,16.6,22.0,train,time series data/caltech/N_Wilson_Garage_01/2-137-440-3993-2020-07-11T11-34-47-538676.csv.gz
ev_0313,ev,simulation_feeder_03,6.5,2026-01-15T20:30:00+05:30,2026-01-16T03:33:19+05:30,23.139,18.511,45.859,15,423,2026-01-16T03:33:19+05:30,1.4,6.5,0.0915,0.8709,available,96.34,22.6,46.6,train,time series data/caltech/California_Garage_01/2-39-91-437-2019-10-10T15-01-06-444287.csv.gz
ev_0314,ev,simulation_feeder_04,3.63,2026-01-15T09:30:00+05:30,2026-01-15T19:36:07+05:30,14.726,11.781,36.67,15,606,2026-01-15T19:36:07+05:30,1.4,3.63,0.0633,0.9531,available,74.76,44.9,64.6,train,time series data/caltech/California_Garage_01/2-39-131-30-2019-01-11T04-10-18-146190.csv.gz
ev_0315,ev,simulation_feeder_05,6.89,2026-01-15T20:30:00+05:30,2026-01-16T05:11:30+05:30,20.967,16.774,40.06,15,521,2026-01-16T05:11:30+05:30,1.4,6.89,0.2134,0.9139,available,40.06,19.7,72.0,train,time series data/caltech/California_Garage_01/2-39-79-376-2018-07-30T15-08-28-815087.csv.gz
ev_0316,ev,simulation_feeder_06,1.73,2026-01-15T05:15:00+05:30,2026-01-15T07:53:29+05:30,0.86,0.688,4.57,15,158,2026-01-15T07:53:29+05:30,1.4,1.73,0.1462,0.9324,available,93.82,12.9,13.8,train,time series data/caltech/California_Garage_01/2-39-139-28-2019-11-09T23-57-36-821481.csv.gz
ev_0317,ev,simulation_feeder_07,3.65,2026-01-15T07:15:00+05:30,2026-01-15T11:25:30+05:30,14.888,11.91,15.239,15,250,2026-01-15T11:25:30+05:30,1.4,3.65,0.121,0.9282,available,83.55,48.3,66.1,train,time series data/caltech/California_Garage_01/2-39-89-25-2018-12-07T01-59-27-487300.csv.gz
ev_0318,ev,simulation_feeder_08,3.6,2026-01-15T07:45:00+05:30,2026-01-15T18:32:59+05:30,13.908,11.126,38.879,15,647,2026-01-15T18:32:59+05:30,1.4,3.6,0.1766,0.9829,available,77.72,18.2,36.1,train,time series data/caltech/California_Garage_01/2-39-92-436-2018-10-24T02-19-39-893453.csv.gz
ev_0319,ev,simulation_feeder_09,6.19,2026-01-15T07:00:00+05:30,2026-01-15T08:10:09+05:30,6.946,5.557,7.237,15,70,2026-01-15T08:10:09+05:30,1.4,6.19,0.1373,0.8665,available,46.37,14.1,29.1,train,time series data/caltech/S_Wilson_Garage_01/2-105-277-1698-2020-05-04T01-31-22-721376.csv.gz
ev_0320,ev,simulation_feeder_10,3.33,2026-01-15T21:00:00+05:30,2026-01-16T06:01:44+05:30,4.071,3.257,30.066,15,541,2026-01-16T06:01:44+05:30,1.4,3.33,0.0737,0.9566,available,58.48,58.1,65.1,train,time series data/caltech/California_Garage_02/2-6-3-1367-2019-09-12T15-40-24-718842.csv.gz
ev_0321,ev,simulation_feeder_01,7.35,2026-01-15T21:30:00+05:30,2026-01-16T05:25:40+05:30,7.376,5.901,58.269,15,475,2026-01-16T05:25:40+05:30,1.4,7.35,0.1156,0.9341,available,77.21,29.3,38.9,train,time series data/caltech/California_Garage_02/2-6-3-1628-2020-01-16T16-11-29-722146.csv.gz
ev_0322,ev,simulation_feeder_02,3.38,2026-01-15T08:15:00+05:30,2026-01-15T09:46:38+05:30,4.821,3.857,5.162,15,91,2026-01-15T09:46:38+05:30,1.4,3.38,0.1337,0.8787,available,65.9,79.2,86.5,train,time series data/caltech/California_Garage_02/2-6-3-1367-2019-05-04T02-52-43-920179.csv.gz
ev_0323,ev,simulation_feeder_03,6.08,2026-01-15T20:30:00+05:30,2026-01-16T04:16:42+05:30,6.892,5.514,47.292,15,466,2026-01-16T04:16:42+05:30,1.4,6.08,0.0601,0.9826,available,84.54,36.0,44.2,train,time series data/caltech/California_Garage_01/2-39-125-21-2018-08-20T15-12-06-131103.csv.gz
ev_0324,ev,simulation_feeder_04,6.05,2026-01-15T11:30:00+05:30,2026-01-15T12:51:54+05:30,8.146,6.517,8.258,15,81,2026-01-15T12:51:54+05:30,1.4,6.05,0.1179,0.9336,available,97.71,22.4,30.7,train,time series data/caltech/California_Garage_02/2-6-3-1367-2019-07-02T06-12-44-386855.csv.gz
ev_0325,ev,simulation_feeder_05,16.26,2026-01-15T02:15:00+05:30,2026-01-15T02:30:00+05:30,0.342,0.274,4.065,15,15,2026-01-15T02:30:00+05:30,1.4,16.26,0.1522,0.9485,available,63.99,50.3,50.8,train,time series data/caltech/California_Garage_02/2-6-3-1625-2019-06-01T20-57-06-957723.csv.gz
ev_0326,ev,simulation_feeder_06,9.48,2026-01-15T12:00:00+05:30,2026-01-15T14:56:40+05:30,20.616,16.493,27.913,15,176,2026-01-15T14:56:40+05:30,1.4,9.48,0.0407,0.9275,available,76.94,45.2,72.0,train,time series data/caltech/California_Garage_02/2-6-3-1623-2019-08-24T06-35-01-746246.csv.gz
ev_0327,ev,simulation_feeder_07,1.7,2026-01-15T21:45:00+05:30,2026-01-16T04:58:15+05:30,0.849,0.679,12.275,15,433,2026-01-16T04:58:15+05:30,1.4,1.7,0.1859,0.9427,available,50.16,27.5,29.2,train,time series data/caltech/California_Garage_01/2-39-78-361-2019-10-10T16-23-42-744646.csv.gz
ev_0328,ev,simulation_feeder_08,6.84,2026-01-15T01:00:00+05:30,2026-01-15T06:21:49+05:30,34.542,27.634,36.687,15,321,2026-01-15T06:21:49+05:30,1.4,6.84,0.1555,0.9564,available,72.45,20.9,68.6,train,time series data/caltech/California_Garage_01/2-39-92-442-2018-07-16T19-33-52-365550.csv.gz
ev_0329,ev,simulation_feeder_09,11.02,2026-01-15T22:15:00+05:30,2026-01-15T23:05:30+05:30,3.593,2.874,9.275,15,50,2026-01-15T23:05:30+05:30,1.4,11.02,0.141,0.9101,available,61.85,60.2,66.0,train,time series data/caltech/California_Garage_02/2-6-3-1632-2020-05-25T16-58-42-185224.csv.gz
ev_0330,ev,simulation_feeder_10,22.0,2026-01-15T03:30:00+05:30,2026-01-15T03:50:00.004350+05:30,7.333,5.866,7.333,15,20,2026-01-15T03:50:00.004350+05:30,1.4,22.0,0.1316,0.9334,available,50.39,32.9,47.5,train,time series data/caltech/California_Garage_02/2-6-65-4549-2020-12-01T22-05-24-962853.csv.gz
ev_0331,ev,simulation_feeder_01,3.23,2026-01-15T21:00:00+05:30,2026-01-16T02:05:05+05:30,5.934,4.747,16.424,15,305,2026-01-16T02:05:05+05:30,1.4,3.23,0.1058,0.9455,available,99.46,71.2,77.2,train,time series data/jpl/Arroyo_Garage_01/1-1-194-821-2020-12-01T15-44-43-139270.csv.gz
ev_0332,ev,simulation_feeder_02,3.19,2026-01-15T21:30:00+05:30,2026-01-16T06:53:31+05:30,7.095,5.676,29.96,15,563,2026-01-16T06:53:31+05:30,1.4,3.19,0.042,0.8627,available,46.95,18.1,33.2,train,time series data/caltech/California_Garage_02/2-6-3-1361-2019-10-24T16-14-53-208930.csv.gz
ev_0333,ev,simulation_feeder_03,3.55,2026-01-15T21:00:00+05:30,2026-01-16T05:51:23+05:30,6.608,5.286,31.44,15,531,2026-01-16T05:51:23+05:30,1.4,3.55,0.1812,0.9417,available,70.67,39.8,49.2,train,time series data/caltech/California_Garage_01/2-39-78-361-2018-09-17T15-30-58-026852.csv.gz
ev_0334,ev,simulation_feeder_04,6.6,2026-01-15T18:30:00+05:30,2026-01-15T19:46:55+05:30,8.157,6.526,8.461,15,76,2026-01-15T19:46:55+05:30,1.4,6.6,0.1585,0.8632,available,69.93,33.2,44.9,train,time series data/caltech/California_Garage_01/2-39-139-28-2018-09-06T13-06-00-415658.csv.gz
ev_0335,ev,simulation_feeder_05,3.47,2026-01-15T23:15:00+05:30,2026-01-16T04:55:59+05:30,8.24,6.592,19.72,15,340,2026-01-16T04:55:59+05:30,1.4,3.47,0.0924,0.9188,available,39.75,26.2,46.9,train,time series data/caltech/California_Garage_01/2-39-79-378-2018-07-03T17-47-37-068997.csv.gz
ev_0336,ev,simulation_feeder_06,1.59,2026-01-15T01:30:00+05:30,2026-01-15T03:41:13+05:30,0.821,0.657,3.477,15,131,2026-01-15T03:41:13+05:30,1.4,1.59,0.1744,0.9897,available,61.71,57.3,58.6,train,time series data/caltech/California_Garage_01/2-39-79-376-2019-12-17T20-14-07-261926.csv.gz
ev_0337,ev,simulation_feeder_07,3.4,2026-01-15T17:15:00+05:30,2026-01-16T01:55:58+05:30,11.604,9.283,29.521,15,520,2026-01-16T01:55:58+05:30,1.4,3.4,0.1548,0.939,available,74.84,21.6,37.1,train,time series data/caltech/California_Garage_01/2-39-79-377-2018-05-17T11-46-39-805489.csv.gz
ev_0338,ev,simulation_feeder_08,6.79,2026-01-15T00:30:00+05:30,2026-01-15T07:04:56+05:30,22.469,17.975,44.693,15,394,2026-01-15T07:04:56+05:30,1.4,6.79,0.1609,0.8826,available,51.67,36.5,80.0,train,time series data/caltech/California_Garage_01/2-39-78-367-2019-03-07T19-03-59-792267.csv.gz
ev_0339,ev,simulation_feeder_09,1.7,2026-01-15T09:15:00+05:30,2026-01-15T09:30:00+05:30,0.01,0.008,0.425,15,15,2026-01-15T09:30:00+05:30,1.4,1.7,0.1307,0.9699,available,80.93,28.6,28.6,train,time series data/caltech/California_Garage_01/2-39-79-381-2018-06-19T03-52-28-401298.csv.gz
ev_0340,ev,simulation_feeder_10,6.68,2026-01-15T22:30:00+05:30,2026-01-16T02:56:43+05:30,24.87,19.896,29.694,15,266,2026-01-16T02:56:43+05:30,1.4,6.68,0.1389,0.9156,available,84.11,39.0,68.6,train,time series data/caltech/California_Garage_01/2-39-79-380-2018-09-11T17-09-22-234833.csv.gz
ev_0341,ev,simulation_feeder_01,3.37,2026-01-15T22:15:00+05:30,2026-01-16T00:12:45+05:30,6.494,5.195,6.614,15,117,2026-01-16T00:12:45+05:30,1.4,3.37,0.0844,0.9685,available,47.11,67.2,81.0,train,time series data/jpl/Arroyo_Garage_01/1-1-178-823-2020-09-14T16-56-49-523531.csv.gz
ev_0342,ev,simulation_feeder_02,6.51,2026-01-15T23:15:00+05:30,2026-01-16T03:10:35+05:30,24.476,19.581,25.561,15,235,2026-01-16T03:10:35+05:30,1.4,6.51,0.1071,0.9643,available,89.7,46.5,73.8,train,time series data/office_01/Parking_Lot_01/19-102-260-1639-2020-01-23T17-55-49-528244.csv.gz
ev_0343,ev,simulation_feeder_03,11.21,2026-01-15T03:00:00+05:30,2026-01-15T04:55:21+05:30,20.409,16.327,21.551,15,115,2026-01-15T04:55:21+05:30,1.4,11.21,0.0732,0.9159,available,70.45,15.5,44.5,train,time series data/caltech/California_Garage_02/2-6-3-1630-2019-09-28T21-43-31-348032.csv.gz
ev_0344,ev,simulation_feeder_04,7.29,2026-01-15T07:30:00+05:30,2026-01-15T08:19:46+05:30,5.727,4.582,6.047,15,49,2026-01-15T08:19:46+05:30,1.4,7.29,0.0884,0.9051,available,86.29,73.0,79.6,train,time series data/caltech/California_Garage_02/2-6-3-1629-2019-06-20T02-11-53-059095.csv.gz
ev_0345,ev,simulation_feeder_05,1.4,2026-01-15T06:00:00+05:30,2026-01-15T06:15:00+05:30,0.01,0.008,0.35,15,15,2026-01-15T06:15:00+05:30,1.4,1.4,0.1093,0.8643,available,64.79,72.8,72.8,train,time series data/caltech/California_Garage_01/2-39-130-31-2019-07-07T00-32-35-673645.csv.gz
ev_0346,ev,simulation_feeder_06,9.99,2026-01-15T00:45:00+05:30,2026-01-15T01:10:51+05:30,4.186,3.349,4.304,15,25,2026-01-15T01:10:51+05:30,1.4,9.99,0.1661,0.9298,available,72.12,25.5,31.3,train,time series data/caltech/California_Garage_02/2-6-3-1360-2019-01-04T19-16-25-641509.csv.gz
ev_0347,ev,simulation_feeder_07,3.33,2026-01-15T00:00:00+05:30,2026-01-15T02:15:11+05:30,4.138,3.31,7.503,15,135,2026-01-15T02:15:11+05:30,1.4,3.33,0.1857,0.8809,available,49.72,66.1,74.4,train,time series data/caltech/California_Garage_01/2-39-78-365-2020-02-26T18-36-17-018130.csv.gz
ev_0348,ev,simulation_feeder_08,9.92,2026-01-15T20:15:00+05:30,2026-01-15T21:01:12+05:30,6.606,5.285,7.638,15,46,2026-01-15T21:01:12+05:30,1.4,9.92,0.0581,0.9751,available,96.49,30.4,37.2,train,time series data/caltech/California_Garage_02/2-6-3-1361-2019-04-01T14-46-59-608127.csv.gz
ev_0349,ev,simulation_feeder_09,2.43,2026-01-15T21:30:00+05:30,2026-01-16T06:09:19+05:30,5.105,4.084,21.032,15,519,2026-01-16T06:09:19+05:30,1.4,2.43,0.0662,0.9045,available,84.06,34.8,40.9,train,time series data/jpl/Arroyo_Garage_01/1-1-194-818-2020-07-06T16-05-42-848936.csv.gz
ev_0350,ev,simulation_feeder_10,7.41,2026-01-15T22:00:00+05:30,2026-01-16T06:35:22+05:30,21.985,17.588,63.648,15,515,2026-01-16T06:35:22+05:30,1.4,7.41,0.1116,0.9759,available,68.33,54.3,86.5,train,time series data/caltech/California_Garage_02/2-6-3-1623-2019-11-22T16-42-21-071044.csv.gz
ev_0351,ev,simulation_feeder_01,2.31,2026-01-15T05:30:00+05:30,2026-01-15T08:06:21+05:30,2.535,2.028,6.019,15,156,2026-01-15T08:06:21+05:30,1.4,2.31,0.0806,0.9826,available,99.79,86.2,88.7,train,time series data/caltech/California_Garage_01/2-39-79-382-2018-10-25T00-11-51-696440.csv.gz
ev_0352,ev,simulation_feeder_02,10.74,2026-01-15T05:45:00+05:30,2026-01-15T06:20:24+05:30,3.021,2.417,6.337,15,35,2026-01-15T06:20:24+05:30,1.4,10.74,0.1622,0.9073,available,54.97,76.2,81.7,train,time series data/caltech/California_Garage_02/2-6-3-1631-2020-04-24T00-27-10-050196.csv.gz
ev_0353,ev,simulation_feeder_03,6.38,2026-01-15T03:15:00+05:30,2026-01-15T09:47:43+05:30,11.401,9.121,38.13,15,392,2026-01-15T09:47:43+05:30,1.4,6.38,0.1201,0.9004,available,38.13,20.5,50.4,train,time series data/caltech/N_Wilson_Garage_01/2-137-441-3006-2020-02-22T21-59-39-440582.csv.gz
ev_0354,ev,simulation_feeder_04,7.53,2026-01-15T10:15:00+05:30,2026-01-15T13:54:58+05:30,26.676,21.341,27.606,15,219,2026-01-15T13:54:58+05:30,1.4,7.53,0.063,0.9391,available,60.29,29.9,74.1,train,time series data/caltech/California_Garage_02/2-6-3-1631-2019-09-12T04-49-34-772976.csv.gz
ev_0355,ev,simulation_feeder_05,3.31,2026-01-15T02:45:00+05:30,2026-01-15T03:47:35+05:30,3.342,2.674,3.453,15,62,2026-01-15T03:47:35+05:30,1.4,3.31,0.2159,0.9789,available,38.61,16.5,25.2,train,time series data/caltech/California_Garage_02/2-6-3-1363-2020-04-28T21-18-29-984832.csv.gz
ev_0356,ev,simulation_feeder_06,6.3,2026-01-15T19:30:00+05:30,2026-01-16T05:15:03+05:30,13.246,10.597,61.43,15,585,2026-01-16T05:15:03+05:30,1.4,6.3,0.1223,0.8889,available,67.4,23.5,43.2,train,time series data/caltech/California_Garage_01/2-39-79-377-2018-09-19T14-13-08-327871.csv.gz
ev_0357,ev,simulation_feeder_07,6.62,2026-01-15T02:45:00+05:30,2026-01-15T06:02:02+05:30,13.168,10.534,21.739,15,197,2026-01-15T06:02:02+05:30,1.4,6.62,0.0591,0.8847,available,63.73,29.1,49.8,train,time series data/caltech/California_Garage_01/2-39-79-378-2018-06-22T21-29-32-213819.csv.gz
ev_0358,ev,simulation_feeder_08,6.81,2026-01-15T23:30:00+05:30,2026-01-16T07:31:40+05:30,16.541,13.233,54.669,15,481,2026-01-16T07:31:40+05:30,1.4,6.81,0.1665,0.898,available,58.0,28.9,57.4,train,time series data/caltech/California_Garage_01/2-39-78-363-2019-06-18T18-01-13-677057.csv.gz
ev_0359,ev,simulation_feeder_09,6.32,2026-01-15T00:30:00+05:30,2026-01-15T03:55:40+05:30,7.563,6.05,21.664,15,205,2026-01-15T03:55:40+05:30,1.4,6.32,0.0848,0.8971,available,38.51,24.6,44.2,train,time series data/caltech/California_Garage_02/2-6-3-1367-2019-08-28T19-14-53-284020.csv.gz
ev_0360,ev,simulation_feeder_10,9.94,2026-01-15T10:30:00+05:30,2026-01-15T20:58:48+05:30,39.594,31.675,79.56,15,628,2026-01-15T20:58:48+05:30,1.4,9.94,0.1764,0.9138,available,79.56,34.6,84.4,train,time series data/caltech/California_Garage_02/2-6-3-1366-2019-02-06T05-11-01-196706.csv.gz
ev_0361,ev,simulation_feeder_01,6.42,2026-01-15T08:15:00+05:30,2026-01-15T08:37:59+05:30,2.351,1.881,2.459,15,22,2026-01-15T08:37:59+05:30,1.4,6.42,0.1539,0.9448,available,46.37,16.2,21.3,train,time series data/caltech/California_Garage_02/2-6-3-1361-2019-09-08T02-59-33-260951.csv.gz
ev_0362,ev,simulation_feeder_02,22.0,2026-01-15T09:15:00+05:30,2026-01-15T09:30:00+05:30,1.134,0.907,5.5,15,15,2026-01-15T09:30:00+05:30,1.4,22.0,0.1406,0.9806,available,85.3,86.4,87.7,train,time series data/caltech/N_Wilson_Garage_01/2-137-521-3845-2020-10-08T03-55-12-287335.csv.gz
ev_0363,ev,simulation_feeder_03,1.89,2026-01-15T20:00:00+05:30,2026-01-16T00:45:56+05:30,0.882,0.706,9.007,15,285,2026-01-16T00:45:56+05:30,1.4,1.89,0.089,0.9655,available,98.39,82.1,83.0,train,time series data/jpl/Arroyo_Garage_01/1-1-194-822-2020-07-21T14-31-36-433572.csv.gz
ev_0364,ev,simulation_feeder_04,3.03,2026-01-15T22:45:00+05:30,2026-01-16T04:58:45+05:30,7.003,5.602,18.874,15,373,2026-01-16T04:58:45+05:30,1.4,3.03,0.1707,0.9586,available,98.44,26.1,33.2,train,time series data/caltech/California_Garage_02/2-6-3-1364-2020-11-05T17-15-35-187312.csv.gz
ev_0365,ev,simulation_feeder_05,1.4,2026-01-15T23:45:00+05:30,2026-01-16T00:01:45+05:30,0.391,0.313,0.391,15,16,2026-01-16T00:01:45+05:30,1.4,1.4,0.1928,0.9286,available,87.21,83.2,83.6,train,time series data/caltech/California_Garage_01/2-39-89-25-2019-08-13T16-23-29-714422.csv.gz
ev_0366,ev,simulation_feeder_06,3.79,2026-01-15T01:30:00+05:30,2026-01-15T06:22:47+05:30,4.646,3.717,18.494,15,292,2026-01-15T06:22:47+05:30,1.4,3.79,0.2038,0.9566,available,64.14,54.5,61.7,train,time series data/caltech/California_Garage_01/2-39-95-444-2020-02-14T20-09-19-242768.csv.gz
ev_0367,ev,simulation_feeder_07,3.6,2026-01-15T21:30:00+05:30,2026-01-16T11:15:38+05:30,15.648,12.518,49.538,15,825,2026-01-16T11:15:38+05:30,1.4,3.6,0.0251,0.904,available,61.74,38.8,64.1,train,time series data/caltech/California_Garage_01/2-39-79-377-2019-03-07T16-05-56-948538.csv.gz
ev_0368,ev,simulation_feeder_08,6.93,2026-01-15T21:00:00+05:30,2026-01-16T04:55:58+05:30,22.478,17.982,54.974,15,475,2026-01-16T04:55:58+05:30,1.4,6.93,0.1596,0.9324,available,99.87,49.8,72.3,train,time series data/caltech/California_Garage_01/2-39-79-383-2019-03-25T15-42-20-096968.csv.gz
ev_0369,ev,simulation_feeder_09,3.34,2026-01-15T21:30:00+05:30,2026-01-16T06:26:08+05:30,9.514,7.611,29.845,15,536,2026-01-16T06:26:08+05:30,1.4,3.34,0.2194,0.8852,available,90.96,69.3,79.8,train,time series data/jpl/Arroyo_Garage_01/1-1-193-816-2020-10-26T16-06-14-586353.csv.gz
ev_0370,ev,simulation_feeder_10,3.31,2026-01-15T21:00:00+05:30,2026-01-16T05:49:10+05:30,5.703,4.562,29.192,15,529,2026-01-16T05:49:10+05:30,1.4,3.31,0.039,0.9633,available,74.77,18.1,25.7,train,time series data/caltech/California_Garage_02/2-6-3-1362-2019-10-22T15-39-50-848747.csv.gz
ev_0371,ev,simulation_feeder_01,6.34,2026-01-15T19:00:00+05:30,2026-01-16T00:20:52+05:30,17.787,14.23,33.905,15,320,2026-01-16T00:20:52+05:30,1.4,6.34,0.0432,0.9216,available,70.61,50.5,75.7,train,time series data/caltech/California_Garage_02/2-6-3-1356-2019-10-16T13-44-21-057781.csv.gz
ev_0372,ev,simulation_feeder_02,3.35,2026-01-15T20:45:00+05:30,2026-01-16T00:35:56+05:30,4.414,3.531,12.894,15,230,2026-01-16T00:35:56+05:30,1.4,3.35,0.2147,0.9301,available,57.02,60.5,68.2,train,time series data/caltech/California_Garage_01/2-39-127-19-2019-05-09T15-28-35-482330.csv.gz
ev_0373,ev,simulation_feeder_03,10.18,2026-01-15T07:30:00+05:30,2026-01-15T07:45:15+05:30,2.323,1.858,2.587,15,15,2026-01-15T07:45:15+05:30,1.4,10.18,0.1049,0.9144,available,76.51,75.1,78.1,train,time series data/caltech/California_Garage_02/2-6-3-1362-2019-11-13T02-09-09-628992.csv.gz
ev_0374,ev,simulation_feeder_04,6.8,2026-01-15T04:30:00+05:30,2026-01-15T07:21:15+05:30,13.961,11.169,19.408,15,171,2026-01-15T07:21:15+05:30,1.4,6.8,0.0555,0.9286,available,59.17,38.2,61.8,train,time series data/caltech/California_Garage_01/2-39-127-19-2018-07-06T23-00-38-707636.csv.gz
ev_0375,ev,simulation_feeder_05,3.37,2026-01-15T23:30:00+05:30,2026-01-16T01:54:30+05:30,6.763,5.41,8.116,15,144,2026-01-16T01:54:30+05:30,1.4,3.37,0.0414,0.9325,available,95.77,31.1,38.2,train,time series data/caltech/California_Garage_01/2-39-88-438-2020-01-21T18-09-14-007267.csv.gz
ev_0376,ev,simulation_feeder_06,22.0,2026-01-15T17:30:00+05:30,2026-01-15T17:45:00+05:30,0.74,0.592,5.5,15,15,2026-01-15T17:45:00+05:30,1.4,22.0,0.1122,0.9054,available,74.46,32.1,33.1,train,time series data/caltech/N_Wilson_Garage_01/2-137-521-3845-2020-08-30T12-14-21-399734.csv.gz
ev_0377,ev,simulation_feeder_07,1.45,2026-01-15T21:30:00+05:30,2026-01-15T21:45:00+05:30,0.039,0.031,0.362,15,15,2026-01-15T21:45:00+05:30,1.4,1.45,0.1846,0.926,available,48.66,55.9,56.0,train,time series data/caltech/California_Garage_01/2-39-139-567-2018-06-05T16-04-22-937572.csv.gz
ev_0378,ev,simulation_feeder_08,3.55,2026-01-15T20:15:00+05:30,2026-01-16T03:03:05+05:30,5.359,4.287,24.145,15,408,2026-01-16T03:03:05+05:30,1.4,3.55,0.0518,0.8751,available,44.85,40.9,52.8,train,time series data/caltech/California_Garage_01/2-39-88-24-2018-06-27T14-50-56-498846.csv.gz
ev_0379,ev,simulation_feeder_09,1.83,2026-01-15T00:45:00+05:30,2026-01-15T04:34:36+05:30,0.888,0.71,7.003,15,229,2026-01-15T04:34:36+05:30,1.4,1.83,0.0387,0.8873,available,95.66,88.8,89.7,train,time series data/caltech/California_Garage_01/2-39-95-444-2019-04-22T19-19-15-098838.csv.gz
ev_0380,ev,simulation_feeder_10,11.12,2026-01-15T20:15:00+05:30,2026-01-15T20:35:07+05:30,3.198,2.558,3.728,15,20,2026-01-15T20:35:07+05:30,1.4,11.12,0.1641,0.9779,available,48.38,69.2,75.8,train,time series data/caltech/California_Garage_02/2-6-3-1629-2019-09-04T14-54-21-243393.csv.gz
ev_0381,ev,simulation_feeder_01,2.54,2026-01-15T07:45:00+05:30,2026-01-15T08:54:59+05:30,2.221,1.777,2.963,15,69,2026-01-15T08:54:59+05:30,1.4,2.54,0.2044,0.8628,available,95.75,29.7,32.0,train,time series data/caltech/California_Garage_01/2-39-78-365-2018-08-14T02-18-52-382515.csv.gz
ev_0382,ev,simulation_feeder_02,6.75,2026-01-15T22:15:00+05:30,2026-01-16T07:26:30+05:30,11.23,8.984,62.044,15,551,2026-01-16T07:26:30+05:30,1.4,6.75,0.0782,0.9835,available,77.61,42.5,57.0,train,time series data/caltech/California_Garage_01/2-39-139-567-2018-09-06T16-57-25-817295.csv.gz
ev_0383,ev,simulation_feeder_03,3.58,2026-01-15T21:15:00+05:30,2026-01-15T23:18:13+05:30,4.906,3.925,7.352,15,123,2026-01-15T23:18:13+05:30,1.4,3.58,0.0995,0.9038,available,72.6,50.1,56.9,train,time series data/caltech/California_Garage_01/2-39-139-28-2018-07-22T15-58-14-667606.csv.gz
ev_0384,ev,simulation_feeder_04,3.19,2026-01-15T22:00:00+05:30,2026-01-16T05:38:37+05:30,11.703,9.362,24.383,15,458,2026-01-16T05:38:37+05:30,1.4,3.19,0.0997,0.9005,available,69.25,10.5,27.4,train,time series data/caltech/S_Wilson_Garage_01/2-105-277-1697-2019-09-30T16-42-15-239637.csv.gz
ev_0385,ev,simulation_feeder_05,6.92,2026-01-15T20:00:00+05:30,2026-01-16T10:00:17+05:30,5.569,4.455,73.26,15,840,2026-01-16T10:00:17+05:30,1.4,6.92,0.2189,0.9739,available,73.26,39.0,46.6,train,time series data/caltech/California_Garage_01/2-39-139-28-2018-08-24T14-33-31-688846.csv.gz
ev_0386,ev,simulation_feeder_06,3.57,2026-01-15T05:15:00+05:30,2026-01-15T18:42:47+05:30,16.728,13.382,43.83,15,807,2026-01-15T18:42:47+05:30,1.4,3.57,0.1968,0.9198,available,43.83,29.0,67.2,train,time series data/caltech/California_Garage_01/2-39-79-379-2018-07-30T23-53-59-482243.csv.gz
ev_0387,ev,simulation_feeder_07,3.24,2026-01-15T07:30:00+05:30,2026-01-15T07:57:11+05:30,1.425,1.14,1.468,15,27,2026-01-15T07:57:11+05:30,1.4,3.24,0.1478,0.8813,available,78.64,65.5,67.3,train,time series data/caltech/S_Wilson_Garage_01/2-105-277-1696-2020-04-21T02-10-49-267571.csv.gz
ev_0388,ev,simulation_feeder_08,7.15,2026-01-15T22:00:00+05:30,2026-01-16T05:28:35+05:30,46.645,37.316,53.456,15,448,2026-01-16T05:28:35+05:30,1.4,7.15,0.1727,0.9285,available,93.31,23.1,73.1,train,time series data/caltech/California_Garage_01/2-39-79-381-2019-10-30T16-30-24-843730.csv.gz
ev_0389,ev,simulation_feeder_09,3.35,2026-01-15T02:15:00+05:30,2026-01-15T07:49:19+05:30,1.504,1.203,18.666,15,334,2026-01-15T07:49:19+05:30,1.4,3.35,0.056,0.9818,available,76.61,23.3,25.3,train,time series data/caltech/California_Garage_01/2-39-139-28-2018-12-18T20-57-06-834932.csv.gz
ev_0390,ev,simulation_feeder_10,5.12,2026-01-15T22:30:00+05:30,2026-01-16T07:28:28+05:30,12.813,10.25,45.949,15,538,2026-01-16T07:28:28+05:30,1.4,5.12,0.1522,0.9802,available,94.37,26.5,40.1,train,time series data/caltech/California_Garage_01/2-39-78-363-2019-09-05T17-07-34-261661.csv.gz
ev_0391,ev,simulation_feeder_01,6.73,2026-01-15T07:45:00+05:30,2026-01-15T08:03:48+05:30,1.887,1.51,2.109,15,18,2026-01-15T08:03:48+05:30,1.4,6.73,0.145,0.8648,available,47.2,81.9,85.9,train,time series data/caltech/California_Garage_01/2-39-78-365-2018-08-05T02-28-10-441095.csv.gz
ev_0392,ev,simulation_feeder_02,3.19,2026-01-15T01:00:00+05:30,2026-01-15T04:34:31+05:30,11.081,8.865,11.405,15,214,2026-01-15T04:34:31+05:30,1.4,3.19,0.1363,0.8931,available,37.22,44.6,74.4,train,time series data/jpl/Arroyo_Garage_01/1-1-179-787-2020-10-07T19-33-41-944954.csv.gz
ev_0393,ev,simulation_feeder_03,3.57,2026-01-15T22:15:00+05:30,2026-01-16T08:12:16+05:30,4.305,3.444,35.537,15,597,2026-01-16T08:12:16+05:30,1.4,3.57,0.0434,0.8791,available,39.45,40.5,51.4,train,time series data/caltech/California_Garage_01/2-39-125-21-2018-11-29T16-56-13-952876.csv.gz
ev_0394,ev,simulation_feeder_04,6.17,2026-01-15T01:00:00+05:30,2026-01-15T01:36:34+05:30,0.84,0.672,3.76,15,36,2026-01-15T01:36:34+05:30,1.4,6.17,0.0811,0.9453,available,72.8,54.6,55.8,train,time series data/jpl/Arroyo_Garage_01/1-1-191-792-2020-11-24T19-37-25-059953.csv.gz
ev_0395,ev,simulation_feeder_05,3.51,2026-01-15T23:15:00+05:30,2026-01-16T07:12:05+05:30,4.855,3.884,27.909,15,477,2026-01-16T07:12:05+05:30,1.4,3.51,0.1184,0.8908,available,91.78,78.2,83.5,train,time series data/caltech/California_Garage_01/2-39-90-26-2018-11-30T17-54-02-503270.csv.gz
ev_0396,ev,simulation_feeder_06,11.1,2026-01-15T10:45:00+05:30,2026-01-15T11:00:00+05:30,2.424,1.939,2.775,15,15,2026-01-15T11:00:00+05:30,1.4,11.1,0.1579,0.9198,available,68.98,40.4,43.9,train,time series data/caltech/California_Garage_02/2-6-3-1625-2020-06-29T05-25-15-890798.csv.gz
ev_0397,ev,simulation_feeder_07,6.4,2026-01-15T18:15:00+05:30,2026-01-16T00:13:36+05:30,13.043,10.434,38.251,15,358,2026-01-16T00:13:36+05:30,1.4,6.4,0.0583,0.9597,available,82.57,41.2,57.0,train,time series data/jpl/Arroyo_Garage_01/1-1-178-823-2020-10-20T12-50-55-092412.csv.gz
ev_0398,ev,simulation_feeder_08,10.95,2026-01-15T06:30:00+05:30,2026-01-15T09:00:56+05:30,26.655,21.324,27.545,15,150,2026-01-15T09:00:56+05:30,1.4,10.95,0.068,0.9319,available,81.74,22.9,55.5,train,time series data/caltech/California_Garage_02/2-6-3-1624-2019-08-03T01-00-04-778126.csv.gz
ev_0399,ev,simulation_feeder_09,3.36,2026-01-15T21:00:00+05:30,2026-01-16T02:49:24+05:30,7.855,6.284,19.566,15,349,2026-01-16T02:49:24+05:30,1.4,3.36,0.1448,0.8706,available,99.78,13.9,21.8,train,time series data/caltech/S_Wilson_Garage_01/2-105-277-1696-2020-09-25T15-38-41-696264.csv.gz
ev_0400,ev,simulation_feeder_10,1.72,2026-01-15T01:30:00+05:30,2026-01-15T03:20:05+05:30,0.519,0.415,3.156,15,110,2026-01-15T03:20:05+05:30,1.4,1.72,0.0548,0.986,available,45.1,54.4,55.6,train,time series data/caltech/California_Garage_01/2-39-79-380-2019-10-23T20-00-24-298778.csv.gz
ev_0401,ev,simulation_feeder_01,22.0,2026-01-15T09:45:00+05:30,2026-01-15T10:16:50.579435+05:30,11.676,9.341,11.676,15,31,2026-01-15T10:16:50.579435+05:30,1.4,22.0,0.199,0.9898,available,47.81,44.2,68.6,train,time series data/caltech/California_Garage_02/2-6-65-4549-2020-09-22T04-15-42-747944.csv.gz
ev_0402,ev,simulation_feeder_02,7.01,2026-01-15T21:00:00+05:30,2026-01-16T05:47:59+05:30,6.949,5.559,61.686,15,527,2026-01-16T05:47:59+05:30,1.4,7.01,0.0433,0.876,available,74.94,21.3,30.6,train,time series data/caltech/California_Garage_01/2-39-89-25-2018-07-17T15-35-09-098460.csv.gz
ev_0403,ev,simulation_feeder_03,7.05,2026-01-15T09:30:00+05:30,2026-01-15T19:08:22+05:30,41.881,33.505,67.958,15,578,2026-01-15T19:08:22+05:30,1.4,7.05,0.2122,0.9154,available,71.23,18.7,77.5,train,time series data/caltech/California_Garage_01/2-39-89-25-2018-07-09T04-10-16-301277.csv.gz
ev_0404,ev,simulation_feeder_04,3.36,2026-01-15T07:15:00+05:30,2026-01-15T07:38:50+05:30,0.765,0.612,1.335,15,23,2026-01-15T07:38:50+05:30,1.4,3.36,0.0363,0.9104,available,68.54,24.9,26.0,train,time series data/caltech/N_Wilson_Garage_01/2-137-441-3011-2020-08-06T01-57-49-542026.csv.gz
ev_0405,ev,simulation_feeder_05,8.45,2026-01-15T05:45:00+05:30,2026-01-15T07:03:01+05:30,10.156,8.125,10.987,15,78,2026-01-15T07:03:01+05:30,1.4,8.45,0.1584,0.8691,available,60.2,19.5,36.4,train,time series data/caltech/California_Garage_02/2-6-3-1369-2019-10-22T00-17-35-048816.csv.gz
ev_0406,ev,simulation_feeder_06,1.91,2026-01-15T01:15:00+05:30,2026-01-15T02:31:19+05:30,0.968,0.774,2.429,15,76,2026-01-15T02:31:19+05:30,1.4,1.91,0.1673,0.9171,available,63.84,24.7,26.2,train,time series data/caltech/California_Garage_01/2-39-129-17-2019-03-13T19-52-16-252200.csv.gz
ev_0407,ev,simulation_feeder_07,3.03,2026-01-15T03:15:00+05:30,2026-01-15T04:09:48+05:30,1.004,0.803,2.767,15,54,2026-01-15T04:09:48+05:30,1.4,3.03,0.129,0.9824,available,42.9,52.3,54.6,train,time series data/caltech/California_Garage_02/2-6-3-1361-2020-01-05T21-51-08-047126.csv.gz
ev_0408,ev,simulation_feeder_08,3.46,2026-01-15T02:30:00+05:30,2026-01-15T04:24:41+05:30,6.218,4.974,6.613,15,114,2026-01-15T04:24:41+05:30,1.4,3.46,0.0664,0.8618,available,56.34,52.5,63.5,train,time series data/caltech/N_Wilson_Garage_01/2-137-441-3000-2020-07-05T21-08-46-276970.csv.gz
ev_0409,ev,simulation_feeder_09,3.56,2026-01-15T01:00:00+05:30,2026-01-15T06:52:02+05:30,6.675,5.34,20.887,15,352,2026-01-15T06:52:02+05:30,1.4,3.56,0.1936,0.9527,available,43.08,67.6,83.1,train,time series data/caltech/California_Garage_01/2-39-88-24-2018-09-10T19-31-31-712991.csv.gz
ev_0410,ev,simulation_feeder_10,22.0,2026-01-15T08:15:00+05:30,2026-01-15T09:04:55.460687+05:30,13.697,10.958,18.306,15,49,2026-01-15T09:04:55.460687+05:30,1.4,22.0,0.1807,0.9349,available,70.09,61.0,80.5,train,time series data/caltech/California_Garage_01/2-39-81-4550-2020-09-10T02-46-16-906025.csv.gz
ev_0411,ev,simulation_feeder_01,6.84,2026-01-15T02:45:00+05:30,2026-01-15T06:14:27+05:30,13.87,11.096,23.877,15,209,2026-01-15T06:14:27+05:30,1.4,6.84,0.1292,0.968,available,48.51,12.4,41.0,train,time series data/caltech/California_Garage_01/2-39-139-28-2018-08-19T21-19-48-509362.csv.gz
ev_0412,ev,simulation_feeder_02,6.51,2026-01-15T20:30:00+05:30,2026-01-16T05:07:17+05:30,13.773,11.018,56.125,15,517,2026-01-16T05:07:17+05:30,1.4,6.51,0.2086,0.9286,available,92.05,71.4,86.4,train,time series data/caltech/California_Garage_02/2-6-3-1368-2019-11-26T15-09-10-671117.csv.gz
ev_0413,ev,simulation_feeder_03,6.89,2026-01-15T07:30:00+05:30,2026-01-15T10:10:41+05:30,14.069,11.255,18.452,15,160,2026-01-15T10:10:41+05:30,1.4,6.89,0.1765,0.882,available,66.75,67.0,88.1,train,time series data/caltech/California_Garage_01/2-39-91-437-2018-06-25T02-09-49-305660.csv.gz
ev_0414,ev,simulation_feeder_04,6.51,2026-01-15T09:45:00+05:30,2026-01-15T12:27:57+05:30,16.6,13.28,17.68,15,162,2026-01-15T12:27:57+05:30,1.4,6.51,0.0428,0.969,available,51.9,52.5,84.5,train,time series data/caltech/S_Wilson_Garage_01/2-105-277-1699-2019-11-16T04-26-10-089919.csv.gz
ev_0415,ev,simulation_feeder_05,3.08,2026-01-15T07:30:00+05:30,2026-01-15T07:45:00+05:30,0.415,0.332,0.77,15,15,2026-01-15T07:45:00+05:30,1.4,3.08,0.0323,0.8895,available,51.84,41.6,42.4,train,time series data/caltech/California_Garage_02/2-6-3-1368-2019-08-24T02-14-28-872138.csv.gz
ev_0416,ev,simulation_feeder_06,6.88,2026-01-15T21:15:00+05:30,2026-01-15T22:11:41+05:30,3.804,3.043,6.5,15,56,2026-01-15T22:11:41+05:30,1.4,6.88,0.0348,0.9738,available,84.75,11.9,16.4,train,time series data/caltech/California_Garage_01/2-39-90-26-2018-10-24T15-57-49-716428.csv.gz
ev_0417,ev,simulation_feeder_07,6.48,2026-01-15T21:15:00+05:30,2026-01-16T04:10:45+05:30,13.903,11.122,44.901,15,415,2026-01-16T04:10:45+05:30,1.4,6.48,0.214,0.9582,available,50.25,24.9,52.6,train,time series data/caltech/California_Garage_01/2-39-128-562-2018-08-31T15-57-29-982175.csv.gz
ev_0418,ev,simulation_feeder_08,1.79,2026-01-15T22:15:00+05:30,2026-01-16T06:29:05+05:30,0.99,0.792,14.74,15,494,2026-01-16T06:29:05+05:30,1.4,1.79,0.0777,0.8984,available,56.46,50.8,52.6,train,time series data/caltech/California_Garage_01/2-39-78-366-2019-07-11T16-56-58-911917.csv.gz
ev_0419,ev,simulation_feeder_09,1.4,2026-01-15T01:45:00+05:30,2026-01-15T02:00:00+05:30,0.01,0.008,0.35,15,15,2026-01-15T02:00:00+05:30,1.4,1.4,0.0559,0.9513,available,37.7,59.6,59.6,train,time series data/caltech/California_Garage_01/2-39-138-566-2018-09-27T20-27-48-592310.csv.gz
ev_0420,ev,simulation_feeder_10,7.07,2026-01-15T00:15:00+05:30,2026-01-15T02:14:33+05:30,13.514,10.811,14.087,15,119,2026-01-15T02:14:33+05:30,1.4,7.07,0.2079,0.9211,available,37.15,42.4,78.8,train,time series data/caltech/California_Garage_01/2-39-129-17-2018-10-06T18-54-13-755526.csv.gz
ev_0421,ev,simulation_feeder_01,6.7,2026-01-15T04:45:00+05:30,2026-01-15T05:00:00+05:30,0.171,0.137,1.675,15,15,2026-01-15T05:00:00+05:30,1.4,6.7,0.184,0.8788,available,76.55,20.8,21.0,train,time series data/caltech/California_Garage_01/2-39-129-17-2018-07-21T23-18-03-977015.csv.gz
ev_0422,ev,simulation_feeder_02,6.68,2026-01-15T09:45:00+05:30,2026-01-15T10:00:00+05:30,0.04,0.032,1.67,15,15,2026-01-15T10:00:00+05:30,1.4,6.68,0.1203,0.887,available,52.34,87.0,87.1,train,time series data/caltech/California_Garage_01/2-39-79-381-2018-09-11T04-21-39-236159.csv.gz
ev_0423,ev,simulation_feeder_03,6.56,2026-01-15T22:30:00+05:30,2026-01-16T05:54:14+05:30,11.108,8.886,48.57,15,444,2026-01-16T05:54:14+05:30,1.4,6.56,0.1118,0.9078,available,95.35,64.1,75.7,train,time series data/caltech/California_Garage_01/2-39-92-436-2020-01-30T17-08-27-934445.csv.gz
ev_0424,ev,simulation_feeder_04,7.07,2026-01-15T07:15:00+05:30,2026-01-15T08:39:28+05:30,9.328,7.462,9.953,15,84,2026-01-15T08:39:28+05:30,1.4,7.07,0.0876,0.8646,available,63.8,73.1,87.7,train,time series data/caltech/California_Garage_01/2-39-138-29-2018-10-13T01-56-00-464515.csv.gz
ev_0425,ev,simulation_feeder_05,1.7,2026-01-15T23:15:00+05:30,2026-01-16T03:52:49+05:30,0.883,0.706,7.871,15,277,2026-01-16T03:52:49+05:30,1.4,1.7,0.1834,0.9827,available,51.0,71.0,72.7,train,time series data/caltech/California_Garage_01/2-39-79-382-2018-11-05T17-52-50-444666.csv.gz
ev_0426,ev,simulation_feeder_06,1.81,2026-01-15T23:30:00+05:30,2026-01-16T06:22:48+05:30,0.883,0.706,12.453,15,412,2026-01-16T06:22:48+05:30,1.4,1.81,0.1762,0.9442,available,36.66,48.0,50.4,train,time series data/caltech/California_Garage_01/2-39-89-439-2019-06-05T18-11-14-393912.csv.gz
ev_0427,ev,simulation_feeder_07,10.92,2026-01-15T21:30:00+05:30,2026-01-16T05:43:36+05:30,30.37,24.296,64.42,15,493,2026-01-16T05:43:36+05:30,1.4,10.92,0.1045,0.8877,available,64.42,11.9,59.0,train,time series data/caltech/California_Garage_02/2-6-3-1624-2019-04-25T16-01-53-618801.csv.gz
ev_0428,ev,simulation_feeder_08,3.37,2026-01-15T08:45:00+05:30,2026-01-15T22:07:38+05:30,6.463,5.17,45.081,15,802,2026-01-15T22:07:38+05:30,1.4,3.37,0.098,0.8955,available,76.67,56.2,64.6,train,time series data/caltech/California_Garage_01/2-39-79-377-2018-08-16T03-18-17-058844.csv.gz
ev_0429,ev,simulation_feeder_09,2.3,2026-01-15T03:00:00+05:30,2026-01-15T08:18:24+05:30,2.201,1.761,12.205,15,318,2026-01-15T08:18:24+05:30,1.4,2.3,0.0275,0.9008,available,67.2,54.0,57.3,train,time series data/caltech/California_Garage_01/2-39-79-381-2020-03-02T21-43-54-214145.csv.gz
ev_0430,ev,simulation_feeder_10,3.44,2026-01-15T21:30:00+05:30,2026-01-15T22:27:19+05:30,2.888,2.31,3.286,15,57,2026-01-15T22:27:19+05:30,1.4,3.44,0.1615,0.9133,available,45.59,83.4,89.7,train,time series data/caltech/California_Garage_01/2-39-131-30-2018-11-19T16-07-34-048178.csv.gz
ev_0431,ev,simulation_feeder_01,3.47,2026-01-15T18:00:00+05:30,2026-01-15T23:18:34+05:30,5.377,4.302,18.424,15,318,2026-01-15T23:18:34+05:30,1.4,3.47,0.0442,0.977,available,52.22,14.7,25.0,train,time series data/caltech/N_Wilson_Garage_01/2-137-440-2991-2020-04-15T12-40-21-577113.csv.gz
ev_0432,ev,simulation_feeder_02,1.9,2026-01-15T07:30:00+05:30,2026-01-15T08:25:39+05:30,1.74,1.392,1.762,15,55,2026-01-15T08:25:39+05:30,1.4,1.9,0.16,0.9415,available,80.64,65.4,67.6,train,time series data/caltech/California_Garage_02/2-6-3-1624-2020-09-04T02-02-52-104834.csv.gz
ev_0433,ev,simulation_feeder_03,6.51,2026-01-15T20:45:00+05:30,2026-01-16T01:22:30+05:30,9.114,7.291,30.109,15,277,2026-01-16T01:22:30+05:30,1.4,6.51,0.1217,0.8867,available,84.74,60.4,71.2,train,time series data/caltech/California_Garage_01/2-39-90-26-2018-08-20T15-18-12-467106.csv.gz
ev_0434,ev,simulation_feeder_04,6.18,2026-01-15T22:30:00+05:30,2026-01-16T04:03:35+05:30,10.164,8.131,34.359,15,333,2026-01-16T04:03:35+05:30,1.4,6.18,0.2165,0.9369,available,53.84,54.5,73.4,train,time series data/office_01/Parking_Lot_01/19-102-260-1635-2019-08-15T17-08-23-980377.csv.gz
ev_0435,ev,simulation_feeder_05,7.19,2026-01-15T02:30:00+05:30,2026-01-15T03:44:41+05:30,3.925,3.14,8.95,15,74,2026-01-15T03:44:41+05:30,1.4,7.19,0.0779,0.9858,available,49.25,76.5,84.5,train,time series data/caltech/California_Garage_01/2-39-129-17-2018-12-22T21-06-34-127927.csv.gz
ev_0436,ev,simulation_feeder_06,3.4,2026-01-15T21:15:00+05:30,2026-01-16T05:15:34+05:30,5.443,4.354,27.232,15,480,2026-01-16T05:15:34+05:30,1.4,3.4,0.1386,0.8634,available,36.7,74.3,89.1,train,time series data/caltech/S_Wilson_Garage_01/2-105-277-1696-2020-03-10T15-50-46-462601.csv.gz
ev_0437,ev,simulation_feeder_07,22.0,2026-01-15T06:15:00+05:30,2026-01-15T06:38:22.162439+05:30,8.569,6.855,8.569,15,23,2026-01-15T06:38:22.162439+05:30,1.4,22.0,0.0638,0.9666,available,73.4,41.4,53.1,train,time series data/caltech/N_Wilson_Garage_01/2-137-521-3845-2020-08-03T00-50-29-720718.csv.gz
ev_0438,ev,simulation_feeder_08,3.54,2026-01-15T06:15:00+05:30,2026-01-15T08:26:56+05:30,6.386,5.109,7.784,15,131,2026-01-15T08:26:56+05:30,1.4,3.54,0.1087,0.8687,available,87.05,14.3,21.6,train,time series data/caltech/California_Garage_01/2-39-78-367-2018-10-29T00-52-57-020405.csv.gz
ev_0439,ev,simulation_feeder_09,3.33,2026-01-15T20:45:00+05:30,2026-01-16T05:39:30+05:30,4.178,3.342,29.665,15,534,2026-01-16T05:39:30+05:30,1.4,3.33,0.0829,0.9491,available,92.05,23.9,28.4,train,time series data/caltech/California_Garage_01/2-39-124-558-2018-09-21T15-27-44-323677.csv.gz
ev_0440,ev,simulation_feeder_10,3.5,2026-01-15T21:00:00+05:30,2026-01-16T05:00:16+05:30,3.273,2.618,28.016,15,480,2026-01-16T05:00:16+05:30,1.4,3.5,0.1503,0.8887,available,87.9,73.7,77.4,train,time series data/caltech/California_Garage_01/2-39-78-366-2018-09-13T15-42-36-036519.csv.gz
ev_0441,ev,simulation_feeder_01,11.21,2026-01-15T03:15:00+05:30,2026-01-15T09:08:40+05:30,26.85,21.48,66.077,15,353,2026-01-15T09:08:40+05:30,1.4,11.21,0.0678,0.8881,available,90.5,38.6,68.3,train,time series data/caltech/California_Garage_02/2-6-3-1631-2020-01-12T21-46-26-834998.csv.gz
ev_0442,ev,simulation_feeder_02,3.62,2026-01-15T06:30:00+05:30,2026-01-15T19:30:35+05:30,15.116,12.093,47.095,15,780,2026-01-15T19:30:35+05:30,1.4,3.62,0.0558,0.867,available,95.68,35.2,51.0,train,time series data/caltech/California_Garage_01/2-39-130-31-2018-12-05T01-09-17-999022.csv.gz
ev_0443,ev,simulation_feeder_03,6.91,2026-01-15T00:00:00+05:30,2026-01-15T05:32:54+05:30,37.836,30.269,38.339,15,332,2026-01-15T05:32:54+05:30,1.4,6.91,0.1258,0.9365,available,84.58,33.9,78.6,train,time series data/caltech/N_Wilson_Garage_01/2-137-440-3993-2020-10-08T18-30-15-332769.csv.gz
ev_0444,ev,simulation_feeder_04,3.34,2026-01-15T21:15:00+05:30,2026-01-16T07:14:40+05:30,1.716,1.373,33.381,15,599,2026-01-16T07:14:40+05:30,1.4,3.34,0.0921,0.9858,available,82.58,72.2,74.3,train,time series data/caltech/California_Garage_01/2-39-124-558-2018-09-17T15-58-44-188625.csv.gz
ev_0445,ev,simulation_feeder_05,11.18,2026-01-15T23:15:00+05:30,2026-01-16T02:10:49+05:30,32.0,25.6,32.761,15,175,2026-01-16T02:10:49+05:30,1.4,11.18,0.0713,0.9305,available,75.52,41.9,84.3,train,time series data/caltech/California_Garage_02/2-6-3-1623-2019-09-15T17-52-37-639796.csv.gz
ev_0446,ev,simulation_feeder_06,7.15,2026-01-15T22:15:00+05:30,2026-01-16T06:43:34+05:30,13.539,10.831,41.53,15,508,2026-01-16T06:43:34+05:30,1.4,7.15,0.0724,0.9341,available,41.53,26.5,59.1,train,time series data/caltech/California_Garage_01/2-39-91-441-2019-10-08T16-54-24-296140.csv.gz
ev_0447,ev,simulation_feeder_07,6.39,2026-01-15T20:15:00+05:30,2026-01-16T01:03:12+05:30,8.818,7.054,30.693,15,288,2026-01-16T01:03:12+05:30,1.4,6.39,0.0506,0.8922,available,84.9,16.1,26.5,train,time series data/caltech/California_Garage_01/2-39-79-380-2018-11-12T14-50-06-245323.csv.gz
ev_0448,ev,simulation_feeder_08,5.55,2026-01-15T19:00:00+05:30,2026-01-15T23:35:24+05:30,18.496,14.797,25.474,15,275,2026-01-15T23:35:24+05:30,1.4,5.55,0.0941,0.9686,available,51.82,15.4,51.1,train,time series data/jpl/Arroyo_Garage_01/1-1-193-816-2020-06-25T13-36-44-917711.csv.gz
ev_0449,ev,simulation_feeder_09,3.56,2026-01-15T06:00:00+05:30,2026-01-15T07:22:06+05:30,4.465,3.572,4.871,15,82,2026-01-15T07:22:06+05:30,1.4,3.56,0.0656,0.9475,available,61.98,47.3,54.5,train,time series data/caltech/California_Garage_01/2-39-138-29-2019-01-10T00-33-14-249981.csv.gz
ev_0450,ev,simulation_feeder_10,1.72,2026-01-15T03:15:00+05:30,2026-01-15T03:30:00+05:30,0.01,0.008,0.43,15,15,2026-01-15T03:30:00+05:30,1.4,1.72,0.0292,0.9568,available,69.52,10.0,10.0,train,time series data/caltech/N_Wilson_Garage_01/2-137-441-3016-2020-11-28T21-50-35-623636.csv.gz
ev_0451,ev,simulation_feeder_01,7.41,2026-01-15T20:30:00+05:30,2026-01-15T21:29:25+05:30,7.247,5.798,7.338,15,59,2026-01-15T21:29:25+05:30,1.4,7.41,0.0598,0.9465,available,38.19,12.0,31.0,train,time series data/caltech/California_Garage_02/2-6-3-1624-2019-05-18T15-09-48-883568.csv.gz
ev_0452,ev,simulation_feeder_02,6.45,2026-01-15T23:00:00+05:30,2026-01-16T06:25:41+05:30,36.095,28.876,47.911,15,445,2026-01-16T06:25:41+05:30,1.4,6.45,0.1673,0.9319,available,82.41,45.5,89.3,train,time series data/office_01/Parking_Lot_01/19-102-260-1639-2019-08-13T17-42-14-108040.csv.gz
ev_0453,ev,simulation_feeder_03,22.0,2026-01-15T07:15:00+05:30,2026-01-15T07:37:22.350296+05:30,8.203,6.562,8.203,15,22,2026-01-15T07:37:22.350296+05:30,1.4,22.0,0.1556,0.9406,available,73.68,28.2,39.3,train,time series data/caltech/N_Wilson_Garage_01/2-137-521-3843-2020-07-27T01-55-08-825271.csv.gz
ev_0454,ev,simulation_feeder_04,1.73,2026-01-15T21:45:00+05:30,2026-01-16T06:57:29+05:30,0.917,0.734,15.93,15,552,2026-01-16T06:57:29+05:30,1.4,1.73,0.0945,0.8622,available,44.81,31.5,33.5,train,time series data/caltech/California_Garage_01/2-39-95-27-2019-04-01T16-21-18-425884.csv.gz
ev_0455,ev,simulation_feeder_05,6.6,2026-01-15T22:15:00+05:30,2026-01-16T06:49:48+05:30,14.846,11.877,56.628,15,514,2026-01-16T06:49:48+05:30,1.4,6.6,0.0605,0.8743,available,80.35,60.8,79.3,train,time series data/caltech/California_Garage_01/2-39-78-365-2019-07-18T16-55-00-988466.csv.gz
ev_0456,ev,simulation_feeder_06,6.44,2026-01-15T20:45:00+05:30,2026-01-16T01:22:02+05:30,27.529,22.023,29.735,15,277,2026-01-16T01:22:02+05:30,1.4,6.44,0.0814,0.9343,available,84.67,15.2,47.7,train,time series data/jpl/Arroyo_Garage_01/1-1-193-829-2020-06-30T15-27-39-279957.csv.gz
ev_0457,ev,simulation_feeder_07,11.24,2026-01-15T03:30:00+05:30,2026-01-15T05:35:31+05:30,22.984,18.387,23.513,15,125,2026-01-15T05:35:31+05:30,1.4,11.24,0.0693,0.9237,available,73.25,22.1,53.5,train,time series data/caltech/California_Garage_02/2-6-3-1631-2019-10-14T22-10-37-504998.csv.gz
ev_0458,ev,simulation_feeder_08,3.31,2026-01-15T10:00:00+05:30,2026-01-16T10:56:22+05:30,10.942,8.754,82.55,15,1496,2026-01-16T10:56:22+05:30,1.4,3.31,0.1211,0.9711,available,89.72,36.4,48.6,train,time series data/caltech/California_Garage_01/2-39-127-19-2019-03-27T04-41-51-111565.csv.gz
ev_0459,ev,simulation_feeder_09,6.56,2026-01-15T06:00:00+05:30,2026-01-15T09:38:11+05:30,14.348,11.478,23.855,15,218,2026-01-15T09:38:11+05:30,1.4,6.56,0.1429,0.9043,available,43.72,46.0,78.8,train,time series data/caltech/S_Wilson_Garage_01/2-105-277-1697-2020-06-27T00-33-17-637496.csv.gz
ev_0460,ev,simulation_feeder_10,3.46,2026-01-15T21:00:00+05:30,2026-01-16T06:52:02+05:30,5.023,4.018,34.141,15,592,2026-01-16T06:52:02+05:30,1.4,3.46,0.0472,0.8784,available,50.76,17.5,27.4,train,time series data/caltech/California_Garage_01/2-39-125-21-2018-09-07T15-44-01-650341.csv.gz
ev_0461,ev,simulation_feeder_01,1.45,2026-01-15T03:30:00+05:30,2026-01-15T03:45:00+05:30,0.023,0.018,0.362,15,15,2026-01-15T03:45:00+05:30,1.4,1.45,0.1971,0.967,available,82.56,25.8,25.8,train,time series data/caltech/California_Garage_01/2-39-138-566-2018-08-16T22-01-52-652781.csv.gz
ev_0462,ev,simulation_feeder_02,7.01,2026-01-15T06:45:00+05:30,2026-01-15T07:47:04+05:30,6.695,5.356,7.251,15,62,2026-01-15T07:47:04+05:30,1.4,7.01,0.1902,0.8768,available,58.28,37.1,48.6,train,time series data/caltech/California_Garage_01/2-39-126-20-2018-08-26T01-20-25-241664.csv.gz
ev_0463,ev,simulation_feeder_03,3.44,2026-01-15T00:00:00+05:30,2026-01-15T05:40:01+05:30,13.998,11.198,19.494,15,340,2026-01-15T05:40:01+05:30,1.4,3.44,0.0267,0.9349,available,53.65,30.6,56.7,train,time series data/office_01/Parking_Lot_01/19-102-260-1636-2019-06-20T18-35-04-734075.csv.gz
ev_0464,ev,simulation_feeder_04,5.76,2026-01-15T08:45:00+05:30,2026-01-15T10:26:13+05:30,9.003,7.202,9.717,15,101,2026-01-15T10:26:13+05:30,1.4,5.76,0.086,0.895,available,57.77,59.7,75.3,train,time series data/caltech/California_Garage_02/2-6-3-1356-2019-11-27T03-26-12-335268.csv.gz
ev_0465,ev,simulation_feeder_05,7.12,2026-01-15T22:30:00+05:30,2026-01-16T06:41:56+05:30,43.579,34.863,58.376,15,491,2026-01-16T06:41:56+05:30,1.4,7.12,0.1597,0.9851,available,72.63,26.2,86.2,train,time series data/caltech/California_Garage_01/2-39-95-27-2019-01-28T17-01-57-131798.csv.gz
ev_0466,ev,simulation_feeder_06,6.96,2026-01-15T06:30:00+05:30,2026-01-15T08:10:37+05:30,7.867,6.294,11.672,15,100,2026-01-15T08:10:37+05:30,1.4,6.96,0.1561,0.9348,available,47.01,38.0,54.7,train,time series data/caltech/California_Garage_01/2-39-131-30-2019-07-11T01-02-57-746643.csv.gz
ev_0467,ev,simulation_feeder_07,6.71,2026-01-15T01:00:00+05:30,2026-01-15T06:27:48+05:30,25.355,20.284,36.659,15,327,2026-01-15T06:27:48+05:30,1.4,6.71,0.0581,0.949,available,61.31,28.9,70.3,train,time series data/office_01/Parking_Lot_01/19-102-260-1634-2020-02-17T19-34-32-134165.csv.gz
ev_0468,ev,simulation_feeder_08,6.64,2026-01-15T23:15:00+05:30,2026-01-16T02:28:02+05:30,7.916,6.333,21.362,15,193,2026-01-16T02:28:02+05:30,1.4,6.64,0.1876,0.9222,available,93.18,13.9,22.4,train,time series data/caltech/California_Garage_01/2-39-126-560-2018-10-02T17-49-08-839246.csv.gz
ev_0469,ev,simulation_feeder_09,7.12,2026-01-15T18:15:00+05:30,2026-01-15T23:11:30+05:30,32.15,25.72,35.185,15,296,2026-01-15T23:11:30+05:30,1.4,7.12,0.0265,0.8926,available,63.83,13.3,63.7,train,time series data/caltech/California_Garage_01/2-39-125-21-2018-10-30T12-53-03-329135.csv.gz
ev_0470,ev,simulation_feeder_10,7.0,2026-01-15T05:45:00+05:30,2026-01-15T07:33:55+05:30,11.136,8.909,12.707,15,108,2026-01-15T07:33:55+05:30,1.4,7.0,0.202,0.8721,available,99.35,28.4,39.6,train,time series data/caltech/California_Garage_01/2-39-129-17-2018-07-14T00-23-54-680237.csv.gz
ev_0471,ev,simulation_feeder_01,3.6,2026-01-15T07:15:00+05:30,2026-01-15T19:38:13+05:30,16.048,12.838,44.593,15,743,2026-01-15T19:38:13+05:30,1.4,3.6,0.117,0.9668,available,93.71,48.6,65.7,train,time series data/caltech/California_Garage_01/2-39-131-30-2019-12-18T01-54-49-633626.csv.gz
ev_0472,ev,simulation_feeder_02,3.27,2026-01-15T22:45:00+05:30,2026-01-15T23:57:15+05:30,2.064,1.651,3.938,15,72,2026-01-15T23:57:15+05:30,1.4,3.27,0.0422,0.8669,available,53.43,77.4,81.3,train,time series data/caltech/S_Wilson_Garage_01/2-105-277-1697-2020-09-14T17-18-44-129055.csv.gz
ev_0473,ev,simulation_feeder_03,6.74,2026-01-15T01:30:00+05:30,2026-01-15T03:05:01+05:30,8.876,7.101,10.674,15,95,2026-01-15T03:05:01+05:30,1.4,6.74,0.078,0.9319,available,55.81,56.5,72.4,train,time series data/caltech/California_Garage_02/2-6-3-1362-2020-06-18T20-13-54-983753.csv.gz
ev_0474,ev,simulation_feeder_04,6.85,2026-01-15T07:15:00+05:30,2026-01-15T08:24:05+05:30,7.517,6.014,7.887,15,69,2026-01-15T08:24:05+05:30,1.4,6.85,0.0231,0.9131,available,37.44,32.6,52.7,train,time series data/caltech/California_Garage_01/2-39-123-557-2018-05-13T01-56-51-710886.csv.gz
ev_0475,ev,simulation_feeder_05,3.62,2026-01-15T09:15:00+05:30,2026-01-15T11:49:25+05:30,9.157,7.326,9.316,15,154,2026-01-15T11:49:25+05:30,1.4,3.62,0.1162,0.9838,available,38.87,19.5,43.1,train,time series data/caltech/California_Garage_01/2-39-127-19-2019-04-20T03-51-54-682148.csv.gz
ev_0476,ev,simulation_feeder_06,6.41,2026-01-15T07:00:00+05:30,2026-01-15T11:13:00+05:30,12.499,9.999,27.029,15,253,2026-01-15T11:13:00+05:30,1.4,6.41,0.128,0.9028,available,87.56,40.5,54.8,train,time series data/caltech/California_Garage_01/2-39-128-18-2019-01-17T01-42-20-763533.csv.gz
ev_0477,ev,simulation_feeder_07,3.48,2026-01-15T00:15:00+05:30,2026-01-15T06:46:42+05:30,1.881,1.505,22.719,15,391,2026-01-15T06:46:42+05:30,1.4,3.48,0.1515,0.9484,available,49.79,12.7,16.5,train,time series data/caltech/California_Garage_01/2-39-79-381-2018-10-06T18-47-50-441922.csv.gz
ev_0478,ev,simulation_feeder_08,5.18,2026-01-15T21:15:00+05:30,2026-01-16T05:38:41+05:30,6.791,5.433,43.485,15,503,2026-01-16T05:38:41+05:30,1.4,5.18,0.1238,0.9721,available,73.86,80.2,89.4,train,time series data/caltech/California_Garage_01/2-39-79-383-2018-11-28T15-49-52-423434.csv.gz
ev_0479,ev,simulation_feeder_09,10.1,2026-01-15T21:45:00+05:30,2026-01-15T23:28:32+05:30,3.581,2.865,17.428,15,103,2026-01-15T23:28:32+05:30,1.4,10.1,0.0687,0.9569,available,52.68,59.2,66.0,train,time series data/caltech/California_Garage_02/2-6-3-1358-2019-02-25T16-17-20-754880.csv.gz
ev_0480,ev,simulation_feeder_10,6.08,2026-01-15T20:15:00+05:30,2026-01-16T05:38:07+05:30,19.128,15.302,57.062,15,563,2026-01-16T05:38:07+05:30,1.4,6.08,0.1389,0.9332,available,86.59,46.4,68.5,train,time series data/caltech/California_Garage_02/2-6-3-1359-2019-11-15T14-58-12-908729.csv.gz
ev_0481,ev,simulation_feeder_01,3.5,2026-01-15T19:45:00+05:30,2026-01-16T07:09:03+05:30,13.205,10.564,39.903,15,684,2026-01-16T07:09:03+05:30,1.4,3.5,0.1611,0.8917,available,90.19,54.5,69.1,train,time series data/caltech/California_Garage_01/2-39-79-376-2018-08-22T14-21-45-881029.csv.gz
ev_0482,ev,simulation_feeder_02,6.51,2026-01-15T03:30:00+05:30,2026-01-15T10:21:02+05:30,9.519,7.615,41.96,15,411,2026-01-15T10:21:02+05:30,1.4,6.51,0.0478,0.8875,available,41.96,27.2,49.9,train,time series data/caltech/California_Garage_01/2-39-125-21-2018-10-12T22-07-25-147468.csv.gz
ev_0483,ev,simulation_feeder_03,6.27,2026-01-15T20:00:00+05:30,2026-01-16T01:20:16+05:30,18.819,15.055,33.468,15,320,2026-01-16T01:20:16+05:30,1.4,6.27,0.0424,0.8625,available,47.82,33.4,72.8,train,time series data/caltech/California_Garage_02/2-6-3-1367-2019-03-08T14-35-18-852457.csv.gz
ev_0484,ev,simulation_feeder_04,16.66,2026-01-15T23:00:00+05:30,2026-01-16T01:14:47+05:30,26.676,21.341,37.425,15,134,2026-01-16T01:14:47+05:30,1.4,16.66,0.2136,0.8672,available,54.03,24.1,73.5,train,time series data/caltech/California_Garage_02/2-6-3-1630-2019-06-13T17-31-24-436346.csv.gz
ev_0485,ev,simulation_feeder_05,6.2,2026-01-15T21:30:00+05:30,2026-01-16T06:33:29+05:30,11.754,9.403,56.16,15,543,2026-01-16T06:33:29+05:30,1.4,6.2,0.1492,0.9394,available,81.0,51.2,65.7,train,time series data/caltech/S_Wilson_Garage_01/2-105-277-1697-2020-02-03T16-04-09-479678.csv.gz
ev_0486,ev,simulation_feeder_06,11.26,2026-01-15T03:30:00+05:30,2026-01-15T04:22:48+05:30,9.51,7.608,9.909,15,52,2026-01-15T04:22:48+05:30,1.4,11.26,0.1925,0.8894,available,72.37,31.2,44.3,train,time series data/caltech/California_Garage_02/2-6-3-1629-2020-11-24T22-04-35-130808.csv.gz
ev_0487,ev,simulation_feeder_07,6.97,2026-01-15T23:15:00+05:30,2026-01-16T06:40:10+05:30,17.367,13.894,51.714,15,445,2026-01-16T06:40:10+05:30,1.4,6.97,0.0922,0.8977,available,97.96,54.7,72.4,train,time series data/caltech/California_Garage_01/2-39-79-377-2019-10-20T17-58-22-451042.csv.gz
ev_0488,ev,simulation_feeder_08,3.46,2026-01-15T21:00:00+05:30,2026-01-16T02:45:16+05:30,2.146,1.717,19.91,15,345,2026-01-16T02:45:16+05:30,1.4,3.46,0.108,0.8785,available,60.57,60.0,63.5,train,time series data/caltech/California_Garage_01/2-39-95-444-2018-10-29T15-38-56-199060.csv.gz
ev_0489,ev,simulation_feeder_09,6.62,2026-01-15T11:30:00+05:30,2026-01-16T00:34:38+05:30,26.627,21.302,71.19,15,784,2026-01-16T00:34:38+05:30,1.4,6.62,0.1688,0.8638,available,71.19,45.5,82.9,train,time series data/caltech/California_Garage_02/2-6-3-1357-2019-12-29T06-08-46-956821.csv.gz
ev_0490,ev,simulation_feeder_10,22.0,2026-01-15T01:15:00+05:30,2026-01-15T02:37:11.232867+05:30,30.135,24.108,30.135,15,82,2026-01-15T02:37:11.232867+05:30,1.4,22.0,0.1656,0.989,available,75.93,36.2,75.9,train,time series data/caltech/N_Wilson_Garage_01/2-137-521-3845-2020-09-24T19-45-35-387421.csv.gz
ev_0491,ev,simulation_feeder_01,10.05,2026-01-15T03:15:00+05:30,2026-01-15T04:38:00+05:30,3.735,2.988,13.902,15,83,2026-01-15T04:38:00+05:30,1.4,10.05,0.1344,0.9464,available,78.89,77.2,81.9,validation,time series data/caltech/California_Garage_02/2-6-3-1357-2019-01-15T21-48-41-437993.csv.gz
ev_0492,ev,simulation_feeder_02,3.64,2026-01-15T22:00:00+05:30,2026-01-16T10:15:43+05:30,5.688,4.55,44.633,15,735,2026-01-16T10:15:43+05:30,1.4,3.64,0.21,0.8787,available,53.13,30.6,41.3,validation,time series data/caltech/California_Garage_01/2-39-127-19-2019-05-10T16-32-19-081504.csv.gz
ev_0493,ev,simulation_feeder_03,3.55,2026-01-15T21:45:00+05:30,2026-01-16T04:29:47+05:30,1.761,1.409,23.95,15,404,2026-01-16T04:29:47+05:30,1.4,3.55,0.1396,0.9022,available,80.42,52.6,54.8,validation,time series data/caltech/California_Garage_01/2-39-92-436-2019-10-31T16-27-44-074981.csv.gz
ev_0494,ev,simulation_feeder_04,5.06,2026-01-15T22:00:00+05:30,2026-01-15T23:53:41+05:30,6.062,4.85,9.587,15,113,2026-01-15T23:53:41+05:30,1.4,5.06,0.1514,0.9494,available,83.6,54.0,61.3,validation,time series data/caltech/California_Garage_01/2-39-78-362-2019-11-11T16-37-50-740930.csv.gz
ev_0495,ev,simulation_feeder_05,6.5,2026-01-15T19:00:00+05:30,2026-01-16T02:18:24+05:30,23.629,18.903,43.56,15,438,2026-01-16T02:18:24+05:30,1.4,6.5,0.1871,0.9365,available,43.56,21.0,75.2,validation,time series data/jpl/Arroyo_Garage_01/1-1-194-826-2020-11-10T13-44-35-096233.csv.gz
ev_0496,ev,simulation_feeder_06,16.8,2026-01-15T21:45:00+05:30,2026-01-15T22:00:00+05:30,0.345,0.276,4.2,15,15,2026-01-15T22:00:00+05:30,1.4,16.8,0.075,0.9354,available,56.61,62.7,63.3,validation,time series data/caltech/California_Garage_01/2-39-81-4550-2020-09-13T16-26-30-156660.csv.gz
ev_0497,ev,simulation_feeder_07,10.86,2026-01-15T00:15:00+05:30,2026-01-15T01:52:17+05:30,8.554,6.843,17.608,15,97,2026-01-15T01:52:17+05:30,1.4,10.86,0.1406,0.8673,available,80.28,14.0,24.7,validation,time series data/caltech/California_Garage_02/2-6-3-1632-2020-02-08T18-51-08-795131.csv.gz
ev_0498,ev,simulation_feeder_08,3.43,2026-01-15T04:45:00+05:30,2026-01-15T08:25:37+05:30,11.659,9.327,12.612,15,220,2026-01-15T08:25:37+05:30,1.4,3.43,0.0232,0.9782,available,73.79,33.1,48.9,validation,time series data/caltech/S_Wilson_Garage_01/2-105-277-1698-2019-07-07T23-19-37-498677.csv.gz
ev_0499,ev,simulation_feeder_09,3.33,2026-01-15T02:00:00+05:30,2026-01-15T05:31:15+05:30,5.075,4.06,11.724,15,211,2026-01-15T05:31:15+05:30,1.4,3.33,0.203,0.938,available,92.12,21.2,26.7,validation,time series data/caltech/California_Garage_01/2-39-78-364-2019-01-18T20-36-09-690805.csv.gz
ev_0500,ev,simulation_feeder_10,11.03,2026-01-15T06:15:00+05:30,2026-01-15T09:28:26+05:30,26.677,21.342,35.559,15,193,2026-01-15T09:28:26+05:30,1.4,11.03,0.1318,0.9619,available,45.13,29.8,88.9,validation,time series data/caltech/California_Garage_02/2-6-3-1628-2019-05-14T00-59-26-171164.csv.gz
ev_0501,ev,simulation_feeder_01,6.57,2026-01-15T22:30:00+05:30,2026-01-16T06:02:56+05:30,12.219,9.775,49.596,15,452,2026-01-16T06:02:56+05:30,1.4,6.57,0.1907,0.901,available,76.14,50.6,66.6,validation,time series data/caltech/California_Garage_01/2-39-95-444-2019-05-23T17-09-08-001476.csv.gz
ev_0502,ev,simulation_feeder_02,6.76,2026-01-15T08:45:00+05:30,2026-01-15T09:00:00+05:30,0.235,0.188,1.69,15,15,2026-01-15T09:00:00+05:30,1.4,6.76,0.1357,0.8901,available,44.66,82.1,82.6,validation,time series data/caltech/California_Garage_01/2-39-123-23-2018-10-02T03-26-48-626020.csv.gz
ev_0503,ev,simulation_feeder_03,7.04,2026-01-15T09:45:00+05:30,2026-01-15T11:42:42+05:30,13.123,10.498,13.81,15,117,2026-01-15T11:42:42+05:30,1.4,7.04,0.179,0.8617,available,89.31,30.9,45.6,validation,time series data/caltech/California_Garage_01/2-39-130-31-2018-07-26T04-19-49-625599.csv.gz
ev_0504,ev,simulation_feeder_04,3.62,2026-01-15T19:45:00+05:30,2026-01-15T23:43:37+05:30,10.861,8.689,14.397,15,238,2026-01-15T23:43:37+05:30,1.4,3.62,0.1219,0.8722,available,91.85,52.6,64.4,validation,time series data/caltech/California_Garage_01/2-39-79-380-2018-09-22T14-28-34-752409.csv.gz
ev_0505,ev,simulation_feeder_05,2.33,2026-01-15T21:00:00+05:30,2026-01-16T05:48:12+05:30,1.854,1.483,20.512,15,528,2026-01-16T05:48:12+05:30,1.4,2.33,0.0733,0.932,available,42.06,72.4,76.8,validation,time series data/caltech/California_Garage_01/2-39-89-25-2018-11-01T15-34-44-539803.csv.gz
ev_0506,ev,simulation_feeder_06,3.33,2026-01-15T21:15:00+05:30,2026-01-16T05:59:35+05:30,5.88,4.704,29.114,15,524,2026-01-16T05:59:35+05:30,1.4,3.33,0.1307,0.9783,available,91.92,83.4,89.8,validation,time series data/caltech/California_Garage_01/2-39-124-558-2018-09-04T15-56-08-583686.csv.gz
ev_0507,ev,simulation_feeder_07,3.37,2026-01-15T07:00:00+05:30,2026-01-15T08:05:28+05:30,3.619,2.895,3.677,15,65,2026-01-15T08:05:28+05:30,1.4,3.37,0.2067,0.8761,available,38.95,11.1,20.4,validation,time series data/caltech/California_Garage_02/2-6-3-1365-2019-06-12T01-34-04-196057.csv.gz
ev_0508,ev,simulation_feeder_08,6.5,2026-01-15T00:00:00+05:30,2026-01-15T06:55:53+05:30,29.966,23.973,45.054,15,415,2026-01-15T06:55:53+05:30,1.4,6.5,0.1237,0.9745,available,81.52,17.6,54.4,validation,time series data/office_01/Parking_Lot_01/19-102-260-1639-2020-02-27T18-42-39-579700.csv.gz
ev_0509,ev,simulation_feeder_09,6.97,2026-01-15T05:00:00+05:30,2026-01-15T06:30:03+05:30,9.297,7.438,10.461,15,90,2026-01-15T06:30:03+05:30,1.4,6.97,0.0774,0.9563,available,45.29,65.7,86.2,validation,time series data/caltech/California_Garage_01/2-39-129-17-2018-06-06T23-42-21-492428.csv.gz
ev_0510,ev,simulation_feeder_10,1.4,2026-01-15T00:45:00+05:30,2026-01-15T10:26:55+05:30,4.441,3.553,13.578,15,581,2026-01-15T10:26:55+05:30,1.4,1.4,0.1252,0.9318,available,57.61,76.2,83.9,validation,time series data/caltech/California_Garage_01/2-39-89-25-2020-02-10T17-02-21-409431.csv.gz
ev_0511,ev,simulation_feeder_01,6.91,2026-01-15T22:00:00+05:30,2026-01-16T04:31:58+05:30,5.29,4.232,45.141,15,391,2026-01-16T04:31:58+05:30,1.4,6.91,0.1647,0.8759,available,68.6,70.4,78.1,validation,time series data/caltech/California_Garage_01/2-39-123-23-2019-10-10T16-35-26-190308.csv.gz
ev_0512,ev,simulation_feeder_02,6.81,2026-01-15T22:15:00+05:30,2026-01-15T22:30:00+05:30,1.702,1.362,1.702,15,15,2026-01-15T22:30:00+05:30,1.4,6.81,0.0565,0.9436,available,61.73,23.6,26.4,validation,time series data/caltech/California_Garage_01/2-39-78-360-2020-01-21T16-48-52-073627.csv.gz
ev_0513,ev,simulation_feeder_03,3.38,2026-01-15T20:30:00+05:30,2026-01-16T08:14:07+05:30,12.109,9.687,39.665,15,704,2026-01-16T08:14:07+05:30,1.4,3.38,0.024,0.8861,available,57.68,60.0,81.0,validation,time series data/caltech/California_Garage_02/2-6-3-1364-2020-01-07T15-08-03-274919.csv.gz
ev_0514,ev,simulation_feeder_04,3.61,2026-01-15T18:00:00+05:30,2026-01-15T20:12:40+05:30,3.4,2.72,7.982,15,132,2026-01-15T20:12:40+05:30,1.4,3.61,0.0784,0.982,available,76.29,58.7,63.2,validation,time series data/caltech/California_Garage_01/2-39-138-29-2019-10-03T12-38-50-256419.csv.gz
ev_0515,ev,simulation_feeder_05,6.54,2026-01-15T22:30:00+05:30,2026-01-16T05:31:20+05:30,7.255,5.804,45.925,15,421,2026-01-16T05:31:20+05:30,1.4,6.54,0.1551,0.9052,available,89.44,16.3,24.4,validation,time series data/caltech/California_Garage_01/2-39-90-26-2019-06-03T17-07-23-406524.csv.gz
ev_0516,ev,simulation_feeder_06,10.25,2026-01-15T21:15:00+05:30,2026-01-16T06:18:40+05:30,47.889,38.311,69.04,15,543,2026-01-16T06:18:40+05:30,1.4,10.25,0.0489,0.968,available,69.04,17.3,86.7,validation,time series data/caltech/California_Garage_02/2-6-3-1363-2019-06-14T15-55-22-180209.csv.gz
ev_0517,ev,simulation_feeder_07,1.4,2026-01-15T03:15:00+05:30,2026-01-15T03:30:00+05:30,0.013,0.01,0.35,15,15,2026-01-15T03:30:00+05:30,1.4,1.4,0.0886,0.908,available,94.69,51.4,51.4,validation,time series data/office_01/Parking_Lot_01/19-102-260-1640-2020-03-12T21-55-17-655344.csv.gz
ev_0518,ev,simulation_feeder_08,6.42,2026-01-15T18:30:00+05:30,2026-01-16T02:56:11+05:30,28.195,22.556,54.162,15,506,2026-01-16T02:56:11+05:30,1.4,6.42,0.0906,0.963,available,76.9,52.2,88.9,validation,time series data/jpl/Arroyo_Garage_01/1-1-193-829-2020-10-16T13-13-40-660100.csv.gz
ev_0519,ev,simulation_feeder_09,2.33,2026-01-15T23:30:00+05:30,2026-01-16T10:42:36+05:30,1.527,1.222,26.119,15,672,2026-01-16T10:42:36+05:30,1.4,2.33,0.1885,0.936,available,42.72,63.0,66.6,validation,time series data/caltech/S_Wilson_Garage_01/2-105-277-1696-2019-12-10T18-01-18-254248.csv.gz
ev_0520,ev,simulation_feeder_10,6.55,2026-01-15T00:15:00+05:30,2026-01-15T06:32:58+05:30,3.818,3.054,37.92,15,377,2026-01-15T06:32:58+05:30,1.4,6.55,0.2071,0.9782,available,37.92,22.5,32.6,validation,time series data/caltech/California_Garage_01/2-39-90-440-2019-01-11T18-52-46-919925.csv.gz
ev_0521,ev,simulation_feeder_01,3.63,2026-01-15T03:15:00+05:30,2026-01-15T10:28:57+05:30,11.93,9.544,26.254,15,433,2026-01-15T10:28:57+05:30,1.4,3.63,0.0578,0.9652,available,72.05,28.3,44.9,validation,time series data/caltech/California_Garage_01/2-39-139-28-2018-12-15T21-58-55-816445.csv.gz
ev_0522,ev,simulation_feeder_02,1.48,2026-01-15T01:00:00+05:30,2026-01-15T07:50:37+05:30,0.372,0.298,10.129,15,410,2026-01-15T07:50:37+05:30,1.4,1.48,0.1757,0.8912,available,46.08,85.5,86.3,validation,time series data/caltech/S_Wilson_Garage_01/2-105-277-1697-2020-01-07T19-33-15-892987.csv.gz
ev_0523,ev,simulation_feeder_03,6.42,2026-01-15T00:00:00+05:30,2026-01-15T05:27:24+05:30,20.401,16.321,35.032,15,327,2026-01-15T05:27:24+05:30,1.4,6.42,0.1468,0.9507,available,54.12,35.8,73.5,validation,time series data/caltech/California_Garage_01/2-39-88-24-2018-07-18T18-31-23-401972.csv.gz
ev_0524,ev,simulation_feeder_04,5.97,2026-01-15T21:45:00+05:30,2026-01-16T00:35:18+05:30,9.223,7.378,16.945,15,170,2026-01-16T00:35:18+05:30,1.4,5.97,0.156,0.9864,available,72.82,45.1,57.8,validation,time series data/jpl/Arroyo_Garage_01/1-1-179-800-2020-07-10T16-24-53-883007.csv.gz
ev_0525,ev,simulation_feeder_05,3.45,2026-01-15T19:15:00+05:30,2026-01-16T04:00:55+05:30,14.975,11.98,30.24,15,525,2026-01-16T04:00:55+05:30,1.4,3.45,0.0981,0.9803,available,73.09,57.5,78.0,validation,time series data/caltech/N_Wilson_Garage_01/2-137-440-2995-2020-03-17T13-46-44-017223.csv.gz
ev_0526,ev,simulation_feeder_06,1.76,2026-01-15T08:45:00+05:30,2026-01-15T09:00:00+05:30,0.026,0.021,0.44,15,15,2026-01-15T09:00:00+05:30,1.4,1.76,0.0836,0.9035,available,65.97,29.8,29.8,validation,time series data/caltech/California_Garage_01/2-39-95-27-2018-11-06T03-21-48-718078.csv.gz
ev_0527,ev,simulation_feeder_07,17.73,2026-01-15T17:30:00+05:30,2026-01-15T17:52:28+05:30,6.34,5.072,6.639,15,22,2026-01-15T17:52:28+05:30,1.4,17.73,0.0555,0.9557,available,93.05,63.4,70.2,validation,time series data/caltech/California_Garage_02/2-6-3-1631-2019-04-09T12-07-59-723299.csv.gz
ev_0528,ev,simulation_feeder_08,6.88,2026-01-15T08:30:00+05:30,2026-01-15T10:54:46+05:30,12.239,9.791,16.6,15,144,2026-01-15T10:54:46+05:30,1.4,6.88,0.0591,0.9179,available,84.4,56.2,70.7,validation,time series data/caltech/California_Garage_01/2-39-125-21-2018-09-26T03-00-14-604450.csv.gz
ev_0529,ev,simulation_feeder_09,3.57,2026-01-15T22:00:00+05:30,2026-01-16T06:42:45+05:30,4.221,3.377,31.104,15,522,2026-01-16T06:42:45+05:30,1.4,3.57,0.0786,0.9881,available,96.16,15.0,19.4,validation,time series data/caltech/California_Garage_01/2-39-124-558-2018-11-19T16-30-04-529303.csv.gz
ev_0530,ev,simulation_feeder_10,6.34,2026-01-15T20:30:00+05:30,2026-01-16T05:55:57+05:30,27.804,22.243,59.802,15,565,2026-01-16T05:55:57+05:30,1.4,6.34,0.0778,0.8628,available,83.64,56.0,89.2,validation,time series data/jpl/Arroyo_Garage_01/1-1-178-817-2020-12-01T15-13-33-492486.csv.gz
ev_0531,ev,simulation_feeder_01,1.97,2026-01-15T08:15:00+05:30,2026-01-15T08:46:15+05:30,0.978,0.782,1.026,15,31,2026-01-15T08:46:15+05:30,1.4,1.97,0.1316,0.8791,available,46.41,56.7,58.8,validation,time series data/caltech/California_Garage_01/2-39-92-442-2019-02-17T02-59-00-107625.csv.gz
ev_0532,ev,simulation_feeder_02,18.53,2026-01-15T03:45:00+05:30,2026-01-15T06:01:40+05:30,26.654,21.323,42.207,15,136,2026-01-15T06:01:40+05:30,1.4,18.53,0.2158,0.9179,available,69.27,47.4,85.9,validation,time series data/caltech/California_Garage_02/2-6-3-1630-2019-10-13T22-15-26-829642.csv.gz
ev_0533,ev,simulation_feeder_03,6.64,2026-01-15T22:15:00+05:30,2026-01-16T03:57:27+05:30,20.789,16.631,37.898,15,342,2026-01-16T03:57:27+05:30,1.4,6.64,0.1736,0.8693,available,59.37,22.3,57.3,validation,time series data/office_01/Parking_Lot_01/19-102-260-1634-2019-08-07T16-50-38-226727.csv.gz
ev_0534,ev,simulation_feeder_04,6.61,2026-01-15T02:45:00+05:30,2026-01-15T05:50:52+05:30,8.468,6.774,20.476,15,185,2026-01-15T05:50:52+05:30,1.4,6.61,0.1999,0.8947,available,51.92,42.3,58.6,validation,time series data/caltech/California_Garage_01/2-39-88-24-2019-10-22T21-21-57-835253.csv.gz
ev_0535,ev,simulation_feeder_05,3.32,2026-01-15T13:15:00+05:30,2026-01-15T14:43:55+05:30,4.811,3.849,4.92,15,88,2026-01-15T14:43:55+05:30,1.4,3.32,0.1723,0.9124,available,51.93,60.6,69.9,validation,time series data/caltech/California_Garage_02/2-6-3-1357-2019-04-29T07-55-11-410269.csv.gz
ev_0536,ev,simulation_feeder_06,6.63,2026-01-15T08:45:00+05:30,2026-01-15T10:50:00+05:30,12.893,10.314,13.812,15,125,2026-01-15T10:50:00+05:30,1.4,6.63,0.0696,0.941,available,55.59,58.0,81.2,validation,time series data/caltech/N_Wilson_Garage_01/2-137-440-2980-2020-10-02T03-26-18-171124.csv.gz
ev_0537,ev,simulation_feeder_07,3.54,2026-01-15T23:15:00+05:30,2026-01-16T05:41:37+05:30,10.905,8.724,22.81,15,386,2026-01-16T05:41:37+05:30,1.4,3.54,0.1513,0.979,available,91.43,59.2,71.1,validation,time series data/caltech/California_Garage_01/2-39-78-360-2019-05-30T17-54-24-041844.csv.gz
ev_0538,ev,simulation_feeder_08,6.79,2026-01-15T07:00:00+05:30,2026-01-15T08:27:51+05:30,9.727,7.782,9.942,15,87,2026-01-15T08:27:51+05:30,1.4,6.79,0.1295,0.9799,available,56.9,70.0,87.1,validation,time series data/caltech/California_Garage_02/2-6-3-1365-2019-09-05T01-41-24-210394.csv.gz
ev_0539,ev,simulation_feeder_09,3.58,2026-01-15T20:00:00+05:30,2026-01-16T06:36:34+05:30,3.112,2.49,37.982,15,636,2026-01-16T06:36:34+05:30,1.4,3.58,0.2139,0.9188,available,55.45,44.8,50.4,validation,time series data/caltech/California_Garage_01/2-39-138-29-2018-07-05T14-34-14-740052.csv.gz
ev_0540,ev,simulation_feeder_10,11.15,2026-01-15T08:00:00+05:30,2026-01-15T09:18:56+05:30,14.183,11.346,14.668,15,78,2026-01-15T09:18:56+05:30,1.4,11.15,0.033,0.9633,available,40.7,45.0,79.8,validation,time series data/caltech/California_Garage_02/2-6-3-1624-2019-09-24T02-42-56-551101.csv.gz
ev_0541,ev,simulation_feeder_01,1.85,2026-01-15T00:00:00+05:30,2026-01-15T00:53:18+05:30,0.927,0.742,1.643,15,53,2026-01-15T00:53:18+05:30,1.4,1.85,0.206,0.9,available,65.04,36.1,37.5,validation,time series data/caltech/California_Garage_01/2-39-78-363-2019-11-07T18-38-34-359163.csv.gz
ev_0542,ev,simulation_feeder_02,3.67,2026-01-15T22:30:00+05:30,2026-01-16T07:34:32+05:30,11.878,9.502,33.307,15,544,2026-01-16T07:34:32+05:30,1.4,3.67,0.2191,0.8609,available,68.14,15.9,33.3,validation,time series data/caltech/California_Garage_01/2-39-95-444-2018-11-28T17-06-36-965671.csv.gz
ev_0543,ev,simulation_feeder_03,6.58,2026-01-15T20:30:00+05:30,2026-01-16T05:06:22+05:30,44.233,35.386,56.628,15,516,2026-01-16T05:06:22+05:30,1.4,6.58,0.1366,0.9479,available,93.12,24.9,72.4,validation,time series data/caltech/S_Wilson_Garage_01/2-105-277-1696-2020-10-05T15-07-29-443175.csv.gz
ev_0544,ev,simulation_feeder_04,3.37,2026-01-15T22:00:00+05:30,2026-01-16T09:28:16+05:30,8.29,6.632,38.658,15,688,2026-01-16T09:28:16+05:30,1.4,3.37,0.2188,0.9627,available,81.23,60.3,70.5,validation,time series data/caltech/California_Garage_01/2-39-124-558-2020-01-13T16-44-19-002518.csv.gz
ev_0545,ev,simulation_feeder_05,6.84,2026-01-15T06:15:00+05:30,2026-01-15T07:18:51+05:30,7.082,5.666,7.279,15,63,2026-01-15T07:18:51+05:30,1.4,6.84,0.2126,0.9251,available,69.7,72.9,83.1,validation,time series data/caltech/California_Garage_02/2-6-3-1356-2019-06-06T00-49-53-460835.csv.gz
ev_0546,ev,simulation_feeder_06,11.1,2026-01-15T00:45:00+05:30,2026-01-15T03:17:09+05:30,26.697,21.358,28.148,15,152,2026-01-15T03:17:09+05:30,1.4,11.1,0.035,0.8687,available,73.91,33.2,69.3,validation,time series data/caltech/California_Garage_02/2-6-3-1630-2019-09-21T19-20-24-960831.csv.gz
ev_0547,ev,simulation_feeder_07,3.37,2026-01-15T21:15:00+05:30,2026-01-16T04:22:10+05:30,9.532,7.626,23.993,15,427,2026-01-16T04:22:10+05:30,1.4,3.37,0.1338,0.9594,available,44.6,65.3,86.7,validation,time series data/jpl/Arroyo_Garage_01/1-1-193-819-2020-09-25T15-50-43-414321.csv.gz
ev_0548,ev,simulation_feeder_08,7.31,2026-01-15T02:15:00+05:30,2026-01-15T05:24:25+05:30,2.118,1.694,23.077,15,189,2026-01-15T05:24:25+05:30,1.4,7.31,0.1931,0.9126,available,41.62,75.8,80.9,validation,time series data/caltech/California_Garage_02/2-6-3-1624-2019-07-03T20-49-10-201849.csv.gz
ev_0549,ev,simulation_feeder_09,3.59,2026-01-15T20:30:00+05:30,2026-01-16T05:48:32+05:30,10.255,8.204,33.419,15,558,2026-01-16T05:48:32+05:30,1.4,3.59,0.0988,0.9317,available,92.93,26.0,37.0,validation,time series data/caltech/California_Garage_01/2-39-79-382-2019-05-20T15-12-26-638140.csv.gz
ev_0550,ev,simulation_feeder_10,3.31,2026-01-15T22:00:00+05:30,2026-01-16T00:20:17+05:30,6.728,5.382,7.739,15,140,2026-01-16T00:20:17+05:30,1.4,3.31,0.0629,0.8692,available,98.56,26.4,33.2,validation,time series data/jpl/Arroyo_Garage_01/1-1-194-822-2020-06-25T16-35-12-360770.csv.gz
ev_0551,ev,simulation_feeder_01,6.57,2026-01-15T09:30:00+05:30,2026-01-15T14:29:14+05:30,26.483,21.186,32.766,15,299,2026-01-15T14:29:14+05:30,1.4,6.57,0.122,0.9532,available,91.83,27.4,56.2,validation,time series data/caltech/California_Garage_02/2-6-3-1363-2020-10-29T04-14-07-715580.csv.gz
ev_0552,ev,simulation_feeder_02,3.22,2026-01-15T19:00:00+05:30,2026-01-15T23:41:38+05:30,7.48,5.984,15.114,15,281,2026-01-15T23:41:38+05:30,1.4,3.22,0.0924,0.9645,available,74.13,74.9,85.0,validation,time series data/jpl/Arroyo_Garage_01/1-1-193-827-2020-11-03T13-40-56-907750.csv.gz
ev_0553,ev,simulation_feeder_03,3.51,2026-01-15T22:15:00+05:30,2026-01-16T06:53:12+05:30,6.212,4.97,30.315,15,518,2026-01-16T06:53:12+05:30,1.4,3.51,0.2092,0.9877,available,50.78,55.4,67.6,validation,time series data/caltech/California_Garage_01/2-39-79-378-2020-01-28T16-58-41-576319.csv.gz
ev_0554,ev,simulation_feeder_04,11.03,2026-01-15T03:15:00+05:30,2026-01-15T04:41:48+05:30,14.479,11.583,15.957,15,86,2026-01-15T04:41:48+05:30,1.4,11.03,0.0785,0.8961,available,53.88,54.8,81.7,validation,time series data/caltech/California_Garage_02/2-6-3-1632-2020-06-06T21-55-06-706292.csv.gz
ev_0555,ev,simulation_feeder_05,1.4,2026-01-15T04:00:00+05:30,2026-01-15T04:15:00+05:30,0.01,0.008,0.35,15,15,2026-01-15T04:15:00+05:30,1.4,1.4,0.1007,0.8636,available,52.69,63.2,63.2,validation,time series data/caltech/California_Garage_01/2-39-90-440-2019-12-13T22-33-12-477191.csv.gz
ev_0556,ev,simulation_feeder_06,3.33,2026-01-15T02:00:00+05:30,2026-01-15T07:40:44+05:30,1.517,1.214,18.911,15,340,2026-01-15T07:40:44+05:30,1.4,3.33,0.1887,0.9193,available,68.4,15.1,17.3,validation,time series data/caltech/California_Garage_01/2-39-92-442-2018-05-18T20-31-11-907785.csv.gz
ev_0557,ev,simulation_feeder_07,3.53,2026-01-15T23:15:00+05:30,2026-01-16T01:15:25+05:30,5.071,4.057,7.085,15,120,2026-01-16T01:15:25+05:30,1.4,3.53,0.1164,0.9172,available,77.87,33.4,39.9,validation,time series data/caltech/California_Garage_01/2-39-78-363-2019-06-11T17-54-29-486105.csv.gz
ev_0558,ev,simulation_feeder_08,6.92,2026-01-15T00:30:00+05:30,2026-01-15T06:26:24+05:30,3.139,2.511,41.105,15,356,2026-01-15T06:26:24+05:30,1.4,6.92,0.0431,0.9074,available,69.12,36.9,41.4,validation,time series data/caltech/California_Garage_01/2-39-79-377-2019-07-10T19-08-25-389031.csv.gz
ev_0559,ev,simulation_feeder_09,3.39,2026-01-15T23:30:00+05:30,2026-01-16T06:21:29+05:30,9.898,7.918,23.249,15,411,2026-01-16T06:21:29+05:30,1.4,3.39,0.161,0.966,available,36.21,16.3,43.6,validation,time series data/caltech/California_Garage_01/2-39-123-557-2019-11-12T18-06-51-793546.csv.gz
ev_0560,ev,simulation_feeder_10,3.3,2026-01-15T22:30:00+05:30,2026-01-15T23:17:14+05:30,1.328,1.062,2.598,15,47,2026-01-15T23:17:14+05:30,1.4,3.3,0.0504,0.9684,available,43.75,24.6,27.6,validation,time series data/caltech/California_Garage_01/2-39-124-22-2018-05-17T16-59-58-640934.csv.gz
ev_0561,ev,simulation_feeder_01,6.48,2026-01-15T09:15:00+05:30,2026-01-15T09:40:14+05:30,1.636,1.309,2.725,15,25,2026-01-15T09:40:14+05:30,1.4,6.48,0.1374,0.9225,available,81.09,32.1,34.1,validation,time series data/caltech/California_Garage_02/2-6-3-1367-2019-08-30T03-51-24-395153.csv.gz
ev_0562,ev,simulation_feeder_02,5.8,2026-01-15T03:15:00+05:30,2026-01-15T04:35:28+05:30,0.345,0.276,7.778,15,80,2026-01-15T04:35:28+05:30,1.4,5.8,0.1638,0.9325,available,41.37,21.6,22.4,validation,time series data/caltech/California_Garage_01/2-39-127-19-2018-10-19T21-47-22-568131.csv.gz
ev_0563,ev,simulation_feeder_03,1.84,2026-01-15T22:45:00+05:30,2026-01-15T23:00:00+05:30,0.045,0.036,0.46,15,15,2026-01-15T23:00:00+05:30,1.4,1.84,0.1099,0.8761,available,84.73,68.4,68.5,validation,time series data/caltech/California_Garage_01/2-39-78-363-2020-01-28T17-26-31-801313.csv.gz
ev_0564,ev,simulation_feeder_04,1.92,2026-01-15T01:15:00+05:30,2026-01-15T02:48:23+05:30,0.974,0.779,2.988,15,93,2026-01-15T02:48:23+05:30,1.4,1.92,0.1343,0.9465,available,88.89,73.8,74.9,validation,time series data/caltech/California_Garage_01/2-39-130-31-2019-06-14T19-57-44-969288.csv.gz
ev_0565,ev,simulation_feeder_05,1.73,2026-01-15T20:45:00+05:30,2026-01-15T21:00:00+05:30,0.107,0.086,0.432,15,15,2026-01-15T21:00:00+05:30,1.4,1.73,0.1402,0.9686,available,37.59,30.5,30.8,validation,time series data/caltech/California_Garage_01/2-39-79-383-2019-08-02T15-16-00-069280.csv.gz
ev_0566,ev,simulation_feeder_06,22.0,2026-01-15T02:30:00+05:30,2026-01-15T02:45:00+05:30,5.5,4.4,5.5,15,15,2026-01-15T02:45:00+05:30,1.4,22.0,0.0357,0.9411,available,67.63,78.0,86.1,validation,time series data/caltech/N_Wilson_Garage_01/2-137-521-3843-2020-05-23T21-02-31-342625.csv.gz
ev_0567,ev,simulation_feeder_07,7.08,2026-01-15T07:30:00+05:30,2026-01-15T09:23:11+05:30,7.526,6.021,13.356,15,113,2026-01-15T09:23:11+05:30,1.4,7.08,0.1383,0.9334,available,42.38,71.7,89.5,validation,time series data/caltech/California_Garage_01/2-39-138-29-2019-02-02T02-03-08-936530.csv.gz
ev_0568,ev,simulation_feeder_08,6.53,2026-01-15T10:15:00+05:30,2026-01-15T11:18:35+05:30,6.72,5.376,6.92,15,63,2026-01-15T11:18:35+05:30,1.4,6.53,0.2053,0.9431,available,55.93,65.3,77.3,validation,time series data/caltech/California_Garage_02/2-6-3-1358-2018-12-17T04-47-24-236425.csv.gz
ev_0569,ev,simulation_feeder_09,6.59,2026-01-15T20:30:00+05:30,2026-01-16T05:56:02+05:30,19.829,15.863,38.02,15,566,2026-01-16T05:56:02+05:30,1.4,6.59,0.1651,0.894,available,38.02,22.8,75.0,validation,time series data/caltech/California_Garage_01/2-39-95-444-2018-11-07T15-02-59-532377.csv.gz
ev_0570,ev,simulation_feeder_10,6.82,2026-01-15T05:30:00+05:30,2026-01-16T04:58:53+05:30,13.2,10.56,97.61,15,1408,2026-01-16T04:58:53+05:30,1.4,6.82,0.1642,0.8771,available,97.61,65.7,79.2,validation,time series data/caltech/California_Garage_01/2-39-78-362-2018-09-12T00-03-03-184996.csv.gz
ev_0571,ev,simulation_feeder_01,11.02,2026-01-15T06:00:00+05:30,2026-01-15T09:34:10+05:30,26.723,21.378,39.335,15,214,2026-01-15T09:34:10+05:30,1.4,11.02,0.1058,0.924,available,93.14,37.7,66.4,validation,time series data/caltech/California_Garage_02/2-6-3-1627-2019-12-28T00-41-01-779699.csv.gz
ev_0572,ev,simulation_feeder_02,2.6,2026-01-15T20:45:00+05:30,2026-01-16T05:41:47+05:30,4.738,3.79,23.261,15,536,2026-01-16T05:41:47+05:30,1.4,2.6,0.21,0.8994,available,37.07,39.3,52.1,validation,time series data/jpl/Arroyo_Garage_01/1-1-194-821-2020-07-24T15-28-04-506082.csv.gz
ev_0573,ev,simulation_feeder_03,6.83,2026-01-15T23:30:00+05:30,2026-01-15T23:45:00+05:30,1.37,1.096,1.708,15,15,2026-01-15T23:45:00+05:30,1.4,6.83,0.1507,0.9644,available,79.99,51.9,53.6,validation,time series data/caltech/California_Garage_01/2-39-125-21-2018-10-27T18-08-22-270242.csv.gz
ev_0574,ev,simulation_feeder_04,6.45,2026-01-15T21:45:00+05:30,2026-01-16T06:42:46+05:30,11.065,8.852,57.81,15,537,2026-01-16T06:42:46+05:30,1.4,6.45,0.1369,0.9261,available,61.14,61.5,79.6,validation,time series data/caltech/California_Garage_01/2-39-95-444-2019-05-14T16-17-56-240835.csv.gz
ev_0575,ev,simulation_feeder_05,3.66,2026-01-15T19:15:00+05:30,2026-01-16T05:45:51+05:30,9.819,7.855,38.482,15,630,2026-01-16T05:45:51+05:30,1.4,3.66,0.1501,0.8722,available,97.05,39.2,49.3,validation,time series data/caltech/California_Garage_01/2-39-95-27-2018-06-18T13-57-39-477306.csv.gz
ev_0576,ev,simulation_feeder_06,6.61,2026-01-15T17:45:00+05:30,2026-01-16T01:32:06+05:30,29.595,23.676,51.459,15,467,2026-01-16T01:32:06+05:30,1.4,6.61,0.1925,0.8989,available,87.0,23.0,57.0,validation,time series data/jpl/Arroyo_Garage_01/1-1-194-826-2020-10-29T12-29-34-176189.csv.gz
ev_0577,ev,simulation_feeder_07,7.02,2026-01-15T23:30:00+05:30,2026-01-16T06:37:30+05:30,12.763,10.21,50.017,15,427,2026-01-16T06:37:30+05:30,1.4,7.02,0.2062,0.8806,available,69.22,16.8,35.2,validation,time series data/caltech/California_Garage_01/2-39-79-376-2019-07-25T18-02-53-456470.csv.gz
ev_0578,ev,simulation_feeder_08,10.72,2026-01-15T01:15:00+05:30,2026-01-15T10:29:39+05:30,26.664,21.331,84.82,15,554,2026-01-15T10:29:39+05:30,1.4,10.72,0.1511,0.9416,available,84.82,55.7,87.1,validation,time series data/caltech/California_Garage_02/2-6-3-1631-2020-02-25T19-45-27-024265.csv.gz
ev_0579,ev,simulation_feeder_09,2.33,2026-01-15T22:00:00+05:30,2026-01-16T08:07:36+05:30,2.794,2.235,23.595,15,607,2026-01-16T08:07:36+05:30,1.4,2.33,0.1149,0.9442,available,70.74,78.7,82.6,validation,time series data/caltech/S_Wilson_Garage_01/2-105-277-1697-2019-07-01T16-33-31-029383.csv.gz
ev_0580,ev,simulation_feeder_10,3.56,2026-01-15T21:15:00+05:30,2026-01-16T06:01:51+05:30,2.131,1.705,31.26,15,526,2026-01-16T06:01:51+05:30,1.4,3.56,0.1461,0.8635,available,69.7,17.2,20.3,validation,time series data/caltech/California_Garage_01/2-39-130-31-2019-07-02T15-56-37-881639.csv.gz
ev_0581,ev,simulation_feeder_01,3.57,2026-01-15T06:15:00+05:30,2026-01-15T10:28:31+05:30,12.453,9.962,15.084,15,253,2026-01-15T10:28:31+05:30,1.4,3.57,0.0813,0.9889,available,64.65,55.7,75.0,validation,time series data/caltech/California_Garage_01/2-39-79-377-2018-06-26T00-58-43-349395.csv.gz
ev_0582,ev,simulation_feeder_02,6.51,2026-01-15T22:45:00+05:30,2026-01-16T01:18:37+05:30,10.884,8.707,16.667,15,153,2026-01-16T01:18:37+05:30,1.4,6.51,0.2087,0.8758,available,96.53,72.3,83.6,validation,time series data/caltech/S_Wilson_Garage_01/2-105-277-1698-2019-10-08T17-19-11-620834.csv.gz
ev_0583,ev,simulation_feeder_03,22.0,2026-01-15T23:30:00+05:30,2026-01-16T05:38:31.494108+05:30,26.813,21.45,52.0,15,368,2026-01-16T05:38:31.494108+05:30,1.4,22.0,0.1678,0.8841,available,52.0,28.0,79.6,validation,time series data/caltech/N_Wilson_Garage_01/2-137-521-3842-2020-10-14T18-13-19-584491.csv.gz
ev_0584,ev,simulation_feeder_04,6.78,2026-01-15T07:15:00+05:30,2026-01-15T09:32:29+05:30,4.157,3.326,15.536,15,137,2026-01-15T09:32:29+05:30,1.4,6.78,0.1487,0.8741,available,64.14,70.9,77.4,validation,time series data/caltech/California_Garage_01/2-39-138-29-2018-06-14T01-49-51-132813.csv.gz
ev_0585,ev,simulation_feeder_05,6.98,2026-01-15T01:15:00+05:30,2026-01-16T07:57:02+05:30,38.285,30.628,97.21,15,1842,2026-01-16T07:57:02+05:30,1.4,6.98,0.0334,0.9714,available,97.21,12.6,52.0,validation,time series data/caltech/California_Garage_01/2-39-95-27-2019-03-30T19-57-38-670354.csv.gz
ev_0586,ev,simulation_feeder_06,3.38,2026-01-15T02:30:00+05:30,2026-01-15T03:29:19+05:30,3.269,2.615,3.342,15,59,2026-01-15T03:29:19+05:30,1.4,3.38,0.0227,0.8855,available,69.87,45.2,49.9,validation,time series data/caltech/California_Garage_02/2-6-3-1358-2019-02-03T21-10-21-754115.csv.gz
ev_0587,ev,simulation_feeder_07,3.59,2026-01-15T21:30:00+05:30,2026-01-16T05:39:53+05:30,8.862,7.09,29.311,15,489,2026-01-16T05:39:53+05:30,1.4,3.59,0.0368,0.8607,available,45.93,16.7,36.0,validation,time series data/caltech/California_Garage_01/2-39-78-360-2019-08-28T16-08-48-017300.csv.gz
ev_0588,ev,simulation_feeder_08,6.8,2026-01-15T23:15:00+05:30,2026-01-16T08:38:46+05:30,11.367,9.094,36.8,15,563,2026-01-16T08:38:46+05:30,1.4,6.8,0.1081,0.9577,available,36.8,43.9,74.8,validation,time series data/caltech/California_Garage_01/2-39-78-360-2019-12-12T17-45-07-686217.csv.gz
ev_0589,ev,simulation_feeder_09,1.74,2026-01-15T21:45:00+05:30,2026-01-15T23:33:50+05:30,0.841,0.673,3.156,15,108,2026-01-15T23:33:50+05:30,1.4,1.74,0.1309,0.9531,available,98.18,27.3,28.2,validation,time series data/caltech/California_Garage_01/2-39-79-380-2020-01-03T16-19-09-581564.csv.gz
ev_0590,ev,simulation_feeder_10,1.87,2026-01-15T08:30:00+05:30,2026-01-15T10:32:13+05:30,0.894,0.715,3.809,15,122,2026-01-15T10:32:13+05:30,1.4,1.87,0.0588,0.9644,available,72.83,73.1,74.3,validation,time series data/caltech/California_Garage_01/2-39-129-17-2019-11-05T03-06-10-191927.csv.gz
ev_0591,ev,simulation_feeder_01,3.57,2026-01-15T01:15:00+05:30,2026-01-15T07:51:29+05:30,4.485,3.588,23.591,15,396,2026-01-15T07:51:29+05:30,1.4,3.57,0.0876,0.9035,available,72.42,56.8,63.0,validation,time series data/caltech/California_Garage_01/2-39-79-379-2019-04-28T19-47-33-219647.csv.gz
ev_0592,ev,simulation_feeder_02,5.9,2026-01-15T21:15:00+05:30,2026-01-16T06:08:46+05:30,6.413,5.13,39.56,15,533,2026-01-16T06:08:46+05:30,1.4,5.9,0.1824,0.9077,available,39.56,16.5,32.7,validation,time series data/caltech/California_Garage_01/2-39-88-438-2018-10-12T15-51-03-089606.csv.gz
ev_0593,ev,simulation_feeder_03,6.87,2026-01-15T04:45:00+05:30,2026-01-15T05:00:00+05:30,0.998,0.798,1.718,15,15,2026-01-15T05:00:00+05:30,1.4,6.87,0.0429,0.8741,available,45.72,77.5,79.7,validation,time series data/caltech/California_Garage_01/2-39-127-19-2018-06-22T23-18-52-497683.csv.gz
ev_0594,ev,simulation_feeder_04,3.63,2026-01-15T02:15:00+05:30,2026-01-15T05:36:57+05:30,8.436,6.749,12.218,15,201,2026-01-15T05:36:57+05:30,1.4,3.63,0.1383,0.924,available,74.06,34.2,45.6,validation,time series data/caltech/California_Garage_01/2-39-131-30-2019-02-23T20-55-41-090860.csv.gz
ev_0595,ev,simulation_feeder_05,22.0,2026-01-15T06:00:00+05:30,2026-01-15T06:15:00+05:30,5.341,4.273,5.5,15,15,2026-01-15T06:15:00+05:30,1.4,22.0,0.0658,0.8888,available,88.71,15.0,21.0,validation,time series data/caltech/N_Wilson_Garage_01/2-137-521-3844-2020-11-14T00-40-01-528883.csv.gz
ev_0596,ev,simulation_feeder_06,7.12,2026-01-15T22:30:00+05:30,2026-01-16T05:48:47+05:30,33.359,26.687,52.069,15,438,2026-01-16T05:48:47+05:30,1.4,7.12,0.1779,0.8957,available,97.67,49.7,83.9,test,time series data/caltech/California_Garage_01/2-39-139-28-2020-04-12T17-03-14-295012.csv.gz
ev_0597,ev,simulation_feeder_07,6.99,2026-01-15T20:45:00+05:30,2026-01-16T05:35:09+05:30,22.172,17.738,61.762,15,530,2026-01-16T05:35:09+05:30,1.4,6.99,0.0484,0.9517,available,99.33,59.8,82.1,test,time series data/caltech/California_Garage_01/2-39-123-557-2018-05-22T15-23-09-274820.csv.gz
ev_0598,ev,simulation_feeder_08,9.46,2026-01-15T21:00:00+05:30,2026-01-15T23:51:39+05:30,19.972,15.978,27.063,15,171,2026-01-15T23:51:39+05:30,1.4,9.46,0.1114,0.9274,available,75.7,53.8,80.2,test,time series data/caltech/California_Garage_02/2-6-3-1631-2019-10-20T15-41-37-914575.csv.gz
ev_0599,ev,simulation_feeder_09,11.32,2026-01-15T22:15:00+05:30,2026-01-15T22:33:34+05:30,3.286,2.629,3.503,15,18,2026-01-15T22:33:34+05:30,1.4,11.32,0.0961,0.9262,available,99.04,48.4,51.7,test,time series data/caltech/California_Garage_02/2-6-3-1628-2020-04-18T16-54-56-505756.csv.gz
ev_0600,ev,simulation_feeder_10,22.0,2026-01-15T10:30:00+05:30,2026-01-15T10:57:13.974059+05:30,9.985,7.988,9.985,15,27,2026-01-15T10:57:13.974059+05:30,1.4,22.0,0.0959,0.8803,available,48.89,49.1,69.5,test,time series data/caltech/N_Wilson_Garage_01/2-137-521-3845-2020-06-29T05-05-09-835841.csv.gz
ev_0601,ev,simulation_feeder_01,3.6,2026-01-15T23:30:00+05:30,2026-01-16T01:38:45+05:30,2.757,2.206,7.725,15,128,2026-01-16T01:38:45+05:30,1.4,3.6,0.1424,0.8755,available,95.09,85.4,88.3,test,time series data/caltech/California_Garage_01/2-39-130-31-2018-12-21T18-07-14-239500.csv.gz
ev_0602,ev,simulation_feeder_02,6.26,2026-01-15T23:30:00+05:30,2026-01-16T05:55:36+05:30,12.251,9.801,38.27,15,385,2026-01-16T05:55:36+05:30,1.4,6.26,0.1386,0.9505,available,38.27,48.0,80.0,test,time series data/caltech/California_Garage_01/2-39-79-383-2020-01-10T18-03-25-631999.csv.gz
ev_0603,ev,simulation_feeder_03,22.0,2026-01-15T08:30:00+05:30,2026-01-15T09:01:30.375636+05:30,8.425,6.74,11.552,15,31,2026-01-15T09:01:30.375636+05:30,1.4,22.0,0.1222,0.9815,available,41.31,26.9,47.3,test,time series data/caltech/N_Wilson_Garage_01/2-137-521-3845-2020-10-10T03-12-50-348346.csv.gz
ev_0604,ev,simulation_feeder_04,10.77,2026-01-15T00:30:00+05:30,2026-01-15T00:55:29+05:30,3.913,3.13,4.574,15,25,2026-01-15T00:55:29+05:30,1.4,10.77,0.0769,0.9291,available,69.16,46.4,52.1,test,time series data/caltech/California_Garage_02/2-6-3-1623-2020-05-03T19-04-32-940948.csv.gz
ev_0605,ev,simulation_feeder_05,6.78,2026-01-15T21:45:00+05:30,2026-01-16T01:30:13+05:30,0.864,0.691,25.449,15,225,2026-01-16T01:30:13+05:30,1.4,6.78,0.0483,0.88,available,46.66,28.6,30.5,test,time series data/caltech/California_Garage_01/2-39-78-364-2019-04-22T16-28-55-261183.csv.gz
ev_0606,ev,simulation_feeder_06,6.71,2026-01-15T20:45:00+05:30,2026-01-16T05:57:02+05:30,10.404,8.323,61.736,15,552,2026-01-16T05:57:02+05:30,1.4,6.71,0.2113,0.9078,available,84.43,13.3,25.6,test,time series data/caltech/California_Garage_01/2-39-92-436-2018-07-27T15-20-30-346733.csv.gz
ev_0607,ev,simulation_feeder_07,3.43,2026-01-15T23:30:00+05:30,2026-01-16T08:29:56+05:30,13.027,10.422,30.866,15,539,2026-01-16T08:29:56+05:30,1.4,3.43,0.1986,0.9738,available,90.9,12.0,26.3,test,time series data/caltech/California_Garage_01/2-39-78-363-2018-12-03T18-08-07-971822.csv.gz
ev_0608,ev,simulation_feeder_08,16.84,2026-01-15T06:00:00+05:30,2026-01-15T06:54:44+05:30,7.691,6.153,15.362,15,54,2026-01-15T06:54:44+05:30,1.4,16.84,0.0587,0.9644,available,40.38,17.1,36.1,test,time series data/caltech/California_Garage_02/2-6-3-1631-2020-06-13T00-40-59-899680.csv.gz
ev_0609,ev,simulation_feeder_09,10.74,2026-01-15T10:00:00+05:30,2026-01-15T10:56:18+05:30,1.494,1.195,10.078,15,56,2026-01-15T10:56:18+05:30,1.4,10.74,0.0608,0.8811,available,41.45,66.1,69.7,test,time series data/caltech/California_Garage_02/2-6-3-1631-2020-02-01T04-38-07-738788.csv.gz
ev_0610,ev,simulation_feeder_10,6.72,2026-01-15T21:15:00+05:30,2026-01-16T05:27:08+05:30,7.835,6.268,42.19,15,492,2026-01-16T05:27:08+05:30,1.4,6.72,0.1546,0.9702,available,42.19,14.6,33.2,test,time series data/caltech/California_Garage_01/2-39-128-18-2018-07-30T15-46-04-918643.csv.gz
ev_0611,ev,simulation_feeder_01,3.64,2026-01-15T21:15:00+05:30,2026-01-16T06:23:53+05:30,4.643,3.714,33.299,15,548,2026-01-16T06:23:53+05:30,1.4,3.64,0.1164,0.8697,available,97.35,16.9,21.7,test,time series data/caltech/California_Garage_01/2-39-129-17-2019-04-25T15-49-41-088498.csv.gz
ev_0612,ev,simulation_feeder_02,11.0,2026-01-15T23:00:00+05:30,2026-01-16T00:05:47+05:30,11.757,9.406,12.06,15,65,2026-01-16T00:05:47+05:30,1.4,11.0,0.0612,0.9457,available,36.72,46.0,78.0,test,time series data/caltech/California_Garage_02/2-6-3-1632-2020-10-17T17-35-54-468258.csv.gz
ev_0613,ev,simulation_feeder_03,3.28,2026-01-15T01:45:00+05:30,2026-01-15T07:43:32+05:30,0.652,0.522,19.6,15,358,2026-01-15T07:43:32+05:30,1.4,3.28,0.1014,0.9515,available,41.52,84.0,85.6,test,time series data/office_01/Parking_Lot_01/19-102-260-1638-2019-08-21T20-22-02-264666.csv.gz
ev_0614,ev,simulation_feeder_04,5.29,2026-01-15T10:30:00+05:30,2026-01-15T11:23:58+05:30,4.613,3.69,4.758,15,53,2026-01-15T11:23:58+05:30,1.4,5.29,0.0238,0.8799,available,99.81,51.0,55.6,test,time series data/caltech/California_Garage_01/2-39-131-30-2018-07-14T05-14-33-300770.csv.gz
ev_0615,ev,simulation_feeder_05,3.42,2026-01-15T21:30:00+05:30,2026-01-16T03:12:20+05:30,2.603,2.082,19.513,15,342,2026-01-16T03:12:20+05:30,1.4,3.42,0.126,0.8821,available,76.54,26.4,29.8,test,time series data/caltech/California_Garage_01/2-39-127-19-2018-08-14T16-11-14-822268.csv.gz
ev_0616,ev,simulation_feeder_06,3.57,2026-01-15T21:00:00+05:30,2026-01-15T21:47:26+05:30,1.681,1.345,2.822,15,47,2026-01-15T21:47:26+05:30,1.4,3.57,0.1897,0.9568,available,54.51,42.3,45.4,test,time series data/caltech/California_Garage_01/2-39-78-361-2018-05-29T15-33-56-243626.csv.gz
ev_0617,ev,simulation_feeder_07,6.92,2026-01-15T04:15:00+05:30,2026-01-15T04:30:00+05:30,1.285,1.028,1.73,15,15,2026-01-15T04:30:00+05:30,1.4,6.92,0.1682,0.9142,available,50.84,35.2,37.7,test,time series data/caltech/California_Garage_01/2-39-126-20-2018-07-22T22-53-04-046760.csv.gz
ev_0618,ev,simulation_feeder_08,7.14,2026-01-15T12:00:00+05:30,2026-01-16T01:52:09+05:30,39.761,31.809,76.33,15,832,2026-01-16T01:52:09+05:30,1.4,7.14,0.0828,0.9617,available,76.33,13.9,66.0,test,time series data/caltech/California_Garage_01/2-39-89-25-2019-01-05T06-38-52-714347.csv.gz
ev_0619,ev,simulation_feeder_09,11.32,2026-01-15T11:45:00+05:30,2026-01-15T12:00:00+05:30,0.29,0.232,2.83,15,15,2026-01-15T12:00:00+05:30,1.4,11.32,0.0291,0.9782,available,64.37,66.4,66.9,test,time series data/caltech/California_Garage_02/2-6-3-4515-2020-09-12T06-27-35-829671.csv.gz
ev_0620,ev,simulation_feeder_10,3.55,2026-01-15T02:15:00+05:30,2026-01-15T03:33:56+05:30,4.305,3.444,4.67,15,78,2026-01-15T03:33:56+05:30,1.4,3.55,0.1037,0.8717,available,37.48,55.1,66.6,test,time series data/caltech/California_Garage_01/2-39-91-441-2019-03-28T20-45-42-930497.csv.gz
ev_0621,ev,simulation_feeder_01,1.64,2026-01-15T03:15:00+05:30,2026-01-15T07:46:39+05:30,0.412,0.33,7.425,15,271,2026-01-15T07:46:39+05:30,1.4,1.64,0.1296,0.8648,available,67.83,74.6,75.2,test,time series data/caltech/S_Wilson_Garage_01/2-105-277-1698-2020-02-27T21-47-50-631283.csv.gz
ev_0622,ev,simulation_feeder_02,6.82,2026-01-15T08:45:00+05:30,2026-01-15T10:06:15+05:30,8.818,7.054,9.235,15,81,2026-01-15T10:06:15+05:30,1.4,6.82,0.1199,0.9852,available,43.0,48.0,68.5,test,time series data/caltech/California_Garage_01/2-39-95-27-2018-08-15T03-18-07-838963.csv.gz
ev_0623,ev,simulation_feeder_03,6.86,2026-01-15T22:45:00+05:30,2026-01-16T07:43:56+05:30,15.06,12.048,61.618,15,538,2026-01-16T07:43:56+05:30,1.4,6.86,0.1161,0.9442,available,63.53,21.3,45.0,test,time series data/caltech/California_Garage_01/2-39-92-436-2019-07-01T17-16-02-148553.csv.gz
ev_0624,ev,simulation_feeder_04,6.9,2026-01-15T10:00:00+05:30,2026-01-16T02:53:21+05:30,30.547,24.438,61.92,15,1013,2026-01-16T02:53:21+05:30,1.4,6.9,0.0797,0.9185,available,61.92,32.9,82.2,test,time series data/caltech/N_Wilson_Garage_01/2-137-441-3009-2020-06-27T04-31-45-220754.csv.gz
ev_0625,ev,simulation_feeder_05,3.6,2026-01-15T01:15:00+05:30,2026-01-15T01:38:23+05:30,1.403,1.122,1.403,15,23,2026-01-15T01:38:23+05:30,1.4,3.6,0.0794,0.8749,available,92.09,14.4,15.9,test,time series data/caltech/California_Garage_01/2-39-91-437-2020-01-25T16-36-03-069820.csv.gz
ev_0626,ev,simulation_feeder_06,2.34,2026-01-15T20:45:00+05:30,2026-01-15T22:56:31+05:30,0.452,0.362,5.129,15,131,2026-01-15T22:56:31+05:30,1.4,2.34,0.16,0.9365,available,85.35,76.7,77.2,test,time series data/caltech/California_Garage_01/2-39-131-30-2018-08-10T15-17-31-488885.csv.gz
ev_0627,ev,simulation_feeder_07,2.35,2026-01-15T20:15:00+05:30,2026-01-15T21:37:13+05:30,2.398,1.918,3.22,15,82,2026-01-15T21:37:13+05:30,1.4,2.35,0.07,0.9473,available,37.11,70.0,76.5,test,time series data/jpl/Arroyo_Garage_01/1-1-194-818-2020-10-07T14-58-35-368704.csv.gz
ev_0628,ev,simulation_feeder_08,10.91,2026-01-15T01:00:00+05:30,2026-01-15T03:26:51+05:30,6.034,4.827,26.702,15,146,2026-01-15T03:26:51+05:30,1.4,10.91,0.1737,0.9022,available,60.4,71.5,81.5,test,time series data/caltech/California_Garage_02/2-6-3-1627-2019-08-05T19-34-59-145159.csv.gz
ev_0629,ev,simulation_feeder_09,3.45,2026-01-15T20:15:00+05:30,2026-01-16T05:59:32+05:30,5.585,4.468,33.611,15,584,2026-01-16T05:59:32+05:30,1.4,3.45,0.0942,0.9162,available,73.3,34.5,42.1,test,time series data/caltech/California_Garage_01/2-39-79-382-2018-08-09T14-49-58-117909.csv.gz
ev_0630,ev,simulation_feeder_10,6.62,2026-01-15T22:00:00+05:30,2026-01-16T07:19:05+05:30,36.382,29.106,61.686,15,559,2026-01-16T07:19:05+05:30,1.4,6.62,0.0569,0.9759,available,85.65,13.0,55.5,test,time series data/caltech/N_Wilson_Garage_01/2-137-441-3012-2020-01-06T16-36-40-360516.csv.gz
ev_0631,ev,simulation_feeder_01,3.5,2026-01-15T16:00:00+05:30,2026-01-15T18:24:16+05:30,6.033,4.826,8.416,15,144,2026-01-15T18:24:16+05:30,1.4,3.5,0.1223,0.9894,available,85.75,15.9,22.9,test,time series data/caltech/California_Garage_01/2-39-78-365-2018-09-28T10-43-10-692783.csv.gz
ev_0632,ev,simulation_feeder_02,6.97,2026-01-15T02:30:00+05:30,2026-01-15T04:06:01+05:30,9.778,7.822,11.154,15,96,2026-01-15T04:06:01+05:30,1.4,6.97,0.1268,0.9261,available,38.96,17.1,42.2,test,time series data/caltech/California_Garage_01/2-39-126-20-2018-09-29T21-03-58-197295.csv.gz
ev_0633,ev,simulation_feeder_03,3.54,2026-01-15T20:30:00+05:30,2026-01-16T05:29:52+05:30,4.958,3.966,31.852,15,539,2026-01-16T05:29:52+05:30,1.4,3.54,0.0824,0.9192,available,76.14,25.7,32.2,test,time series data/caltech/California_Garage_01/2-39-78-360-2018-07-02T15-09-00-127387.csv.gz
ev_0634,ev,simulation_feeder_04,1.73,2026-01-15T02:30:00+05:30,2026-01-15T04:17:38+05:30,0.872,0.698,3.103,15,107,2026-01-15T04:17:38+05:30,1.4,1.73,0.1981,0.8697,available,96.8,64.1,65.0,test,time series data/caltech/California_Garage_01/2-39-131-30-2019-10-05T21-09-40-240190.csv.gz
ev_0635,ev,simulation_feeder_05,6.65,2026-01-15T01:00:00+05:30,2026-01-15T01:15:00+05:30,0.184,0.147,1.663,15,15,2026-01-15T01:15:00+05:30,1.4,6.65,0.0988,0.9454,available,62.02,47.0,47.3,test,time series data/caltech/California_Garage_01/2-39-127-19-2018-08-19T19-41-34-934013.csv.gz
ev_0636,ev,simulation_feeder_06,1.72,2026-01-15T00:15:00+05:30,2026-01-15T05:22:47+05:30,0.861,0.689,8.823,15,307,2026-01-15T05:22:47+05:30,1.4,1.72,0.0992,0.8811,available,79.88,81.0,82.1,test,time series data/caltech/California_Garage_01/2-39-88-24-2019-09-03T18-57-58-786521.csv.gz
ev_0637,ev,simulation_feeder_07,16.74,2026-01-15T01:00:00+05:30,2026-01-15T07:30:23+05:30,62.702,50.162,88.61,15,390,2026-01-15T07:30:23+05:30,1.4,16.74,0.0424,0.9736,available,88.61,17.4,88.2,test,time series data/caltech/California_Garage_02/2-6-3-1625-2019-11-17T19-39-45-961729.csv.gz
ev_0638,ev,simulation_feeder_08,2.33,2026-01-15T22:30:00+05:30,2026-01-16T01:26:48+05:30,0.777,0.622,6.866,15,176,2026-01-16T01:26:48+05:30,1.4,2.33,0.0877,0.9336,available,43.31,84.7,86.5,test,time series data/caltech/California_Garage_01/2-39-79-376-2019-11-16T17-12-49-410458.csv.gz
ev_0639,ev,simulation_feeder_09,6.99,2026-01-15T05:30:00+05:30,2026-01-15T06:42:27+05:30,8.157,6.526,8.44,15,72,2026-01-15T06:42:27+05:30,1.4,6.99,0.1471,0.9235,available,96.69,26.3,34.7,test,time series data/caltech/California_Garage_01/2-39-91-441-2018-10-10T00-00-20-338346.csv.gz
ev_0640,ev,simulation_feeder_10,11.25,2026-01-15T00:30:00+05:30,2026-01-15T01:12:11+05:30,7.576,6.061,7.909,15,42,2026-01-15T01:12:11+05:30,1.4,11.25,0.0608,0.9069,available,99.49,63.1,70.7,test,time series data/caltech/California_Garage_02/2-6-3-1631-2020-10-31T19-06-03-836816.csv.gz
ev_0641,ev,simulation_feeder_01,7.05,2026-01-15T07:00:00+05:30,2026-01-16T00:11:56+05:30,52.368,41.894,94.2,15,1031,2026-01-16T00:11:56+05:30,1.4,7.05,0.1576,0.9798,available,94.2,28.1,83.7,test,time series data/caltech/California_Garage_01/2-39-129-17-2020-06-18T01-38-18-424678.csv.gz
ev_0642,ev,simulation_feeder_02,16.9,2026-01-15T00:30:00+05:30,2026-01-15T09:37:54+05:30,57.619,46.095,97.7,15,547,2026-01-15T09:37:54+05:30,1.4,16.9,0.0443,0.9857,available,97.7,20.7,79.7,test,time series data/caltech/California_Garage_02/2-6-3-1623-2019-11-18T19-09-48-933972.csv.gz
ev_0643,ev,simulation_feeder_03,3.48,2026-01-15T21:15:00+05:30,2026-01-16T05:58:15+05:30,3.144,2.515,30.348,15,523,2026-01-16T05:58:15+05:30,1.4,3.48,0.0394,0.8778,available,64.77,23.7,28.6,test,time series data/caltech/California_Garage_01/2-39-78-366-2018-07-24T15-49-51-180720.csv.gz
ev_0644,ev,simulation_feeder_04,6.9,2026-01-15T09:45:00+05:30,2026-01-15T10:00:00+05:30,1.232,0.986,1.725,15,15,2026-01-15T10:00:00+05:30,1.4,6.9,0.1315,0.8614,available,77.62,11.5,13.1,test,time series data/caltech/California_Garage_01/2-39-125-21-2018-08-19T04-24-49-659772.csv.gz
ev_0645,ev,simulation_feeder_05,6.46,2026-01-15T20:15:00+05:30,2026-01-15T23:18:59+05:30,14.306,11.445,19.809,15,183,2026-01-15T23:18:59+05:30,1.4,6.46,0.0465,0.9449,available,47.97,45.4,75.2,test,time series data/caltech/California_Garage_01/2-39-91-441-2018-11-14T14-45-04-842651.csv.gz
ev_0646,ev,simulation_feeder_06,6.03,2026-01-15T19:45:00+05:30,2026-01-16T03:45:54+05:30,13.723,10.978,41.65,15,480,2026-01-16T03:45:54+05:30,1.4,6.03,0.0747,0.8646,available,41.65,25.8,58.7,test,time series data/jpl/Arroyo_Garage_01/1-1-193-825-2020-11-17T14-17-23-811767.csv.gz
ev_0647,ev,simulation_feeder_07,10.77,2026-01-15T00:30:00+05:30,2026-01-15T01:18:39+05:30,7.061,5.649,8.733,15,48,2026-01-15T01:18:39+05:30,1.4,10.77,0.1311,0.8664,available,68.83,24.0,34.3,test,time series data/caltech/California_Garage_02/2-6-3-1625-2020-04-27T19-03-31-470648.csv.gz
ev_0648,ev,simulation_feeder_08,18.26,2026-01-15T17:45:00+05:30,2026-01-15T18:11:21+05:30,7.362,5.89,8.019,15,26,2026-01-15T18:11:21+05:30,1.4,18.26,0.0776,0.8665,available,89.36,21.4,29.6,test,time series data/caltech/California_Garage_02/2-6-3-1628-2019-11-09T12-25-40-103036.csv.gz
ev_0649,ev,simulation_feeder_09,7.09,2026-01-15T21:45:00+05:30,2026-01-16T07:00:45+05:30,39.902,31.922,65.671,15,555,2026-01-16T07:00:45+05:30,1.4,7.09,0.1473,0.9896,available,99.81,34.3,74.3,test,time series data/caltech/California_Garage_01/2-39-79-377-2019-01-14T16-23-40-718424.csv.gz
ev_0650,ev,simulation_feeder_10,3.51,2026-01-15T05:30:00+05:30,2026-01-15T20:05:45+05:30,6.539,5.231,51.231,15,875,2026-01-15T20:05:45+05:30,1.4,3.51,0.2101,0.8835,available,77.5,31.2,39.6,test,time series data/caltech/California_Garage_01/2-39-79-379-2018-07-05T00-06-57-695272.csv.gz
ev_0651,ev,simulation_feeder_01,6.83,2026-01-15T09:15:00+05:30,2026-01-20T05:18:24+05:30,48.893,39.114,95.31,15,6963,2026-01-20T05:18:24+05:30,1.4,6.83,0.2084,0.8877,available,95.31,10.6,61.9,test,time series data/caltech/N_Wilson_Garage_01/2-137-441-2999-2020-09-01T03-48-50-128311.csv.gz
ev_0652,ev,simulation_feeder_02,6.65,2026-01-15T21:00:00+05:30,2026-01-16T06:35:50+05:30,7.858,6.286,45.89,15,575,2026-01-16T06:35:50+05:30,1.4,6.65,0.1833,0.9266,available,45.89,58.1,75.2,test,time series data/caltech/California_Garage_02/2-6-3-1365-2019-10-16T15-32-49-903352.csv.gz
ev_0653,ev,simulation_feeder_03,6.12,2026-01-15T21:00:00+05:30,2026-01-16T06:40:36+05:30,11.634,9.307,53.65,15,580,2026-01-16T06:40:36+05:30,1.4,6.12,0.1247,0.8806,available,53.65,27.0,48.7,test,time series data/caltech/California_Garage_01/2-39-79-380-2020-03-09T15-41-04-871328.csv.gz
ev_0654,ev,simulation_feeder_04,3.55,2026-01-15T05:45:00+05:30,2026-01-15T07:14:20+05:30,1.419,1.135,5.286,15,89,2026-01-15T07:14:20+05:30,1.4,3.55,0.2007,0.9653,available,75.23,18.8,20.7,test,time series data/caltech/California_Garage_01/2-39-127-19-2019-06-26T00-21-58-973441.csv.gz
ev_0655,ev,simulation_feeder_05,3.33,2026-01-15T19:45:00+05:30,2026-01-16T05:14:24+05:30,10.321,8.257,31.602,15,569,2026-01-16T05:14:24+05:30,1.4,3.33,0.0247,0.8944,available,96.44,47.3,58.0,test,time series data/caltech/N_Wilson_Garage_01/2-137-440-2980-2019-12-09T14-19-14-769975.csv.gz
ev_0656,ev,simulation_feeder_06,3.6,2026-01-15T05:30:00+05:30,2026-01-15T07:40:38+05:30,5.576,4.461,7.838,15,130,2026-01-15T07:40:38+05:30,1.4,3.6,0.1006,0.9711,available,66.78,57.7,66.0,test,time series data/caltech/California_Garage_01/2-39-129-17-2018-06-02T00-07-45-007766.csv.gz
ev_0657,ev,simulation_feeder_07,3.37,2026-01-15T22:15:00+05:30,2026-01-16T01:38:09+05:30,8.733,6.986,11.41,15,203,2026-01-16T01:38:09+05:30,1.4,3.37,0.086,0.9337,available,57.41,39.8,55.0,test,time series data/jpl/Arroyo_Garage_01/1-1-179-815-2020-10-01T16-58-01-309070.csv.gz
ev_0658,ev,simulation_feeder_08,6.6,2026-01-15T09:00:00+05:30,2026-01-15T20:11:12+05:30,13.882,11.106,73.832,15,671,2026-01-15T20:11:12+05:30,1.4,6.6,0.1005,0.9811,available,81.49,54.0,71.0,test,time series data/caltech/California_Garage_01/2-39-89-25-2018-08-11T03-37-31-170622.csv.gz
ev_0659,ev,simulation_feeder_09,1.58,2026-01-15T00:15:00+05:30,2026-01-15T01:07:36+05:30,0.808,0.646,1.385,15,52,2026-01-15T01:07:36+05:30,1.4,1.58,0.1308,0.9099,available,87.85,53.9,54.8,test,time series data/caltech/California_Garage_01/2-39-126-20-2019-12-18T18-50-21-367497.csv.gz
ev_0660,ev,simulation_feeder_10,6.34,2026-01-15T19:15:00+05:30,2026-01-16T04:31:42+05:30,11.038,8.83,58.825,15,556,2026-01-16T04:31:42+05:30,1.4,6.34,0.1607,0.9613,available,77.0,56.6,70.9,test,time series data/caltech/California_Garage_01/2-39-79-382-2018-10-15T13-53-20-375888.csv.gz
ev_0661,ev,simulation_feeder_01,3.41,2026-01-15T19:45:00+05:30,2026-01-16T02:16:26+05:30,5.31,4.248,22.246,15,391,2026-01-16T02:16:26+05:30,1.4,3.41,0.0231,0.9795,available,91.89,71.3,77.1,test,time series data/caltech/California_Garage_01/2-39-79-381-2018-08-17T14-25-18-039714.csv.gz
ev_0662,ev,simulation_feeder_02,3.33,2026-01-15T04:15:00+05:30,2026-01-15T08:25:41+05:30,4.4,3.52,13.913,15,250,2026-01-15T08:25:41+05:30,1.4,3.33,0.0563,0.8645,available,93.08,43.1,47.8,test,time series data/caltech/California_Garage_01/2-39-88-24-2019-09-05T22-57-07-277622.csv.gz
ev_0663,ev,simulation_feeder_03,10.81,2026-01-15T22:15:00+05:30,2026-01-16T07:48:00+05:30,8.07,6.456,83.26,15,573,2026-01-16T07:48:00+05:30,1.4,10.81,0.1214,0.8854,available,83.26,35.7,45.4,test,time series data/caltech/California_Garage_02/2-6-3-1624-2019-12-12T16-58-38-008691.csv.gz
ev_0664,ev,simulation_feeder_04,6.53,2026-01-15T23:45:00+05:30,2026-01-16T01:03:33+05:30,8.329,6.663,8.549,15,78,2026-01-16T01:03:33+05:30,1.4,6.53,0.1204,0.9864,available,83.02,52.5,62.5,test,time series data/office_01/Parking_Lot_01/19-102-260-1637-2019-09-27T18-26-50-248060.csv.gz
ev_0665,ev,simulation_feeder_05,6.56,2026-01-15T21:15:00+05:30,2026-01-16T05:44:43+05:30,26.643,21.314,55.729,15,509,2026-01-16T05:44:43+05:30,1.4,6.56,0.098,0.9375,available,58.73,18.0,63.4,test,time series data/caltech/California_Garage_02/2-6-3-1364-2020-10-12T15-50-12-629263.csv.gz
ev_0666,ev,simulation_feeder_06,3.5,2026-01-15T10:45:00+05:30,2026-01-15T11:00:00+05:30,0.605,0.484,0.875,15,15,2026-01-15T11:00:00+05:30,1.4,3.5,0.1892,0.907,available,67.43,10.4,11.3,test,time series data/caltech/California_Garage_01/2-39-138-29-2018-08-18T05-22-47-877347.csv.gz
ev_0667,ev,simulation_feeder_07,1.4,2026-01-15T00:30:00+05:30,2026-01-15T05:57:49+05:30,4.003,3.202,7.649,15,327,2026-01-15T05:57:49+05:30,1.4,1.4,0.0219,0.9695,available,82.61,13.6,18.4,test,time series data/caltech/California_Garage_02/2-6-3-1364-2020-03-02T16-00-33-018351.csv.gz
ev_0668,ev,simulation_feeder_08,3.38,2026-01-15T02:00:00+05:30,2026-01-15T12:03:15+05:30,13.903,11.122,33.983,15,603,2026-01-15T12:03:15+05:30,1.4,3.38,0.1614,0.9088,available,54.04,19.8,45.5,test,time series data/caltech/California_Garage_01/2-39-89-25-2018-09-02T20-37-20-992489.csv.gz
ev_0669,ev,simulation_feeder_09,6.4,2026-01-15T20:45:00+05:30,2026-01-16T00:49:30+05:30,3.446,2.757,26.08,15,244,2026-01-16T00:49:30+05:30,1.4,6.4,0.0931,0.9471,available,39.93,13.6,22.2,test,time series data/caltech/California_Garage_01/2-39-79-380-2018-07-20T15-17-28-844729.csv.gz
ev_0670,ev,simulation_feeder_10,11.06,2026-01-15T20:45:00+05:30,2026-01-15T21:00:00+05:30,1.248,0.998,2.765,15,15,2026-01-15T21:00:00+05:30,1.4,11.06,0.1158,0.9737,available,81.97,68.4,69.9,test,time series data/caltech/California_Garage_02/2-6-3-1632-2019-05-22T15-16-13-891605.csv.gz
ev_0671,ev,simulation_feeder_01,3.31,2026-01-15T22:15:00+05:30,2026-01-16T08:35:18+05:30,5.419,4.335,34.22,15,620,2026-01-16T08:35:18+05:30,1.4,3.31,0.0721,0.9815,available,92.73,39.1,44.9,test,time series data/caltech/California_Garage_01/2-39-139-28-2019-02-07T16-50-22-600519.csv.gz
ev_0672,ev,simulation_feeder_02,3.45,2026-01-15T21:15:00+05:30,2026-01-16T02:44:16+05:30,4.224,3.379,18.933,15,329,2026-01-16T02:44:16+05:30,1.4,3.45,0.0949,0.9363,available,79.95,11.4,16.7,test,time series data/caltech/California_Garage_01/2-39-89-25-2018-12-07T15-54-56-859731.csv.gz
ev_0673,ev,simulation_feeder_03,6.46,2026-01-15T04:30:00+05:30,2026-01-15T07:48:38+05:30,19.099,15.279,21.386,15,198,2026-01-15T07:48:38+05:30,1.4,6.46,0.1506,0.9556,available,85.74,11.4,33.7,test,time series data/caltech/N_Wilson_Garage_01/2-137-440-2989-2020-02-13T23-07-17-448345.csv.gz
ev_0674,ev,simulation_feeder_04,6.88,2026-01-15T04:30:00+05:30,2026-01-15T05:27:20+05:30,6.331,5.065,6.574,15,57,2026-01-15T05:27:20+05:30,1.4,6.88,0.2053,0.9283,available,57.37,12.9,23.9,test,time series data/caltech/California_Garage_01/2-39-130-31-2018-10-25T23-08-34-039469.csv.gz
ev_0675,ev,simulation_feeder_05,6.08,2026-01-15T22:15:00+05:30,2026-01-16T04:55:20+05:30,7.086,5.669,35.14,15,400,2026-01-16T04:55:20+05:30,1.4,6.08,0.2108,0.8815,available,35.14,17.4,37.6,test,time series data/caltech/N_Wilson_Garage_01/2-137-441-3010-2020-02-24T16-48-33-634071.csv.gz
ev_0676,ev,simulation_feeder_06,7.01,2026-01-15T21:45:00+05:30,2026-01-16T05:01:06+05:30,23.201,18.561,38.95,15,436,2026-01-16T05:01:06+05:30,1.4,7.01,0.1396,0.9039,available,38.95,16.8,76.4,test,time series data/caltech/California_Garage_01/2-39-127-19-2019-07-20T16-20-57-194008.csv.gz
ev_0677,ev,simulation_feeder_07,6.91,2026-01-15T09:45:00+05:30,2026-01-15T10:00:00+05:30,0.169,0.135,1.728,15,15,2026-01-15T10:00:00+05:30,1.4,6.91,0.087,0.9036,available,37.37,88.4,88.9,test,time series data/caltech/California_Garage_01/2-39-78-366-2018-08-08T04-25-44-437659.csv.gz
ev_0678,ev,simulation_feeder_08,6.79,2026-01-15T09:15:00+05:30,2026-01-16T18:34:09+05:30,13.186,10.549,61.82,15,1999,2026-01-16T18:34:09+05:30,1.4,6.79,0.0341,0.8885,available,61.82,24.0,45.3,test,time series data/caltech/California_Garage_01/2-39-78-360-2018-08-26T03-50-47-293109.csv.gz
ev_0679,ev,simulation_feeder_09,1.81,2026-01-15T01:00:00+05:30,2026-01-15T03:11:14+05:30,1.058,0.846,3.959,15,131,2026-01-15T03:11:14+05:30,1.4,1.81,0.2013,0.9705,available,83.32,14.5,15.8,test,time series data/caltech/California_Garage_01/2-39-78-362-2018-12-14T19-39-35-934777.csv.gz
ev_0680,ev,simulation_feeder_10,10.37,2026-01-15T01:45:00+05:30,2026-01-15T06:37:46+05:30,12.335,9.868,50.6,15,292,2026-01-15T06:37:46+05:30,1.4,10.37,0.1075,0.9092,available,86.99,27.6,41.8,test,time series data/caltech/N_Wilson_Garage_01/2-137-440-3985-2020-07-21T20-25-35-606211.csv.gz
ev_0681,ev,simulation_feeder_01,6.56,2026-01-15T01:30:00+05:30,2026-01-15T03:43:23+05:30,12.125,9.7,14.583,15,133,2026-01-15T03:43:23+05:30,1.4,6.56,0.2186,0.9756,available,99.78,42.7,54.9,test,time series data/caltech/California_Garage_01/2-39-123-23-2018-06-02T20-06-22-053637.csv.gz
ev_0682,ev,simulation_feeder_02,6.83,2026-01-15T21:45:00+05:30,2026-01-16T06:40:31+05:30,16.689,13.351,60.96,15,535,2026-01-16T06:40:31+05:30,1.4,6.83,0.0755,0.905,available,90.15,57.1,75.6,test,time series data/caltech/California_Garage_01/2-39-78-360-2019-10-09T16-28-54-674501.csv.gz
ev_0683,ev,simulation_feeder_03,1.71,2026-01-15T02:15:00+05:30,2026-01-15T04:23:04+05:30,0.826,0.661,3.65,15,128,2026-01-15T04:23:04+05:30,1.4,1.71,0.2044,0.9822,available,81.31,16.4,17.4,test,time series data/caltech/California_Garage_01/2-39-89-25-2020-05-11T20-58-05-848503.csv.gz
ev_0684,ev,simulation_feeder_04,1.85,2026-01-15T22:00:00+05:30,2026-01-15T22:48:13+05:30,0.918,0.734,1.487,15,48,2026-01-15T22:48:13+05:30,1.4,1.85,0.0658,0.9673,available,41.1,52.3,54.5,test,time series data/caltech/California_Garage_01/2-39-78-365-2019-10-09T16-33-10-543623.csv.gz
ev_0685,ev,simulation_feeder_05,1.67,2026-01-15T06:15:00+05:30,2026-01-15T07:01:30+05:30,0.419,0.335,1.294,15,46,2026-01-15T07:01:30+05:30,1.4,1.67,0.1546,0.8791,available,78.98,22.1,22.6,test,time series data/caltech/S_Wilson_Garage_01/2-105-277-1696-2019-12-20T00-46-06-798611.csv.gz
ev_0686,ev,simulation_feeder_06,6.0,2026-01-15T20:45:00+05:30,2026-01-16T00:32:39+05:30,11.633,9.306,22.765,15,227,2026-01-16T00:32:39+05:30,1.4,6.0,0.0723,0.8621,available,36.08,43.3,75.5,test,time series data/caltech/California_Garage_02/2-6-3-1356-2019-04-22T15-26-32-520393.csv.gz
ev_0687,ev,simulation_feeder_07,22.0,2026-01-15T03:00:00+05:30,2026-01-15T03:22:32.740433+05:30,8.267,6.614,8.267,15,22,2026-01-15T03:22:32.740433+05:30,1.4,22.0,0.0313,0.9874,available,77.34,19.4,30.1,test,time series data/caltech/N_Wilson_Garage_01/2-137-521-3844-2020-08-20T21-33-00-049732.csv.gz
ev_0688,ev,simulation_feeder_08,8.86,2026-01-15T06:30:00+05:30,2026-01-15T09:35:31+05:30,19.155,15.324,27.395,15,185,2026-01-15T09:35:31+05:30,1.4,8.86,0.0881,0.9803,available,54.02,48.7,84.2,test,time series data/caltech/California_Garage_02/2-6-3-1625-2020-02-06T01-13-12-130777.csv.gz
ev_0689,ev,simulation_feeder_09,1.82,2026-01-15T02:15:00+05:30,2026-01-15T06:05:55+05:30,0.907,0.726,7.004,15,230,2026-01-15T06:05:55+05:30,1.4,1.82,0.0902,0.9053,available,43.24,81.9,84.0,test,time series data/caltech/California_Garage_01/2-39-82-385-2019-05-18T20-50-50-127280.csv.gz
ev_0690,ev,simulation_feeder_10,1.4,2026-01-15T04:00:00+05:30,2026-01-15T05:42:09+05:30,0.01,0.008,2.383,15,102,2026-01-15T05:42:09+05:30,1.4,1.4,0.1865,0.9862,available,66.43,31.0,31.0,test,time series data/caltech/California_Garage_01/2-39-78-367-2019-09-26T22-38-05-843133.csv.gz
ev_0691,ev,simulation_feeder_01,6.26,2026-01-15T20:00:00+05:30,2026-01-16T05:00:39+05:30,17.81,14.248,56.408,15,540,2026-01-16T05:00:39+05:30,1.4,6.26,0.2082,0.9518,available,58.18,44.4,75.0,test,time series data/caltech/California_Garage_02/2-6-3-1365-2019-04-02T14-44-27-971533.csv.gz
ev_0692,ev,simulation_feeder_02,3.31,2026-01-15T00:30:00+05:30,2026-01-15T08:21:15+05:30,8.43,6.744,25.997,15,471,2026-01-15T08:21:15+05:30,1.4,3.31,0.0842,0.866,available,78.99,45.7,56.4,test,time series data/jpl/Arroyo_Garage_01/1-1-178-828-2020-07-01T19-10-50-076681.csv.gz
ev_0693,ev,simulation_feeder_03,6.9,2026-01-15T07:30:00+05:30,2026-01-15T23:11:27+05:30,36.11,28.888,62.6,15,941,2026-01-15T23:11:27+05:30,1.4,6.9,0.0287,0.9022,available,62.6,25.3,83.0,test,time series data/caltech/California_Garage_01/2-39-131-30-2018-10-13T02-01-08-672362.csv.gz
ev_0694,ev,simulation_feeder_04,6.56,2026-01-15T17:00:00+05:30,2026-01-15T22:34:30+05:30,15.345,12.276,36.572,15,334,2026-01-15T22:34:30+05:30,1.4,6.56,0.0835,0.9525,available,66.2,46.4,69.6,test,time series data/caltech/California_Garage_01/2-39-79-381-2018-06-07T11-34-38-576180.csv.gz
ev_0695,ev,simulation_feeder_05,22.0,2026-01-15T23:45:00+05:30,2026-01-16T00:00:00+05:30,5.5,4.4,5.5,15,15,2026-01-16T00:00:00+05:30,1.4,22.0,0.0889,0.8912,available,37.58,72.3,86.9,test,time series data/caltech/N_Wilson_Garage_01/2-137-521-3843-2020-08-25T18-28-54-343067.csv.gz
ev_0696,ev,simulation_feeder_06,7.01,2026-01-15T23:00:00+05:30,2026-01-16T07:00:21+05:30,45.288,36.23,56.121,15,480,2026-01-16T07:00:21+05:30,1.4,7.01,0.1932,0.9543,available,66.08,20.4,88.9,test,time series data/caltech/N_Wilson_Garage_01/2-137-441-2997-2020-06-26T17-34-02-172059.csv.gz
ev_0697,ev,simulation_feeder_07,3.54,2026-01-15T20:30:00+05:30,2026-01-16T05:10:34+05:30,3.877,3.102,30.713,15,520,2026-01-16T05:10:34+05:30,1.4,3.54,0.0571,0.9082,available,50.98,55.9,63.5,test,time series data/caltech/California_Garage_01/2-39-90-26-2019-03-28T15-01-44-259049.csv.gz
ev_0698,ev,simulation_feeder_08,6.22,2026-01-15T07:45:00+05:30,2026-01-15T08:43:15+05:30,5.825,4.66,6.039,15,58,2026-01-15T08:43:15+05:30,1.4,6.22,0.0804,0.9617,available,41.46,51.1,65.1,test,time series data/caltech/California_Garage_01/2-39-139-28-2019-09-06T02-22-50-796284.csv.gz
ev_0699,ev,simulation_feeder_09,6.26,2026-01-15T19:45:00+05:30,2026-01-16T05:14:34+05:30,8.507,6.806,59.425,15,569,2026-01-16T05:14:34+05:30,1.4,6.26,0.0787,0.9628,available,95.5,33.5,42.4,test,time series data/caltech/California_Garage_01/2-39-79-381-2018-07-27T14-25-33-576707.csv.gz
ev_0700,ev,simulation_feeder_10,7.09,2026-01-15T21:15:00+05:30,2026-01-16T05:54:00+05:30,29.887,23.91,61.328,15,519,2026-01-16T05:54:00+05:30,1.4,7.09,0.0775,0.9863,available,81.98,46.5,83.0,test,time series data/caltech/California_Garage_01/2-39-79-379-2018-11-09T15-47-24-725566.csv.gz
