source_session_path,site,garage,connection_time,disconnect_time,energy_delivered_kwh,maximum_observed_power_kw,maximum_pilot_a,source_compressed_bytes,resource_id
time series data/caltech/LIGO_01/2-154-492-3391-2020-05-06T14-00-12-110505.csv.gz,caltech,LIGO_01,2020-05-06T14:00:35+00:00,2020-05-06T18:17:48+00:00,12.63544,3.466,32.0,41140,ev_0001
time series data/caltech/California_Garage_01/2-39-78-360-2018-09-06T09-03-41-321274.csv.gz,caltech,California_Garage_01,2018-09-06T09:03:41+00:00,2018-09-06T14:58:28+00:00,13.20868,6.76042,,35727,ev_0002
time series data/caltech/California_Garage_02/2-6-3-1369-2019-11-03T23-56-04-649262.csv.gz,caltech,California_Garage_02,2019-11-03T23:56:05+00:00,2019-11-04T04:34:52+00:00,26.64453,8.43211,0.0,43874,ev_0003
time series data/caltech/N_Wilson_Garage_01/2-137-440-3989-2020-07-15T16-48-20-405716.csv.gz,caltech,N_Wilson_Garage_01,2020-07-15T16:48:20+00:00,2020-07-16T01:26:07+00:00,38.72933,10.06848,48.0,21690,ev_0004
time series data/caltech/California_Garage_01/2-39-90-26-2019-04-09T17-18-20-352731.csv.gz,caltech,California_Garage_01,2019-04-09T17:18:20+00:00,2019-04-10T02:30:45+00:00,11.99304,6.397,32.0,56193,ev_0005
time series data/caltech/N_Wilson_Garage_01/2-137-521-3845-2020-06-08T19-43-43-260067.csv.gz,caltech,N_Wilson_Garage_01,2020-06-08T19:43:43.260067+00:00,2020-06-08T20:08:05.054845+00:00,11.999,47.1275,125.0,2601,ev_0006
time series data/caltech/California_Garage_01/2-39-79-378-2019-04-16T14-59-22-368160.csv.gz,caltech,California_Garage_01,2019-04-16T14:59:22+00:00,2019-04-17T00:12:38+00:00,5.68765,3.535,32.0,62042,ev_0007
time series data/caltech/California_Garage_01/2-39-139-28-2018-08-31T05-31-44-709315.csv.gz,caltech,California_Garage_01,2018-08-31T05:31:48+00:00,2018-08-31T06:44:42+00:00,2.40217,2.334,,12711,ev_0008
time series data/caltech/California_Garage_02/2-6-3-1365-2019-08-16T15-48-32-758109.csv.gz,caltech,California_Garage_02,2019-08-16T15:48:34+00:00,2019-08-17T01:52:44+00:00,5.33796,3.09691,0.0,54557,ev_0009
time series data/caltech/California_Garage_01/2-39-78-367-2019-10-07T19-20-07-648674.csv.gz,caltech,California_Garage_01,2019-10-07T19:20:09+00:00,2019-10-07T19:57:29+00:00,0.89198,1.78922,0.0,6774,ev_0010
time series data/caltech/N_Wilson_Garage_01/2-137-521-3845-2020-08-15T14-21-42-065007.csv.gz,caltech,N_Wilson_Garage_01,2020-08-15T14:21:42.065007+00:00,2020-08-15T14:33:02.977998+00:00,5.523,39.3194,125.0,1215,ev_0011
time series data/caltech/California_Garage_01/2-39-78-366-2018-10-11T02-25-46-510829.csv.gz,caltech,California_Garage_01,2018-10-11T02:25:47+00:00,2018-10-11T15:48:04+00:00,30.42321,7.03498,,81818,ev_0012
time series data/caltech/California_Garage_01/2-39-78-361-2019-11-11T17-10-00-690878.csv.gz,caltech,California_Garage_01,2019-11-11T17:10:01+00:00,2019-11-11T22:30:48+00:00,0.88109,1.71808,0.0,28167,ev_0013
time series data/caltech/California_Garage_02/2-6-3-1363-2019-06-19T13-55-44-629093.csv.gz,caltech,California_Garage_02,2019-06-19T13:55:50+00:00,2019-06-19T20:04:40+00:00,12.33672,6.41514,0.0,25841,ev_0014
time series data/caltech/California_Garage_02/2-6-3-1364-2018-12-04T15-06-42-153956.csv.gz,caltech,California_Garage_02,2018-12-04T15:06:42+00:00,2018-12-05T01:12:14+00:00,14.14904,3.38312,0.0,59245,ev_0015
time series data/caltech/California_Garage_01/2-39-95-444-2018-08-10T15-01-17-144729.csv.gz,caltech,California_Garage_01,2018-08-10T15:01:17+00:00,2018-08-10T23:36:52+00:00,6.55093,7.112,,31808,ev_0016
time series data/caltech/N_Wilson_Garage_01/2-137-521-3845-2020-06-20T01-51-56-754893.csv.gz,caltech,N_Wilson_Garage_01,2020-06-20T01:51:56.754893+00:00,2020-06-20T02:25:29.443256+00:00,16.535,40.426,125.0,3388,ev_0017
time series data/caltech/California_Garage_01/2-39-128-18-2018-07-11T22-57-32-041861.csv.gz,caltech,California_Garage_01,2018-07-11T22:57:32+00:00,2018-07-12T04:57:31+00:00,10.74758,6.57,,33839,ev_0018
time series data/caltech/California_Garage_01/2-39-128-18-2020-01-28T19-40-17-018191.csv.gz,caltech,California_Garage_01,2020-01-28T19:40:20+00:00,2020-01-28T19:54:59+00:00,0.38907,1.659,9.0,2830,ev_0019
time series data/caltech/California_Garage_02/2-6-3-1360-2019-09-09T15-32-07-139103.csv.gz,caltech,California_Garage_02,2019-09-09T15:32:10+00:00,2019-09-10T00:19:35+00:00,2.1489,6.05072,0.0,41303,ev_0020
time series data/caltech/California_Garage_02/2-6-3-1629-2019-08-16T07-33-55-588718.csv.gz,caltech,California_Garage_02,2019-08-16T07:33:58+00:00,2019-08-16T14:16:42+00:00,26.65612,11.18202,80.0,57012,ev_0021
time series data/jpl/Arroyo_Garage_01/1-1-194-822-2020-10-19T14-43-27-948048.csv.gz,jpl,Arroyo_Garage_01,2020-10-19T14:43:48+00:00,2020-10-19T19:06:54+00:00,5.98711,3.19,16.0,41220,ev_0022
time series data/jpl/Arroyo_Garage_01/1-1-191-782-2020-08-27T18-15-58-217971.csv.gz,jpl,Arroyo_Garage_01,2020-08-27T18:16:01+00:00,2020-08-27T22:49:46+00:00,15.03266,6.144,32.0,42675,ev_0023
time series data/office_01/Parking_Lot_01/19-102-260-1640-2020-09-01T23-12-59-216951.csv.gz,office_01,Parking_Lot_01,2020-09-01T23:13:31+00:00,2020-09-03T17:57:55+00:00,44.05414,6.603,32.0,244657,ev_0024
time series data/caltech/California_Garage_01/2-39-90-440-2018-09-26T15-57-47-553856.csv.gz,caltech,California_Garage_01,2018-09-26T15:57:51+00:00,2018-09-26T21:57:35+00:00,13.88175,6.116,,38253,ev_0025
time series data/office_01/Parking_Lot_01/19-102-260-1635-2019-11-04T20-20-42-588226.csv.gz,office_01,Parking_Lot_01,2019-11-04T20:20:46+00:00,2019-11-05T00:07:41+00:00,0.868,6.643,32.0,16380,ev_0026
time series data/caltech/N_Wilson_Garage_01/2-137-521-3845-2020-08-30T12-14-05-751509.csv.gz,caltech,N_Wilson_Garage_01,2020-08-30T12:14:05.751509+00:00,2020-08-30T12:14:06.517054+00:00,3.805,38.5407,125.0,688,ev_0027
time series data/caltech/California_Garage_02/2-6-3-1632-2020-03-29T19-02-13-561059.csv.gz,caltech,California_Garage_02,2020-03-29T19:02:35+00:00,2020-03-29T19:38:10+00:00,4.09076,7.2372,80.0,9315,ev_0028
time series data/caltech/California_Garage_01/2-39-139-28-2020-03-04T15-19-12-758016.csv.gz,caltech,California_Garage_01,2020-03-04T15:19:16+00:00,2020-03-05T01:04:24+00:00,10.44103,6.883,32.0,50716,ev_0029
time series data/caltech/California_Garage_01/2-39-127-19-2018-06-06T15-34-47-862149.csv.gz,caltech,California_Garage_01,2018-06-06T15:34:51+00:00,2018-06-07T00:30:48+00:00,4.12709,3.584,,36996,ev_0030
time series data/jpl/Arroyo_Garage_01/1-1-179-799-2020-10-07T13-10-30-444817.csv.gz,jpl,Arroyo_Garage_01,2020-10-07T13:10:30+00:00,2020-10-07T16:56:39+00:00,23.33196,6.454,32.0,42916,ev_0031
time series data/caltech/California_Garage_01/2-39-79-378-2018-08-30T02-52-55-068483.csv.gz,caltech,California_Garage_01,2018-08-30T02:52:55+00:00,2018-08-30T04:41:07+00:00,7.65357,6.296,,16258,ev_0032
time series data/caltech/California_Garage_02/2-6-3-1629-2019-10-03T15-09-08-011204.csv.gz,caltech,California_Garage_02,2019-10-03T15:09:11+00:00,2019-10-04T02:05:48+00:00,10.73847,17.31595,80.0,58031,ev_0033
time series data/caltech/California_Garage_02/2-6-3-1360-2019-09-22T09-25-17-582063.csv.gz,caltech,California_Garage_02,2019-09-22T09:25:18+00:00,2019-09-22T17:09:20+00:00,12.12061,6.46714,0.0,54676,ev_0034
time series data/caltech/California_Garage_02/2-6-3-1367-2019-06-03T15-47-20-195229.csv.gz,caltech,California_Garage_02,2019-06-03T15:47:29+00:00,2019-06-03T23:51:38+00:00,5.71541,3.34422,0.0,24298,ev_0035
time series data/caltech/California_Garage_01/2-39-91-437-2019-06-13T16-58-36-495751.csv.gz,caltech,California_Garage_01,2019-06-13T16:58:36+00:00,2019-06-14T00:50:10+00:00,1.42604,2.31,32.0,35518,ev_0036
time series data/caltech/California_Garage_01/2-39-79-379-2018-11-13T16-23-20-936638.csv.gz,caltech,California_Garage_01,2018-11-13T16:23:21+00:00,2018-11-13T16:24:52+00:00,0.06107,3.796,32.0,560,ev_0037
time series data/caltech/California_Garage_01/2-39-78-361-2019-09-16T15-34-59-884568.csv.gz,caltech,California_Garage_01,2019-09-16T15:35:00+00:00,2019-09-16T15:45:39+00:00,1.00989,6.7808,0.0,2650,ev_0038
time series data/caltech/California_Garage_01/2-39-92-442-2019-05-28T16-55-58-745410.csv.gz,caltech,California_Garage_01,2019-05-28T16:56:02+00:00,2019-05-29T03:42:38+00:00,0.86856,1.779,8.0,42950,ev_0039
time series data/caltech/California_Garage_02/2-6-3-1356-2019-11-04T16-34-00-120489.csv.gz,caltech,California_Garage_02,2019-11-04T16:34:02+00:00,2019-11-04T17:57:54+00:00,4.22428,3.08381,0.0,15398,ev_0040
time series data/caltech/California_Garage_02/2-6-3-1364-2019-11-04T15-09-04-773070.csv.gz,caltech,California_Garage_02,2019-11-04T15:09:07+00:00,2019-11-04T15:44:54+00:00,2.22985,6.36314,0.0,8807,ev_0041
time series data/caltech/California_Garage_01/2-39-79-381-2018-10-11T23-55-17-869892.csv.gz,caltech,California_Garage_01,2018-10-11T23:55:21+00:00,2018-10-12T01:06:29+00:00,2.45836,2.314,,12559,ev_0042
time series data/caltech/California_Garage_01/2-39-89-25-2019-10-24T16-22-46-306457.csv.gz,caltech,California_Garage_01,2019-10-24T16:22:46+00:00,2019-10-24T17:50:00+00:00,9.88247,6.988,32.0,16990,ev_0043
time series data/caltech/California_Garage_02/2-6-3-1358-2019-03-07T17-30-11-253617.csv.gz,caltech,California_Garage_02,2019-03-07T17:30:11+00:00,2019-03-08T00:15:24+00:00,22.41921,6.92266,0.0,58396,ev_0044
time series data/caltech/California_Garage_01/2-39-78-366-2019-02-25T23-39-54-034718.csv.gz,caltech,California_Garage_01,2019-02-25T23:39:54+00:00,2019-02-25T23:59:26+00:00,0.55931,1.75864,0.0,3558,ev_0045
time series data/caltech/California_Garage_02/2-6-3-1624-2020-02-16T21-12-06-423208.csv.gz,caltech,California_Garage_02,2020-02-16T21:12:07+00:00,2020-02-16T22:10:57+00:00,5.81603,10.93572,80.0,10724,ev_0046
time series data/jpl/Arroyo_Garage_01/1-1-194-818-2020-08-11T15-05-15-054035.csv.gz,jpl,Arroyo_Garage_01,2020-08-11T15:05:18+00:00,2020-08-11T19:22:30+00:00,6.13325,3.264,32.0,37380,ev_0047
time series data/caltech/California_Garage_02/2-6-3-1623-2019-07-14T14-27-01-705414.csv.gz,caltech,California_Garage_02,2019-07-14T14:27:38+00:00,2019-07-15T00:53:06+00:00,19.51759,7.41375,80.0,29152,ev_0048
time series data/caltech/California_Garage_02/2-6-3-1626-2019-12-05T20-40-13-758279.csv.gz,caltech,California_Garage_02,2019-12-05T20:40:16+00:00,2019-12-06T04:56:01+00:00,51.31683,16.83022,80.0,63638,ev_0049
time series data/caltech/California_Garage_02/2-6-3-1625-2020-10-22T15-45-07-031478.csv.gz,caltech,California_Garage_02,2020-10-22T15:45:16+00:00,2020-10-22T20:10:52+00:00,4.64104,7.215,80.0,7444,ev_0050
time series data/caltech/California_Garage_01/2-39-139-567-2018-12-02T06-34-13-711649.csv.gz,caltech,California_Garage_01,2018-12-02T06:34:17+00:00,2018-12-02T21:04:24+00:00,65.90001,6.991,32.0,132513,ev_0051
time series data/caltech/California_Garage_02/2-6-3-1364-2019-01-21T02-08-11-127868.csv.gz,caltech,California_Garage_02,2019-01-21T02:08:11+00:00,2019-01-21T02:10:35+00:00,0.0972,3.18802,0.0,716,ev_0052
time series data/caltech/California_Garage_02/2-6-3-1367-2019-05-29T15-55-40-546860.csv.gz,caltech,California_Garage_02,2019-05-29T15:55:44+00:00,2019-05-30T01:30:40+00:00,12.87897,6.80555,0.0,28908,ev_0053
time series data/jpl/Arroyo_Garage_01/1-1-193-819-2020-10-31T18-05-45-215251.csv.gz,jpl,Arroyo_Garage_01,2020-10-31T18:05:48+00:00,2020-11-01T01:21:43+00:00,10.00041,3.357,32.0,49035,ev_0054
time series data/caltech/California_Garage_01/2-39-78-360-2020-02-14T22-35-53-108369.csv.gz,caltech,California_Garage_01,2020-02-14T22:35:53+00:00,2020-02-15T02:06:15+00:00,1.66265,3.35483,0.0,21480,ev_0055
time series data/caltech/California_Garage_01/2-39-79-377-2018-10-22T14-15-54-143265.csv.gz,caltech,California_Garage_01,2018-10-22T14:15:54+00:00,2018-10-23T01:00:51+00:00,15.90627,4.66,,76085,ev_0056
time series data/caltech/California_Garage_01/2-39-125-21-2019-04-02T18-22-20-607296.csv.gz,caltech,California_Garage_01,2019-04-02T18:22:24+00:00,2019-04-03T00:49:58+00:00,1.62426,3.512,32.0,29331,ev_0057
time series data/caltech/California_Garage_01/2-39-91-437-2020-08-24T18-46-55-872106.csv.gz,caltech,California_Garage_01,2020-08-24T18:47:05+00:00,2020-08-24T19:25:41+00:00,2.1168,3.784,32.0,7651,ev_0058
time series data/caltech/California_Garage_01/2-39-92-442-2019-05-20T17-43-15-395681.csv.gz,caltech,California_Garage_01,2019-05-20T17:43:15+00:00,2019-05-20T17:46:04+00:00,0.26587,6.965,32.0,814,ev_0059
time series data/caltech/California_Garage_01/2-39-91-437-2019-06-04T20-22-54-651011.csv.gz,caltech,California_Garage_01,2019-06-04T20:22:58+00:00,2019-06-05T02:52:34+00:00,6.29091,3.499,32.0,39464,ev_0060
time series data/caltech/N_Wilson_Garage_01/2-137-521-3843-2020-09-04T15-31-15-548391.csv.gz,caltech,N_Wilson_Garage_01,2020-09-04T15:31:15.548391+00:00,2020-09-04T17:17:21.656603+00:00,38.901,45.3301,125.0,9595,ev_0061
time series data/caltech/N_Wilson_Garage_01/2-137-521-3845-2020-08-17T23-26-52-243284.csv.gz,caltech,N_Wilson_Garage_01,2020-08-17T23:26:52.243284+00:00,2020-08-17T23:47:33.957704+00:00,12.014,45.9862,125.0,2164,ev_0062
time series data/caltech/California_Garage_01/2-39-139-28-2020-03-14T02-59-38-237351.csv.gz,caltech,California_Garage_01,2020-03-14T02:59:38+00:00,2020-03-14T05:28:11+00:00,14.17241,7.188,32.0,26672,ev_0063
time series data/caltech/California_Garage_01/2-39-130-31-2020-01-31T00-10-05-351700.csv.gz,caltech,California_Garage_01,2020-01-31T00:10:05+00:00,2020-01-31T04:31:01+00:00,9.27261,3.356,32.0,38474,ev_0064
time series data/caltech/California_Garage_01/2-39-127-561-2018-11-15T18-51-02-967755.csv.gz,caltech,California_Garage_01,2018-11-15T18:51:03+00:00,2018-11-16T01:43:15+00:00,34.8705,7.117,32.0,67895,ev_0065
time series data/caltech/California_Garage_01/2-39-78-366-2019-10-14T19-26-55-635962.csv.gz,caltech,California_Garage_01,2019-10-14T19:26:56+00:00,2019-10-15T01:11:21+00:00,35.11506,6.81117,0.0,68876,ev_0066
time series data/caltech/California_Garage_02/2-6-3-1368-2019-11-22T16-40-39-737739.csv.gz,caltech,California_Garage_02,2019-11-22T16:40:43+00:00,2019-11-23T02:17:11+00:00,8.57747,3.39622,0.0,49214,ev_0067
time series data/caltech/California_Garage_01/2-39-139-28-2019-08-10T02-47-25-479383.csv.gz,caltech,California_Garage_01,2019-08-10T02:47:25+00:00,2019-08-10T05:04:53+00:00,0.88262,1.788,8.0,12538,ev_0068
time series data/caltech/California_Garage_01/2-39-124-22-2018-05-16T17-06-44-261170.csv.gz,caltech,California_Garage_01,2018-05-16T17:06:44+00:00,2018-05-17T01:30:37+00:00,5.18387,1.944,,50036,ev_0069
time series data/caltech/California_Garage_02/2-6-3-1361-2019-06-11T01-11-28-269018.csv.gz,caltech,California_Garage_02,2019-06-11T01:11:29+00:00,2019-06-11T03:06:14+00:00,10.162,6.80555,0.0,13771,ev_0070
time series data/caltech/California_Garage_01/2-39-78-361-2018-10-10T15-22-25-035648.csv.gz,caltech,California_Garage_01,2018-10-10T15:22:25+00:00,2018-10-10T15:38:24+00:00,0.88905,3.52747,,3404,ev_0071
time series data/caltech/California_Garage_01/2-39-79-380-2019-08-27T16-03-35-791038.csv.gz,caltech,California_Garage_01,2019-08-27T16:03:39+00:00,2019-08-28T01:43:04+00:00,13.86386,6.355,32.0,59700,ev_0072
time series data/caltech/S_Wilson_Garage_01/2-105-277-1696-2020-11-07T19-04-44-782006.csv.gz,caltech,S_Wilson_Garage_01,2020-11-07T19:04:47+00:00,2020-11-07T22:31:20+00:00,3.1293,6.67,32.0,16665,ev_0073
time series data/office_01/Parking_Lot_01/19-102-260-1639-2020-08-25T15-23-16-617810.csv.gz,office_01,Parking_Lot_01,2020-08-25T15:23:20+00:00,2020-08-25T18:43:03+00:00,15.14168,4.757,32.0,37061,ev_0074
time series data/caltech/N_Wilson_Garage_01/2-137-521-3845-2020-07-26T22-10-25-357951.csv.gz,caltech,N_Wilson_Garage_01,2020-07-26T22:10:25.357951+00:00,2020-07-26T23:13:00.256272+00:00,40.873,42.133,125.0,6211,ev_0075
time series data/caltech/California_Garage_01/2-39-78-361-2018-07-02T04-44-17-169287.csv.gz,caltech,California_Garage_01,2018-07-02T04:44:17+00:00,2018-07-02T07:06:50+00:00,11.50931,6.82136,,22049,ev_0076
time series data/caltech/California_Garage_01/2-39-126-20-2019-03-07T03-52-21-824780.csv.gz,caltech,California_Garage_01,2019-03-07T03:52:25+00:00,2019-03-07T04:07:32+00:00,0.43638,1.781,8.0,3000,ev_0077
time series data/caltech/California_Garage_02/2-6-3-1368-2018-12-24T10-00-33-861188.csv.gz,caltech,California_Garage_02,2018-12-24T10:00:34+00:00,2018-12-24T11:44:22+00:00,5.54078,3.33112,0.0,17496,ev_0078
time series data/caltech/California_Garage_01/2-39-88-24-2019-04-15T19-49-51-784134.csv.gz,caltech,California_Garage_01,2019-04-15T19:49:55+00:00,2019-04-15T21:54:43+00:00,2.12523,6.591,32.0,16626,ev_0079
time series data/caltech/California_Garage_01/2-39-95-444-2018-07-27T16-31-21-233647.csv.gz,caltech,California_Garage_01,2018-07-27T16:31:21+00:00,2018-07-27T17:39:58+00:00,2.16184,3.178,,11215,ev_0080
time series data/caltech/California_Garage_02/2-6-3-1361-2019-10-03T02-03-28-202391.csv.gz,caltech,California_Garage_02,2019-10-03T02:03:28+00:00,2019-10-03T03:06:35+00:00,6.83629,6.59734,0.0,12684,ev_0081
time series data/caltech/California_Garage_01/2-39-139-28-2019-11-15T16-29-53-838412.csv.gz,caltech,California_Garage_01,2019-11-15T16:29:57+00:00,2019-11-16T01:22:56+00:00,4.90483,3.367,32.0,45611,ev_0082
time series data/caltech/California_Garage_01/2-39-79-383-2018-08-15T11-47-45-190568.csv.gz,caltech,California_Garage_01,2018-08-15T11:47:45+00:00,2018-08-15T20:06:22+00:00,12.00707,3.328,,54453,ev_0083
time series data/caltech/California_Garage_02/2-6-3-1363-2020-07-30T16-03-02-017416.csv.gz,caltech,California_Garage_02,2020-07-30T16:03:04+00:00,2020-07-30T23:39:52+00:00,9.77716,6.15493,0.0,50009,ev_0084
time series data/caltech/California_Garage_02/2-6-3-1626-2019-07-15T14-50-42-509592.csv.gz,caltech,California_Garage_02,2019-07-15T14:50:49+00:00,2019-07-15T22:17:36+00:00,26.64795,7.4328,80.0,32960,ev_0085
time series data/caltech/California_Garage_02/2-6-3-1362-2020-09-01T17-27-48-149994.csv.gz,caltech,California_Garage_02,2020-09-01T17:27:48+00:00,2020-09-01T18:39:47+00:00,7.80859,6.76645,0.0,15122,ev_0086
time series data/caltech/California_Garage_01/2-39-123-23-2019-10-05T21-13-37-434872.csv.gz,caltech,California_Garage_01,2019-10-05T21:13:37+00:00,2019-10-05T23:11:15+00:00,4.82692,3.395,32.0,19924,ev_0087
time series data/caltech/California_Garage_02/2-6-3-1360-2019-09-26T15-35-55-822532.csv.gz,caltech,California_Garage_02,2019-09-26T15:35:56+00:00,2019-09-27T03:12:50+00:00,7.99413,3.18802,0.0,59458,ev_0088
time series data/caltech/California_Garage_02/2-6-3-1356-2019-03-07T16-05-09-704653.csv.gz,caltech,California_Garage_02,2019-03-07T16:05:11+00:00,2019-03-08T00:41:52+00:00,5.63069,3.33112,0.0,48556,ev_0089
time series data/caltech/California_Garage_01/2-39-79-381-2020-03-13T16-39-53-605370.csv.gz,caltech,California_Garage_01,2020-03-13T16:39:57+00:00,2020-03-14T01:19:55+00:00,9.84468,6.389,32.0,45340,ev_0090
time series data/caltech/California_Garage_01/2-39-129-563-2018-06-08T18-15-12-083011.csv.gz,caltech,California_Garage_01,2018-06-08T18:15:12+00:00,2018-06-09T02:18:08+00:00,13.98835,6.469,,69615,ev_0091
time series data/caltech/California_Garage_01/2-39-131-30-2020-01-21T16-53-22-868241.csv.gz,caltech,California_Garage_01,2020-01-21T16:59:13+00:00,2020-01-22T04:24:43+00:00,15.85837,3.563,32.0,76090,ev_0092
time series data/caltech/California_Garage_01/2-39-95-27-2018-11-16T03-12-35-510998.csv.gz,caltech,California_Garage_01,2018-11-16T03:12:38+00:00,2018-11-16T06:02:54+00:00,8.06737,3.637,32.0,29565,ev_0093
time series data/caltech/California_Garage_01/2-39-79-381-2018-07-24T18-14-46-134138.csv.gz,caltech,California_Garage_01,2018-07-24T18:14:46+00:00,2018-07-25T00:38:45+00:00,19.94223,6.498,,67530,ev_0094
time series data/caltech/California_Garage_01/2-39-79-376-2018-10-29T00-42-15-226109.csv.gz,caltech,California_Garage_01,2018-10-29T00:42:15+00:00,2018-10-29T01:54:57+00:00,2.71555,3.491,,12466,ev_0095
time series data/caltech/N_Wilson_Garage_01/2-137-521-3844-2020-07-11T03-04-46-566120.csv.gz,caltech,N_Wilson_Garage_01,2020-07-11T03:04:46.566120+00:00,2020-07-11T03:35:20.197948+00:00,18.228,45.7898,125.0,3116,ev_0096
time series data/caltech/California_Garage_01/2-39-79-377-2018-10-23T14-40-57-721043.csv.gz,caltech,California_Garage_01,2018-10-23T14:41:01+00:00,2018-10-24T03:25:48+00:00,15.93986,6.254,,72703,ev_0097
time series data/caltech/California_Garage_01/2-39-79-381-2018-10-06T00-03-22-533838.csv.gz,caltech,California_Garage_01,2018-10-06T00:03:26+00:00,2018-10-06T01:18:44+00:00,4.88038,7.006,,10873,ev_0098
time series data/caltech/California_Garage_01/2-39-129-17-2018-10-23T15-22-10-217076.csv.gz,caltech,California_Garage_01,2018-10-23T15:22:10+00:00,2018-10-23T21:27:40+00:00,8.31197,7.074,,34046,ev_0099
time series data/jpl/Arroyo_Garage_01/1-1-191-812-2020-08-06T22-49-14-247967.csv.gz,jpl,Arroyo_Garage_01,2020-08-06T22:49:15+00:00,2020-08-06T23:54:20+00:00,2.18905,6.211,32.0,13081,ev_0100
time series data/caltech/California_Garage_01/2-39-129-17-2018-11-21T16-46-30-003350.csv.gz,caltech,California_Garage_01,2018-11-21T16:46:30+00:00,2018-11-22T01:01:06+00:00,4.15878,3.589,32.0,43937,ev_0101
time series data/caltech/California_Garage_02/2-6-3-1364-2020-01-08T15-01-35-618537.csv.gz,caltech,California_Garage_02,2020-01-08T15:01:38+00:00,2020-01-09T00:24:00+00:00,8.84407,6.06382,0.0,43460,ev_0102
time series data/caltech/N_Wilson_Garage_01/2-137-521-3844-2020-11-30T23-47-59-673124.csv.gz,caltech,N_Wilson_Garage_01,2020-11-30T23:48:02.153632+00:00,2020-12-01T00:04:38.957441+00:00,8.539,47.3128,125.0,1823,ev_0103
time series data/caltech/California_Garage_01/2-39-123-557-2019-10-30T20-44-28-592223.csv.gz,caltech,California_Garage_01,2019-10-30T20:44:29+00:00,2019-10-30T23:12:42+00:00,13.24543,6.906,32.0,27645,ev_0104
time series data/caltech/California_Garage_02/2-6-3-1627-2019-05-12T20-46-29-869915.csv.gz,caltech,California_Garage_02,2019-05-12T20:46:40+00:00,2019-05-12T22:00:41+00:00,5.81958,10.845,80.0,8673,ev_0105
time series data/jpl/Arroyo_Garage_01/1-1-178-823-2020-10-08T14-14-24-939355.csv.gz,jpl,Arroyo_Garage_01,2020-10-08T14:14:28+00:00,2020-10-08T19:13:54+00:00,15.91074,5.787,29.0,46604,ev_0106
time series data/caltech/California_Garage_01/2-39-91-441-2018-09-24T20-04-43-377612.csv.gz,caltech,California_Garage_01,2018-09-24T20:04:43+00:00,2018-09-25T00:09:58+00:00,6.47327,1.65,,32454,ev_0107
time series data/caltech/S_Wilson_Garage_01/2-105-277-1697-2019-08-19T16-17-22-520445.csv.gz,caltech,S_Wilson_Garage_01,2019-08-19T16:17:26+00:00,2019-08-20T00:26:01+00:00,11.97771,3.215,32.0,58678,ev_0108
time series data/caltech/California_Garage_01/2-39-131-30-2018-11-08T05-12-00-600588.csv.gz,caltech,California_Garage_01,2018-11-08T05:12:04+00:00,2018-11-08T06:24:23+00:00,0.83441,1.739,8.0,8801,ev_0109
time series data/caltech/California_Garage_01/2-39-95-27-2020-01-15T17-59-54-590592.csv.gz,caltech,California_Garage_01,2020-01-15T17:59:58+00:00,2020-01-16T02:29:42+00:00,6.72087,7.046,32.0,39891,ev_0110
time series data/caltech/California_Garage_01/2-39-128-18-2018-06-13T06-21-29-027245.csv.gz,caltech,California_Garage_01,2018-06-13T06:21:29+00:00,2018-06-13T08:10:30+00:00,11.04013,7.045,,21258,ev_0111
time series data/caltech/California_Garage_02/2-6-3-1369-2020-03-15T22-41-27-763292.csv.gz,caltech,California_Garage_02,2020-03-15T22:41:28+00:00,2020-03-16T02:19:54+00:00,2.04548,6.58424,0.0,21037,ev_0112
time series data/caltech/California_Garage_01/2-39-90-440-2019-12-13T22-33-33-934982.csv.gz,caltech,California_Garage_01,2019-12-13T22:33:39+00:00,2019-12-13T23:16:56+00:00,2.28209,3.342,32.0,8430,ev_0113
time series data/caltech/California_Garage_02/2-6-3-1367-2019-10-04T17-06-35-524384.csv.gz,caltech,California_Garage_02,2019-10-04T17:06:39+00:00,2019-10-04T21:46:51+00:00,13.05788,6.71445,0.0,31351,ev_0114
time series data/office_01/Parking_Lot_01/19-102-260-1637-2020-01-31T18-50-48-180807.csv.gz,office_01,Parking_Lot_01,2020-01-31T18:50:48+00:00,2020-02-01T02:21:05+00:00,30.13065,6.583,32.0,75801,ev_0115
time series data/caltech/California_Garage_01/2-39-79-383-2019-02-11T19-22-00-442740.csv.gz,caltech,California_Garage_01,2019-02-11T19:22:00+00:00,2019-02-12T03:06:28+00:00,39.88347,6.694,32.0,80800,ev_0116
time series data/caltech/California_Garage_01/2-39-78-367-2018-05-27T00-30-06-304103.csv.gz,caltech,California_Garage_01,2018-05-27T00:30:06+00:00,2018-05-27T03:10:34+00:00,12.90059,6.77061,,29977,ev_0117
time series data/caltech/California_Garage_01/2-39-78-363-2020-02-28T17-07-00-659347.csv.gz,caltech,California_Garage_01,2020-02-28T17:07:02+00:00,2020-02-28T17:17:47+00:00,0.30292,1.71808,0.0,2377,ev_0118
time series data/caltech/N_Wilson_Garage_01/2-137-441-3003-2020-10-18T01-14-04-304721.csv.gz,caltech,N_Wilson_Garage_01,2020-10-18T01:14:07+00:00,2020-10-18T01:21:40+00:00,0.775,6.637,320.0,1764,ev_0119
time series data/caltech/California_Garage_02/2-6-3-1360-2019-04-22T20-42-25-903149.csv.gz,caltech,California_Garage_02,2019-04-22T20:42:35+00:00,2019-04-22T22:45:03+00:00,0.82407,4.21595,0.0,6179,ev_0120
time series data/jpl/Arroyo_Garage_01/1-1-194-818-2020-08-19T14-47-21-979458.csv.gz,jpl,Arroyo_Garage_01,2020-08-19T14:47:24+00:00,2020-08-20T01:37:45+00:00,5.27215,3.19,20.0,56629,ev_0121
time series data/caltech/California_Garage_02/2-6-3-1357-2019-11-05T06-46-10-525145.csv.gz,caltech,California_Garage_02,2019-11-05T06:46:14+00:00,2019-11-05T08:32:42+00:00,5.4438,3.31822,0.0,19529,ev_0122
time series data/caltech/California_Garage_01/2-39-125-559-2018-10-29T16-43-06-245283.csv.gz,caltech,California_Garage_01,2018-10-29T16:43:06+00:00,2018-10-30T00:52:20+00:00,8.93489,6.97,,38986,ev_0123
time series data/caltech/California_Garage_01/2-39-78-367-2019-08-29T15-59-51-928836.csv.gz,caltech,California_Garage_01,2019-08-29T15:59:52+00:00,2019-08-30T01:20:21+00:00,0.90227,1.71808,0.0,45738,ev_0124
time series data/jpl/Arroyo_Garage_01/1-1-178-823-2020-09-09T05-33-08-988672.csv.gz,jpl,Arroyo_Garage_01,2020-09-09T05:33:12+00:00,2020-09-09T07:48:34+00:00,5.05117,3.42,32.0,20743,ev_0125
time series data/caltech/California_Garage_02/2-6-3-1357-2019-02-08T14-56-25-014701.csv.gz,caltech,California_Garage_02,2019-02-08T14:56:25+00:00,2019-02-08T20:55:12+00:00,8.29026,6.45424,0.0,41522,ev_0126
time series data/caltech/California_Garage_01/2-39-79-381-2019-06-12T20-42-28-085611.csv.gz,caltech,California_Garage_01,2019-06-12T20:42:29+00:00,2019-06-13T02:06:43+00:00,0.97292,1.709,8.0,40185,ev_0127
time series data/caltech/California_Garage_01/2-39-123-23-2020-02-26T17-42-18-436824.csv.gz,caltech,California_Garage_01,2020-02-26T17:42:18+00:00,2020-02-27T01:36:15+00:00,5.72616,6.576,32.0,46717,ev_0128
time series data/caltech/California_Garage_02/2-6-3-1356-2018-12-11T16-39-01-358130.csv.gz,caltech,California_Garage_02,2018-12-11T16:39:01+00:00,2018-12-11T23:49:20+00:00,12.38255,5.99872,0.0,41055,ev_0129
time series data/caltech/California_Garage_02/2-6-3-1625-2020-04-26T19-15-44-896045.csv.gz,caltech,California_Garage_02,2020-04-26T19:15:45+00:00,2020-04-27T01:41:58+00:00,17.77115,11.0544,80.0,47471,ev_0130
time series data/caltech/California_Garage_02/2-6-3-1361-2019-01-09T16-14-45-468299.csv.gz,caltech,California_Garage_02,2019-01-09T16:14:45+00:00,2019-01-09T18:12:06+00:00,16.11989,8.35411,0.0,21939,ev_0131
time series data/caltech/California_Garage_02/2-6-3-1632-2020-02-19T00-56-14-951436.csv.gz,caltech,California_Garage_02,2020-02-19T00:56:19+00:00,2020-02-19T04:52:45+00:00,41.25924,10.8192,80.0,54053,ev_0132
time series data/jpl/Arroyo_Garage_01/1-1-193-827-2020-08-11T13-25-35-868780.csv.gz,jpl,Arroyo_Garage_01,2020-08-11T13:25:39+00:00,2020-08-11T20:35:27+00:00,13.43682,5.931,32.0,57399,ev_0133
time series data/jpl/Arroyo_Garage_01/1-1-193-825-2020-10-09T15-49-58-131314.csv.gz,jpl,Arroyo_Garage_01,2020-10-09T15:50:01+00:00,2020-10-09T20:56:28+00:00,31.41181,6.475,32.0,58820,ev_0134
time series data/caltech/California_Garage_02/2-6-3-1363-2020-03-13T15-16-12-307776.csv.gz,caltech,California_Garage_02,2020-03-13T15:16:12+00:00,2020-03-13T23:03:56+00:00,5.71033,3.31822,0.0,42105,ev_0135
time series data/caltech/California_Garage_01/2-39-92-436-2019-05-21T21-36-10-980237.csv.gz,caltech,California_Garage_01,2019-05-21T21:36:12+00:00,2019-05-21T23:06:07+00:00,3.97839,6.614,32.0,18257,ev_0136
time series data/caltech/California_Garage_01/2-39-79-377-2018-09-10T19-53-06-772831.csv.gz,caltech,California_Garage_01,2018-09-10T19:53:10+00:00,2018-09-11T03:26:49+00:00,13.28499,6.44,,51821,ev_0137
time series data/caltech/California_Garage_01/2-39-123-557-2018-09-22T17-52-13-090916.csv.gz,caltech,California_Garage_01,2018-09-22T17:52:13+00:00,2018-09-22T19:40:11+00:00,11.74705,7.073,,20157,ev_0138
time series data/caltech/California_Garage_02/2-6-3-1627-2019-09-06T15-09-32-395768.csv.gz,caltech,California_Garage_02,2019-09-06T15:09:32+00:00,2019-09-06T19:57:43+00:00,26.65212,9.1353,62.0,66838,ev_0139
time series data/caltech/California_Garage_02/2-6-3-1624-2019-10-30T01-27-28-620095.csv.gz,caltech,California_Garage_02,2019-10-30T01:27:29+00:00,2019-10-30T02:24:08+00:00,6.65968,7.335,80.0,13669,ev_0140
time series data/caltech/S_Wilson_Garage_01/2-105-277-1696-2019-05-06T16-19-35-737320.csv.gz,caltech,S_Wilson_Garage_01,2019-05-06T16:19:50+00:00,2019-05-09T03:27:57+00:00,0.54936,2.34,32.0,200183,ev_0141
time series data/caltech/California_Garage_01/2-39-78-363-2018-06-08T17-03-25-889206.csv.gz,caltech,California_Garage_01,2018-06-08T17:03:29+00:00,2018-06-09T02:12:26+00:00,12.23126,5.09309,,79398,ev_0142
time series data/caltech/California_Garage_01/2-39-125-21-2018-11-03T00-19-52-440337.csv.gz,caltech,California_Garage_01,2018-11-03T00:19:52+00:00,2018-11-03T00:20:32+00:00,0.01389,1.733,8.0,342,ev_0143
time series data/caltech/California_Garage_01/2-39-83-387-2018-07-19T01-49-25-989123.csv.gz,caltech,California_Garage_01,2018-07-19T01:49:26+00:00,2018-07-19T02:34:25+00:00,1.62232,2.334,,8174,ev_0144
time series data/jpl/Arroyo_Garage_01/1-1-178-828-2020-11-10T14-17-58-115329.csv.gz,jpl,Arroyo_Garage_01,2020-11-10T14:18:01+00:00,2020-11-10T20:11:06+00:00,8.12404,3.306,32.0,39954,ev_0145
time series data/caltech/California_Garage_01/2-39-90-26-2018-09-05T16-11-40-461414.csv.gz,caltech,California_Garage_01,2018-09-05T16:11:40+00:00,2018-09-06T00:22:41+00:00,8.06047,5.862,,43481,ev_0146
time series data/caltech/N_Wilson_Garage_01/2-137-440-2993-2020-11-06T05-59-35-988454.csv.gz,caltech,N_Wilson_Garage_01,2020-11-06T05:59:39+00:00,2020-11-06T06:05:49+00:00,9.9398,0.0,320.0,566,ev_0147
time series data/caltech/California_Garage_01/2-39-130-564-2018-11-06T16-57-17-679856.csv.gz,caltech,California_Garage_01,2018-11-06T16:57:22+00:00,2018-11-07T00:51:14+00:00,4.43754,6.627,32.0,44384,ev_0148
time series data/caltech/California_Garage_01/2-39-123-23-2020-01-07T20-11-49-110350.csv.gz,caltech,California_Garage_01,2020-01-07T20:11:50+00:00,2020-01-08T03:27:19+00:00,22.38244,7.022,32.0,59693,ev_0149
time series data/caltech/California_Garage_01/2-39-79-379-2019-08-09T15-28-20-089063.csv.gz,caltech,California_Garage_01,2019-08-09T15:28:20+00:00,2019-08-09T22:49:13+00:00,16.91645,7.003,32.0,53773,ev_0150
time series data/caltech/California_Garage_02/2-6-3-1368-2018-12-30T08-25-38-593591.csv.gz,caltech,California_Garage_02,2018-12-30T08:25:39+00:00,2018-12-30T11:38:30+00:00,5.57422,3.31822,0.0,24704,ev_0151
time series data/caltech/California_Garage_01/2-39-78-362-2018-09-11T14-08-01-150314.csv.gz,caltech,California_Garage_01,2018-09-11T14:08:01+00:00,2018-09-11T23:36:55+00:00,13.21268,6.6689,,61982,ev_0152
time series data/caltech/California_Garage_02/2-6-3-1360-2020-03-02T00-31-32-287101.csv.gz,caltech,California_Garage_02,2020-03-02T00:31:32+00:00,2020-03-02T02:03:08+00:00,5.04092,3.33112,0.0,16785,ev_0153
time series data/caltech/California_Garage_02/2-6-3-1632-2019-08-23T15-44-40-172457.csv.gz,caltech,California_Garage_02,2019-08-23T15:44:40+00:00,2019-08-23T23:07:14+00:00,23.93552,7.29675,61.0,80362,ev_0154
time series data/caltech/California_Garage_01/2-39-139-28-2019-12-12T16-40-33-762876.csv.gz,caltech,California_Garage_01,2019-12-12T16:40:37+00:00,2019-12-13T02:20:45+00:00,5.90819,3.37,32.0,49860,ev_0155
time series data/jpl/Arroyo_Garage_01/1-1-194-821-2020-10-29T15-27-14-882354.csv.gz,jpl,Arroyo_Garage_01,2020-10-29T15:27:17+00:00,2020-10-30T01:20:41+00:00,8.666,3.254,19.0,80369,ev_0156
time series data/caltech/California_Garage_02/2-6-3-1365-2019-09-11T15-54-41-917437.csv.gz,caltech,California_Garage_02,2019-09-11T15:54:42+00:00,2019-09-12T00:27:12+00:00,5.66219,3.39622,0.0,49264,ev_0157
time series data/caltech/California_Garage_01/2-39-89-25-2020-01-05T02-30-56-509870.csv.gz,caltech,California_Garage_01,2020-01-05T02:30:56+00:00,2020-01-05T04:04:27+00:00,5.42357,3.581,32.0,17406,ev_0158
time series data/caltech/California_Garage_01/2-39-79-380-2020-02-13T23-02-03-794716.csv.gz,caltech,California_Garage_01,2020-02-13T23:02:19+00:00,2020-02-13T23:18:21+00:00,0.44745,1.751,8.0,1905,ev_0159
time series data/caltech/California_Garage_02/2-6-3-1359-2019-08-30T13-34-52-737436.csv.gz,caltech,California_Garage_02,2019-08-30T13:34:54+00:00,2019-08-30T21:48:08+00:00,17.58324,6.08982,0.0,63651,ev_0160
time series data/caltech/California_Garage_02/2-6-3-1625-2020-02-14T16-18-37-056885.csv.gz,caltech,California_Garage_02,2020-02-14T16:18:40+00:00,2020-02-15T00:31:09+00:00,14.40163,7.11969,80.0,57502,ev_0161
time series data/caltech/N_Wilson_Garage_01/2-137-521-3842-2020-11-16T03-41-22-544399.csv.gz,caltech,N_Wilson_Garage_01,2020-11-16T03:41:25.074756+00:00,2020-11-16T04:49:31.001209+00:00,30.538,45.552,125.0,6755,ev_0162
time series data/caltech/California_Garage_01/2-39-124-22-2018-08-03T03-14-17-150361.csv.gz,caltech,California_Garage_01,2018-08-03T03:14:17+00:00,2018-08-03T03:57:42+00:00,4.69931,6.985,,8311,ev_0163
time series data/jpl/Arroyo_Garage_01/1-1-194-826-2020-11-19T15-54-35-640528.csv.gz,jpl,Arroyo_Garage_01,2020-11-19T15:54:37+00:00,2020-11-19T20:31:12+00:00,5.69971,3.307,25.0,34112,ev_0164
time series data/caltech/S_Wilson_Garage_01/2-105-277-1697-2019-09-30T01-32-46-620308.csv.gz,caltech,S_Wilson_Garage_01,2019-09-30T01:33:11+00:00,2019-09-30T03:52:34+00:00,5.29887,3.31,32.0,24880,ev_0165
time series data/caltech/California_Garage_01/2-39-95-27-2019-05-04T22-30-19-831562.csv.gz,caltech,California_Garage_01,2019-05-04T22:30:23+00:00,2019-05-05T00:32:49+00:00,5.2516,3.439,32.0,21031,ev_0166
time series data/caltech/N_Wilson_Garage_01/2-137-521-3844-2020-08-03T15-24-53-427636.csv.gz,caltech,N_Wilson_Garage_01,2020-08-03T15:24:53.427636+00:00,2020-08-03T16:20:32.816401+00:00,4.955,27.6771,125.0,4746,ev_0167
time series data/caltech/California_Garage_01/2-39-79-381-2019-01-30T17-44-26-948363.csv.gz,caltech,California_Garage_01,2019-01-30T17:44:30+00:00,2019-01-30T20:20:37+00:00,5.21354,3.541,17.0,29028,ev_0168
time series data/caltech/California_Garage_02/2-6-3-1356-2019-03-21T15-29-59-721526.csv.gz,caltech,California_Garage_02,2019-03-21T15:30:18+00:00,2019-03-21T23:43:23+00:00,2.7945,3.31822,0.0,17155,ev_0169
time series data/jpl/Arroyo_Garage_01/1-1-193-825-2020-06-29T13-54-57-458544.csv.gz,jpl,Arroyo_Garage_01,2020-06-29T13:54:57+00:00,2020-06-29T21:57:25+00:00,36.64711,6.533,32.0,76920,ev_0170
time series data/caltech/California_Garage_01/2-39-78-361-2019-02-05T20-38-56-911425.csv.gz,caltech,California_Garage_01,2019-02-05T20:39:01+00:00,2019-02-06T02:15:12+00:00,0.68709,1.70789,0.0,22416,ev_0171
time series data/caltech/California_Garage_01/2-39-88-24-2019-10-24T02-50-44-831476.csv.gz,caltech,California_Garage_01,2019-10-24T02:50:48+00:00,2019-10-24T05:00:15+00:00,13.20196,6.391,32.0,24929,ev_0172
time series data/jpl/Arroyo_Garage_01/1-1-194-822-2020-09-30T15-20-58-339206.csv.gz,jpl,Arroyo_Garage_01,2020-09-30T15:20:58+00:00,2020-09-30T22:26:25+00:00,35.74775,6.469,32.0,84104,ev_0173
time series data/caltech/California_Garage_01/2-39-127-19-2018-05-29T22-08-17-929169.csv.gz,caltech,California_Garage_01,2018-05-29T22:08:21+00:00,2018-05-29T23:32:18+00:00,4.24197,6.265,,15050,ev_0174
time series data/caltech/California_Garage_02/2-6-3-1631-2019-04-06T21-44-33-943717.csv.gz,caltech,California_Garage_02,2019-04-06T21:45:00+00:00,2019-04-06T23:34:09+00:00,18.72276,11.4688,80.0,6961,ev_0175
time series data/caltech/California_Garage_02/2-6-3-1366-2019-10-28T19-39-03-274891.csv.gz,caltech,California_Garage_02,2019-10-28T19:39:03+00:00,2019-10-29T02:07:39+00:00,19.33368,6.75355,0.0,43194,ev_0176
time series data/caltech/N_Wilson_Garage_01/2-137-440-2988-2020-10-18T01-25-14-150560.csv.gz,caltech,N_Wilson_Garage_01,2020-10-18T01:25:15+00:00,2020-10-18T01:58:41+00:00,1.48957,3.337,320.0,6362,ev_0177
time series data/caltech/California_Garage_02/2-6-3-1628-2019-09-11T04-40-29-047170.csv.gz,caltech,California_Garage_02,2019-09-11T04:40:31+00:00,2019-09-11T05:39:22+00:00,7.11602,7.4883,80.0,17698,ev_0178
time series data/caltech/California_Garage_01/2-39-128-562-2018-05-15T08-21-22-000001.csv.gz,caltech,California_Garage_01,2018-05-15T08:21:22+00:00,2018-05-15T13:42:16+00:00,11.09511,3.655,,36094,ev_0179
time series data/caltech/S_Wilson_Garage_01/2-105-277-1698-2020-10-27T16-21-45-308873.csv.gz,caltech,S_Wilson_Garage_01,2020-10-27T16:21:45+00:00,2020-10-28T01:37:50+00:00,7.90961,3.333,32.0,57026,ev_0180
time series data/caltech/California_Garage_02/2-6-3-1629-2019-07-07T21-09-13-090002.csv.gz,caltech,California_Garage_02,2019-07-07T21:09:17+00:00,2019-07-07T22:10:48+00:00,5.70005,11.08214,80.0,4790,ev_0181
time series data/caltech/California_Garage_02/2-6-3-1362-2020-07-31T19-46-41-029324.csv.gz,caltech,California_Garage_02,2020-07-31T19:46:42+00:00,2020-08-01T03:31:59+00:00,1.88684,2.17298,0.0,34207,ev_0182
time series data/caltech/California_Garage_01/2-39-89-25-2018-12-30T16-49-18-209992.csv.gz,caltech,California_Garage_01,2018-12-30T16:49:18+00:00,2018-12-30T18:58:45+00:00,5.2688,3.568,32.0,21021,ev_0183
time series data/caltech/California_Garage_01/2-39-131-30-2018-10-30T23-00-08-715021.csv.gz,caltech,California_Garage_01,2018-10-30T23:00:09+00:00,2018-10-31T01:50:32+00:00,10.73836,6.972,,22039,ev_0184
time series data/caltech/California_Garage_01/2-39-79-376-2019-10-04T16-30-48-871892.csv.gz,caltech,California_Garage_01,2019-10-04T16:30:52+00:00,2019-10-05T01:21:09+00:00,14.01898,3.564,32.0,66152,ev_0185
time series data/caltech/N_Wilson_Garage_01/2-137-440-2988-2020-09-14T16-11-20-751555.csv.gz,caltech,N_Wilson_Garage_01,2020-09-14T16:11:39+00:00,2020-09-15T00:32:25+00:00,26.3087,6.594,32.0,67471,ev_0186
time series data/caltech/California_Garage_01/2-39-91-441-2019-08-22T16-07-52-664706.csv.gz,caltech,California_Garage_01,2019-08-22T16:07:56+00:00,2019-08-23T07:50:45+00:00,10.9717,6.863,32.0,75683,ev_0187
time series data/caltech/California_Garage_01/2-39-78-365-2019-10-10T20-50-29-114840.csv.gz,caltech,California_Garage_01,2019-10-10T20:50:29+00:00,2019-10-10T22:17:11+00:00,8.38088,6.68928,0.0,18747,ev_0188
time series data/caltech/California_Garage_01/2-39-78-362-2020-01-13T16-47-52-309348.csv.gz,caltech,California_Garage_01,2020-01-13T16:47:52+00:00,2020-01-14T00:26:49+00:00,25.98898,6.90269,0.0,84219,ev_0189
time series data/caltech/California_Garage_01/2-39-78-366-2018-11-26T15-17-14-646034.csv.gz,caltech,California_Garage_01,2018-11-26T15:17:15+00:00,2018-11-26T20:37:27+00:00,2.14707,6.83155,0.0,56207,ev_0190
time series data/caltech/California_Garage_01/2-39-91-441-2018-06-06T13-58-34-171978.csv.gz,caltech,California_Garage_01,2018-06-06T13:58:34+00:00,2018-06-06T20:12:32+00:00,15.52218,6.834,,50857,ev_0191
time series data/caltech/California_Garage_02/2-6-3-1627-2019-12-14T15-24-43-009575.csv.gz,caltech,California_Garage_02,2019-12-14T15:24:44+00:00,2019-12-14T15:36:41+00:00,1.67453,9.081,80.0,3561,ev_0192
time series data/caltech/California_Garage_01/2-39-88-438-2019-09-03T17-01-22-357902.csv.gz,caltech,California_Garage_01,2019-09-03T17:01:22+00:00,2019-09-04T02:18:27+00:00,7.13711,7.024,32.0,46322,ev_0193
time series data/caltech/California_Garage_02/2-6-3-1360-2019-03-07T16-02-40-963804.csv.gz,caltech,California_Garage_02,2019-03-07T16:02:42+00:00,2019-03-08T02:12:50+00:00,34.24246,10.21488,0.0,64046,ev_0194
time series data/caltech/California_Garage_01/2-39-78-360-2018-08-01T00-10-57-769743.csv.gz,caltech,California_Garage_01,2018-08-01T00:11:02+00:00,2018-08-01T00:27:57+00:00,0.92449,3.55805,,3138,ev_0195
time series data/caltech/N_Wilson_Garage_01/2-137-521-3844-2020-07-03T05-58-35-098621.csv.gz,caltech,N_Wilson_Garage_01,2020-07-03T05:58:35.098621+00:00,2020-07-03T07:09:32.687731+00:00,47.491,44.9843,125.0,7148,ev_0196
time series data/caltech/California_Garage_02/2-6-3-1357-2019-09-20T01-00-42-662992.csv.gz,caltech,California_Garage_02,2019-09-20T01:00:46+00:00,2019-09-20T05:10:46+00:00,13.88773,3.38312,0.0,43182,ev_0197
time series data/caltech/S_Wilson_Garage_01/2-105-277-1696-2020-08-04T21-41-52-820053.csv.gz,caltech,S_Wilson_Garage_01,2020-08-04T21:41:56+00:00,2020-08-05T01:54:04+00:00,11.36596,3.248,32.0,42601,ev_0198
time series data/caltech/California_Garage_01/2-39-88-24-2018-09-23T23-21-36-858311.csv.gz,caltech,California_Garage_01,2018-09-23T23:21:40+00:00,2018-09-24T00:31:45+00:00,7.84363,7.133,,12810,ev_0199
time series data/caltech/California_Garage_02/2-6-3-1629-2020-09-21T22-23-39-636521.csv.gz,caltech,California_Garage_02,2020-09-21T22:23:41+00:00,2020-09-22T02:11:04+00:00,7.12884,3.50235,16.0,14349,ev_0200
time series data/caltech/California_Garage_01/2-39-78-362-2018-07-24T15-13-09-229765.csv.gz,caltech,California_Garage_01,2018-07-24T15:13:09+00:00,2018-07-25T00:33:55+00:00,3.18618,3.56824,,41821,ev_0201
time series data/caltech/California_Garage_01/2-39-78-361-2018-06-27T05-28-05-637533.csv.gz,caltech,California_Garage_01,2018-06-27T05:28:07+00:00,2018-06-27T07:08:24+00:00,4.19719,6.82136,,13074,ev_0202
time series data/caltech/California_Garage_02/2-6-3-1630-2019-04-07T13-02-21-582804.csv.gz,caltech,California_Garage_02,2019-04-07T13:02:35+00:00,2019-04-07T13:24:28+00:00,6.33975,18.0045,80.0,1785,ev_0203
time series data/caltech/N_Wilson_Garage_01/2-137-440-3987-2020-09-26T00-32-45-550980.csv.gz,caltech,N_Wilson_Garage_01,2020-09-26T00:32:46+00:00,2020-09-26T00:35:03+00:00,0.20884,6.54368,48.0,375,ev_0204
time series data/caltech/California_Garage_01/2-39-88-438-2018-12-06T16-39-53-705727.csv.gz,caltech,California_Garage_01,2018-12-06T16:39:57+00:00,2018-12-06T21:43:08+00:00,1.33642,1.761,8.0,27241,ev_0205
time series data/caltech/California_Garage_01/2-39-90-26-2019-07-18T18-44-50-541843.csv.gz,caltech,California_Garage_01,2019-07-18T18:44:54+00:00,2019-07-18T21:42:33+00:00,2.372,3.498,32.0,18868,ev_0206
time series data/caltech/California_Garage_01/2-39-123-23-2019-10-31T16-37-20-875443.csv.gz,caltech,California_Garage_01,2019-10-31T16:37:23+00:00,2019-10-31T23:39:42+00:00,11.31745,6.533,32.0,53144,ev_0207
time series data/caltech/California_Garage_01/2-39-90-26-2018-08-21T00-02-58-702564.csv.gz,caltech,California_Garage_01,2018-08-21T00:03:02+00:00,2018-08-21T04:38:22+00:00,12.51945,6.722,,30687,ev_0208
time series data/caltech/California_Garage_01/2-39-125-21-2018-09-17T14-25-28-635954.csv.gz,caltech,California_Garage_01,2018-09-17T14:25:32+00:00,2018-09-18T00:23:52+00:00,14.04719,6.981,,48571,ev_0209
time series data/caltech/N_Wilson_Garage_01/2-137-441-3009-2020-07-08T02-12-45-340024.csv.gz,caltech,N_Wilson_Garage_01,2020-07-08T02:12:45+00:00,2020-07-08T02:41:23+00:00,1.49731,3.34,32.0,5245,ev_0210
time series data/caltech/California_Garage_02/2-6-3-1623-2019-11-14T23-02-01-709963.csv.gz,caltech,California_Garage_02,2019-11-14T23:02:02+00:00,2019-11-15T00:30:26+00:00,15.95405,11.16146,80.0,21806,ev_0211
time series data/jpl/Arroyo_Garage_01/1-1-178-823-2020-11-11T07-11-58-218890.csv.gz,jpl,Arroyo_Garage_01,2020-11-11T07:12:01+00:00,2020-11-11T09:02:53+00:00,5.21481,3.385,32.0,19998,ev_0212
time series data/caltech/California_Garage_02/2-6-3-1364-2020-02-21T16-10-35-369920.csv.gz,caltech,California_Garage_02,2020-02-21T16:10:39+00:00,2020-02-22T01:30:17+00:00,5.20057,3.33112,0.0,38213,ev_0213
time series data/caltech/California_Garage_01/2-39-79-383-2018-08-23T21-41-41-497236.csv.gz,caltech,California_Garage_01,2018-08-23T21:41:41+00:00,2018-08-24T02:21:51+00:00,12.39434,3.373,,44452,ev_0214
time series data/caltech/California_Garage_02/2-6-3-1629-2019-09-03T15-27-47-689456.csv.gz,caltech,California_Garage_02,2019-09-03T15:27:50+00:00,2019-09-03T18:56:31+00:00,18.83543,7.19946,80.0,59339,ev_0215
time series data/caltech/S_Wilson_Garage_01/2-105-277-1698-2019-09-05T16-09-29-540462.csv.gz,caltech,S_Wilson_Garage_01,2019-09-05T16:09:33+00:00,2019-09-06T00:50:11+00:00,24.36874,6.498,32.0,69281,ev_0216
time series data/caltech/California_Garage_02/2-6-3-1628-2020-02-17T18-26-22-813412.csv.gz,caltech,California_Garage_02,2020-02-17T18:26:23+00:00,2020-02-18T03:55:04+00:00,16.76949,7.33001,79.0,76809,ev_0217
time series data/caltech/California_Garage_02/2-6-3-1624-2019-09-08T04-00-06-194901.csv.gz,caltech,California_Garage_02,2019-09-08T04:00:08+00:00,2019-09-08T04:20:49+00:00,2.42654,7.29675,80.0,6344,ev_0218
time series data/caltech/California_Garage_02/2-6-3-1367-2019-05-30T15-22-58-892945.csv.gz,caltech,California_Garage_02,2019-05-30T15:23:09+00:00,2019-05-30T22:05:19+00:00,1.85514,3.34422,0.0,16660,ev_0219
time series data/caltech/California_Garage_02/2-6-3-1627-2019-11-10T18-00-14-137466.csv.gz,caltech,California_Garage_02,2019-11-10T18:00:16+00:00,2019-11-10T19:38:58+00:00,17.36077,10.9723,80.0,24659,ev_0220
time series data/caltech/California_Garage_01/2-39-88-438-2018-08-16T15-50-15-648102.csv.gz,caltech,California_Garage_01,2018-08-16T15:50:19+00:00,2018-08-16T20:09:33+00:00,10.14747,3.081,,44026,ev_0221
time series data/caltech/California_Garage_02/2-6-3-1630-2019-04-28T14-53-10-908630.csv.gz,caltech,California_Garage_02,2019-04-28T14:53:16+00:00,2019-04-28T15:38:44+00:00,5.4168,7.4328,80.0,6991,ev_0222
time series data/caltech/California_Garage_01/2-39-78-366-2018-11-18T21-34-31-234734.csv.gz,caltech,California_Garage_01,2018-11-18T21:34:33+00:00,2018-11-19T03:46:50+00:00,0.87582,1.65693,0.0,20785,ev_0223
time series data/caltech/California_Garage_02/2-6-3-1630-2020-11-14T22-23-20-058918.csv.gz,caltech,California_Garage_02,2020-11-14T22:23:20+00:00,2020-11-14T22:26:28+00:00,0.37578,9.05957,72.0,471,ev_0224
time series data/caltech/California_Garage_01/2-39-139-28-2019-01-08T01-23-26-254818.csv.gz,caltech,California_Garage_01,2019-01-08T01:23:26+00:00,2019-01-08T02:35:17+00:00,0.93988,1.728,8.0,9404,ev_0225
time series data/caltech/California_Garage_01/2-39-79-383-2018-09-25T20-48-34-452789.csv.gz,caltech,California_Garage_01,2018-09-25T20:48:34+00:00,2018-09-26T00:58:16+00:00,9.02107,4.022,,35187,ev_0226
time series data/caltech/California_Garage_01/2-39-139-567-2018-06-03T08-18-25-566071.csv.gz,caltech,California_Garage_01,2018-06-03T08:18:29+00:00,2018-06-04T02:23:09+00:00,13.5165,3.699,,102520,ev_0227
time series data/caltech/California_Garage_02/2-6-3-1365-2018-12-27T19-31-42-155784.csv.gz,caltech,California_Garage_02,2018-12-27T19:31:42+00:00,2018-12-27T23:25:06+00:00,16.02177,6.07693,0.0,38845,ev_0228
time series data/caltech/California_Garage_02/2-6-3-1627-2019-10-09T20-03-29-941640.csv.gz,caltech,California_Garage_02,2019-10-09T20:03:30+00:00,2019-10-09T21:00:23+00:00,7.43008,11.00475,80.0,11519,ev_0229
time series data/caltech/California_Garage_01/2-39-78-365-2020-11-12T21-53-53-225305.csv.gz,caltech,California_Garage_01,2020-11-12T21:53:57+00:00,2020-11-13T02:35:35+00:00,2.26346,2.27718,0.0,27503,ev_0230
time series data/caltech/California_Garage_01/2-39-130-31-2018-07-06T14-51-02-564821.csv.gz,caltech,California_Garage_01,2018-07-06T14:51:06+00:00,2018-07-06T16:36:31+00:00,2.69279,1.595,,17531,ev_0231
time series data/caltech/California_Garage_02/2-6-3-1627-2019-10-11T15-15-44-044662.csv.gz,caltech,California_Garage_02,2019-10-11T15:15:45+00:00,2019-10-11T18:19:34+00:00,18.6325,9.3258,42.0,52903,ev_0232
time series data/caltech/California_Garage_02/2-6-3-1629-2019-08-09T00-36-38-731226.csv.gz,caltech,California_Garage_02,2019-08-09T00:36:39+00:00,2019-08-09T00:54:22+00:00,4.92524,17.8574,80.0,5816,ev_0233
time series data/caltech/California_Garage_02/2-6-3-1629-2020-03-01T23-13-04-044179.csv.gz,caltech,California_Garage_02,2020-03-01T23:13:04+00:00,2020-03-02T00:36:35+00:00,12.61628,10.7968,80.0,20435,ev_0234
time series data/caltech/California_Garage_02/2-6-3-1627-2020-05-08T02-02-56-583680.csv.gz,caltech,California_Garage_02,2020-05-08T02:02:57+00:00,2020-05-08T05:44:33+00:00,26.37462,7.36288,80.0,52314,ev_0235
time series data/caltech/California_Garage_01/2-39-129-17-2018-09-25T19-23-55-107549.csv.gz,caltech,California_Garage_01,2018-09-25T19:23:55+00:00,2018-09-25T20:19:21+00:00,1.59576,1.763,,9105,ev_0236
time series data/caltech/California_Garage_01/2-39-125-21-2019-01-05T22-09-01-903665.csv.gz,caltech,California_Garage_01,2019-01-05T22:09:03+00:00,2019-01-05T23:57:03+00:00,0.01673,0.034,32.0,16254,ev_0237
time series data/caltech/California_Garage_01/2-39-125-21-2019-03-15T02-34-14-882134.csv.gz,caltech,California_Garage_01,2019-03-15T02:34:18+00:00,2019-03-15T13:58:25+00:00,12.51814,6.918,32.0,55279,ev_0238
time series data/caltech/N_Wilson_Garage_01/2-137-521-3844-2020-04-17T22-43-15-609107.csv.gz,caltech,N_Wilson_Garage_01,2020-04-17T22:43:15.609107+00:00,2020-04-17T22:43:18.963362+00:00,44.45,45.3174,124.0,261,ev_0239
time series data/caltech/California_Garage_01/2-39-89-25-2018-05-31T07-29-05-374221.csv.gz,caltech,California_Garage_01,2018-05-31T07:29:05+00:00,2018-05-31T08:04:21+00:00,3.94566,7.162,,6599,ev_0240
time series data/caltech/California_Garage_01/2-39-139-28-2020-01-07T16-14-11-372907.csv.gz,caltech,California_Garage_01,2020-01-07T16:14:25+00:00,2020-01-08T01:00:26+00:00,11.31098,3.583,32.0,57935,ev_0241
time series data/caltech/California_Garage_01/2-39-91-437-2019-12-19T20-41-48-834532.csv.gz,caltech,California_Garage_01,2019-12-19T20:42:05+00:00,2019-12-20T00:00:29+00:00,3.38824,3.47,32.0,22193,ev_0242
time series data/caltech/California_Garage_01/2-39-88-438-2019-05-10T18-54-54-298225.csv.gz,caltech,California_Garage_01,2019-05-10T18:54:54+00:00,2019-05-11T10:39:17+00:00,17.90813,6.742,32.0,81380,ev_0243
time series data/caltech/California_Garage_01/2-39-78-362-2019-06-14T19-38-25-643263.csv.gz,caltech,California_Garage_01,2019-06-14T19:38:28+00:00,2019-06-15T02:18:07+00:00,7.03759,3.57843,0.0,54785,ev_0244
time series data/caltech/LIGO_01/2-154-492-3388-2020-02-04T16-28-28-956258.csv.gz,caltech,LIGO_01,2020-02-04T16:28:50+00:00,2020-02-05T00:52:29+00:00,8.8078,3.415,32.0,46629,ev_0245
time series data/caltech/California_Garage_01/2-39-139-28-2019-11-21T02-33-11-931709.csv.gz,caltech,California_Garage_01,2019-11-21T02:33:13+00:00,2019-11-21T04:27:26+00:00,6.00607,6.592,32.0,22229,ev_0246
time series data/caltech/California_Garage_01/2-39-125-21-2018-06-09T15-44-28-349282.csv.gz,caltech,California_Garage_01,2018-06-09T15:44:28+00:00,2018-06-09T19:17:16+00:00,14.10805,7.052,,31227,ev_0247
time series data/caltech/California_Garage_01/2-39-79-383-2018-05-12T02-19-51-956628.csv.gz,caltech,California_Garage_01,2018-05-12T02:19:55+00:00,2018-05-12T04:41:43+00:00,6.22617,3.457,,27720,ev_0248
time series data/caltech/California_Garage_01/2-39-78-365-2019-02-15T21-26-46-666273.csv.gz,caltech,California_Garage_01,2019-02-15T21:26:49+00:00,2019-02-16T02:42:08+00:00,6.6059,3.5073,0.0,34682,ev_0249
time series data/caltech/California_Garage_02/2-6-3-1362-2020-03-15T23-44-15-784304.csv.gz,caltech,California_Garage_02,2020-03-15T23:44:17+00:00,2020-03-16T01:11:17+00:00,8.71983,6.67534,0.0,17884,ev_0250
time series data/caltech/California_Garage_01/2-39-89-25-2018-10-02T11-40-23-894001.csv.gz,caltech,California_Garage_01,2018-10-02T11:40:27+00:00,2018-10-02T11:54:46+00:00,1.52201,6.941,,2929,ev_0251
time series data/caltech/California_Garage_01/2-39-79-376-2019-02-19T18-13-43-937441.csv.gz,caltech,California_Garage_01,2019-02-19T18:13:47+00:00,2019-02-19T20:42:41+00:00,3.20191,2.141,10.0,21147,ev_0252
time series data/caltech/S_Wilson_Garage_01/2-105-277-1697-2020-11-10T15-36-28-548746.csv.gz,caltech,S_Wilson_Garage_01,2020-11-10T15:36:39+00:00,2020-11-10T23:13:30+00:00,47.56364,6.502,32.0,85519,ev_0253
time series data/caltech/California_Garage_01/2-39-125-21-2018-10-27T02-21-52-081331.csv.gz,caltech,California_Garage_01,2018-10-27T02:21:52+00:00,2018-10-27T17:49:27+00:00,5.62358,3.53,,54331,ev_0254
time series data/caltech/California_Garage_01/2-39-79-378-2018-05-14T16-12-54-153231.csv.gz,caltech,California_Garage_01,2018-05-14T16:12:54+00:00,2018-05-15T01:04:18+00:00,9.3205,3.604,,58405,ev_0255
time series data/caltech/California_Garage_02/2-6-3-1625-2020-10-13T02-25-05-449504.csv.gz,caltech,California_Garage_02,2020-10-13T02:25:05+00:00,2020-10-13T05:03:11+00:00,9.59354,10.73076,80.0,6991,ev_0256
time series data/office_01/Parking_Lot_01/19-102-260-1634-2020-02-14T19-26-56-955256.csv.gz,office_01,Parking_Lot_01,2020-02-14T19:27:00+00:00,2020-02-15T01:24:06+00:00,26.82358,6.789,32.0,64512,ev_0257
time series data/caltech/California_Garage_01/2-39-139-28-2018-07-09T05-29-34-128583.csv.gz,caltech,California_Garage_01,2018-07-09T05:29:34+00:00,2018-07-09T13:21:00+00:00,13.87557,6.311,,40649,ev_0258
time series data/caltech/California_Garage_01/2-39-79-382-2019-08-21T16-56-15-431298.csv.gz,caltech,California_Garage_01,2019-08-21T16:56:15+00:00,2019-08-22T00:37:11+00:00,9.88953,4.299,20.0,70608,ev_0259
time series data/caltech/California_Garage_01/2-39-90-440-2018-10-11T02-28-23-353921.csv.gz,caltech,California_Garage_01,2018-10-11T02:28:23+00:00,2018-10-11T04:39:40+00:00,13.89091,7.061,,24398,ev_0260
time series data/caltech/California_Garage_02/2-6-3-1365-2019-12-01T22-44-45-213026.csv.gz,caltech,California_Garage_02,2019-12-01T22:44:47+00:00,2019-12-02T04:31:58+00:00,22.92982,6.93576,0.0,52491,ev_0261
time series data/caltech/California_Garage_02/2-6-3-1627-2019-06-09T23-40-34-819334.csv.gz,caltech,California_Garage_02,2019-06-09T23:40:46+00:00,2019-06-09T23:43:33+00:00,0.29836,8.9562,80.0,513,ev_0262
time series data/caltech/California_Garage_01/2-39-125-21-2018-12-05T20-01-58-543165.csv.gz,caltech,California_Garage_01,2018-12-05T20:02:02+00:00,2018-12-05T21:42:04+00:00,9.78577,6.193,32.0,19947,ev_0263
time series data/caltech/N_Wilson_Garage_01/2-137-441-3021-2020-07-06T13-27-40-028198.csv.gz,caltech,N_Wilson_Garage_01,2020-07-06T13:27:43+00:00,2020-07-06T21:51:55+00:00,5.2502,3.399,32.0,42276,ev_0264
time series data/caltech/California_Garage_01/2-39-78-366-2019-03-07T18-38-50-260834.csv.gz,caltech,California_Garage_01,2019-03-07T18:38:50+00:00,2019-03-08T02:51:28+00:00,0.89842,1.70789,0.0,34346,ev_0265
time series data/caltech/N_Wilson_Garage_01/2-137-441-3004-2020-06-04T13-48-45-549461.csv.gz,caltech,N_Wilson_Garage_01,2020-06-04T13:48:50+00:00,2020-06-04T22:49:04+00:00,28.33388,7.044,32.0,67282,ev_0266
time series data/caltech/California_Garage_01/2-39-78-365-2019-02-08T18-16-00-785953.csv.gz,caltech,California_Garage_01,2019-02-08T18:16:03+00:00,2019-02-09T00:05:14+00:00,29.88342,6.74003,0.0,60286,ev_0267
time series data/caltech/S_Wilson_Garage_01/2-105-277-1696-2019-04-25T23-31-38-859273.csv.gz,caltech,S_Wilson_Garage_01,2019-04-25T23:31:42+00:00,2019-04-26T01:13:03+00:00,10.57561,6.547,32.0,19914,ev_0268
time series data/caltech/California_Garage_01/2-39-138-29-2019-08-13T02-49-25-998663.csv.gz,caltech,California_Garage_01,2019-08-13T02:49:29+00:00,2019-08-13T02:51:43+00:00,0.0536,1.746,8.0,677,ev_0269
time series data/caltech/N_Wilson_Garage_01/2-137-521-3844-2020-06-29T03-01-59-133036.csv.gz,caltech,N_Wilson_Garage_01,2020-06-29T03:01:59.133036+00:00,2020-06-29T03:36:13.156750+00:00,8.31,25.2445,125.0,3141,ev_0270
time series data/caltech/California_Garage_01/2-39-127-19-2019-09-19T16-04-26-998082.csv.gz,caltech,California_Garage_01,2019-09-19T16:04:30+00:00,2019-09-19T23:44:39+00:00,13.44389,6.51,32.0,56322,ev_0271
time series data/caltech/California_Garage_02/2-6-3-1626-2019-11-27T16-28-13-000036.csv.gz,caltech,California_Garage_02,2019-11-27T16:28:13+00:00,2019-11-27T21:24:17+00:00,13.98537,11.11264,80.0,37949,ev_0272
time series data/caltech/S_Wilson_Garage_01/2-105-277-1699-2019-12-09T17-08-57-716285.csv.gz,caltech,S_Wilson_Garage_01,2019-12-09T17:09:01+00:00,2019-12-09T21:31:32+00:00,27.16431,6.632,32.0,49971,ev_0273
time series data/caltech/N_Wilson_Garage_01/2-137-440-2990-2020-11-03T17-10-48-347982.csv.gz,caltech,N_Wilson_Garage_01,2020-11-03T17:11:02+00:00,2020-11-04T01:13:20+00:00,19.95609,6.573,320.0,60191,ev_0274
time series data/caltech/California_Garage_01/2-39-79-378-2019-04-08T03-09-09-668891.csv.gz,caltech,California_Garage_01,2019-04-08T17:25:12+00:00,2019-04-08T18:11:26+00:00,14.36153,0.0,8.0,3040,ev_0275
time series data/caltech/California_Garage_01/2-39-95-27-2019-06-25T16-48-25-463155.csv.gz,caltech,California_Garage_01,2019-06-25T16:48:25+00:00,2019-06-26T00:02:06+00:00,0.66548,1.348,8.0,30174,ev_0276
time series data/caltech/California_Garage_01/2-39-78-361-2018-08-13T23-53-31-247449.csv.gz,caltech,California_Garage_01,2018-08-13T23:53:31+00:00,2018-08-14T00:02:10+00:00,0.48375,3.56824,,1853,ev_0277
time series data/caltech/California_Garage_01/2-39-78-366-2019-11-13T16-11-30-210540.csv.gz,caltech,California_Garage_01,2019-11-13T16:11:30+00:00,2019-11-14T01:10:53+00:00,0.85037,1.6977,0.0,43609,ev_0278
time series data/caltech/California_Garage_01/2-39-78-364-2018-09-23T10-26-04-138262.csv.gz,caltech,California_Garage_01,2018-09-23T10:26:04+00:00,2018-09-23T12:26:05+00:00,5.96111,3.4971,,20520,ev_0279
time series data/caltech/California_Garage_01/2-39-79-377-2018-07-26T15-25-52-583204.csv.gz,caltech,California_Garage_01,2018-07-26T15:25:57+00:00,2018-07-27T02:43:16+00:00,22.93347,5.053,,96061,ev_0280
time series data/caltech/N_Wilson_Garage_01/2-137-521-3843-2020-08-21T04-36-33-281981.csv.gz,caltech,N_Wilson_Garage_01,2020-08-21T04:36:33.281981+00:00,2020-08-21T05:42:46.248373+00:00,39.357,45.3086,125.0,6117,ev_0281
time series data/caltech/California_Garage_01/2-39-139-28-2019-02-12T16-22-44-480312.csv.gz,caltech,California_Garage_01,2019-02-12T16:22:44+00:00,2019-02-13T01:13:31+00:00,12.85974,6.327,32.0,59634,ev_0282
time series data/caltech/N_Wilson_Garage_01/2-137-440-3986-2020-08-17T04-30-43-181803.csv.gz,caltech,N_Wilson_Garage_01,2020-08-17T04:31:03+00:00,2020-08-18T02:27:07+00:00,58.70498,10.2354,48.0,113392,ev_0283
time series data/caltech/N_Wilson_Garage_01/2-137-440-3991-2020-10-29T02-44-27-865190.csv.gz,caltech,N_Wilson_Garage_01,2020-10-29T02:44:28+00:00,2020-10-29T04:34:43+00:00,18.00272,10.2522,48.0,7251,ev_0284
time series data/caltech/California_Garage_01/2-39-95-444-2018-08-15T15-52-41-371569.csv.gz,caltech,California_Garage_01,2018-08-15T15:52:41+00:00,2018-08-16T00:24:47+00:00,13.92715,4.189,,66568,ev_0285
time series data/caltech/California_Garage_02/2-6-3-1356-2019-07-15T15-04-49-121136.csv.gz,caltech,California_Garage_02,2019-07-15T15:04:53+00:00,2019-07-15T22:17:37+00:00,26.43839,6.58424,0.0,35702,ev_0286
time series data/caltech/California_Garage_01/2-39-79-381-2018-09-16T04-48-59-255844.csv.gz,caltech,California_Garage_01,2018-09-16T04:48:59+00:00,2018-09-17T00:00:34+00:00,13.19861,7.048,,65827,ev_0287
time series data/caltech/California_Garage_01/2-39-123-23-2018-12-12T16-59-08-333943.csv.gz,caltech,California_Garage_01,2018-12-12T16:59:08+00:00,2018-12-12T20:59:17+00:00,5.04705,3.365,32.0,21698,ev_0288
time series data/caltech/N_Wilson_Garage_01/2-137-521-3845-2020-08-25T19-04-59-639632.csv.gz,caltech,N_Wilson_Garage_01,2020-08-25T19:04:59.639632+00:00,2020-08-25T19:05:03.936776+00:00,9.53,26.5742,125.0,1954,ev_0289
time series data/caltech/California_Garage_02/2-6-3-1363-2019-09-06T19-36-36-508902.csv.gz,caltech,California_Garage_02,2019-09-06T19:36:36+00:00,2019-09-07T00:51:58+00:00,26.60221,10.24088,0.0,43250,ev_0290
time series data/caltech/California_Garage_01/2-39-83-386-2020-11-30T17-13-29-994089.csv.gz,caltech,California_Garage_01,2020-11-30T17:13:33+00:00,2020-11-30T22:41:49+00:00,0.89401,1.79,8.0,22926,ev_0291
time series data/caltech/California_Garage_02/2-6-3-1629-2019-11-03T17-24-41-784713.csv.gz,caltech,California_Garage_02,2019-11-03T17:24:53+00:00,2019-11-03T19:15:26+00:00,3.74877,11.03332,80.0,13424,ev_0292
time series data/caltech/California_Garage_01/2-39-78-367-2018-10-22T01-02-57-890851.csv.gz,caltech,California_Garage_01,2018-10-22T01:03:02+00:00,2018-10-22T02:31:14+00:00,4.86726,3.54786,,15516,ev_0293
time series data/caltech/California_Garage_01/2-39-78-361-2019-07-09T16-48-39-885461.csv.gz,caltech,California_Garage_01,2019-07-09T16:48:43+00:00,2019-07-10T02:37:15+00:00,0.99188,1.80939,0.0,44849,ev_0294
time series data/caltech/California_Garage_01/2-39-90-26-2019-05-29T18-07-17-258351.csv.gz,caltech,California_Garage_01,2019-05-29T18:07:17+00:00,2019-05-30T08:48:33+00:00,2.0772,2.322,32.0,61301,ev_0295
time series data/caltech/N_Wilson_Garage_01/2-137-441-3002-2020-02-10T16-24-39-664112.csv.gz,caltech,N_Wilson_Garage_01,2020-02-10T16:49:28+00:00,2020-02-10T22:33:19+00:00,37.32516,6.563,32.0,41089,ev_0296
time series data/caltech/S_Wilson_Garage_01/2-105-277-1699-2019-12-24T16-52-15-852695.csv.gz,caltech,S_Wilson_Garage_01,2019-12-24T16:52:19+00:00,2019-12-24T23:32:14+00:00,22.57333,6.541,32.0,53509,ev_0297
time series data/jpl/Arroyo_Garage_01/1-1-194-822-2020-09-23T05-07-11-155943.csv.gz,jpl,Arroyo_Garage_01,2020-09-23T05:07:14+00:00,2020-09-23T07:29:26+00:00,12.81134,6.389,32.0,25160,ev_0298
time series data/caltech/N_Wilson_Garage_01/2-137-521-3842-2020-12-01T19-16-35-962926.csv.gz,caltech,N_Wilson_Garage_01,2020-12-01T19:16:40.880763+00:00,2020-12-01T19:46:56.469589+00:00,16.005,40.1143,125.0,2938,ev_0299
time series data/caltech/California_Garage_01/2-39-79-379-2018-07-26T15-11-26-672467.csv.gz,caltech,California_Garage_01,2018-07-26T15:11:30+00:00,2018-07-26T18:34:23+00:00,8.9216,3.619,,35412,ev_0300
time series data/caltech/California_Garage_02/2-6-3-1364-2019-03-25T03-04-19-807023.csv.gz,caltech,California_Garage_02,2019-03-25T03:04:23+00:00,2019-03-26T16:03:16+00:00,10.2542,6.48024,0.0,45825,ev_0301
time series data/caltech/California_Garage_02/2-6-3-1358-2018-12-14T16-42-06-291841.csv.gz,caltech,California_Garage_02,2018-12-14T16:42:07+00:00,2018-12-14T23:47:20+00:00,26.4139,13.312,0.0,37342,ev_0302
time series data/caltech/California_Garage_02/2-6-3-1360-2019-04-05T23-00-58-400826.csv.gz,caltech,California_Garage_02,2019-04-05T23:01:01+00:00,2019-04-06T02:17:30+00:00,11.83318,6.58424,0.0,11809,ev_0303
time series data/caltech/California_Garage_01/2-39-78-362-2018-05-16T16-36-29-283563.csv.gz,caltech,California_Garage_01,2018-05-16T16:36:29+00:00,2018-05-17T02:10:15+00:00,12.81505,3.5073,,67908,ev_0304
time series data/caltech/California_Garage_01/2-39-90-26-2019-11-13T17-49-28-725290.csv.gz,caltech,California_Garage_01,2019-11-13T17:49:32+00:00,2019-11-14T02:04:33+00:00,11.89499,5.958,28.0,54311,ev_0305
time series data/caltech/S_Wilson_Garage_01/2-105-277-1699-2020-09-16T02-10-40-655419.csv.gz,caltech,S_Wilson_Garage_01,2020-09-16T02:10:49+00:00,2020-09-16T04:07:35+00:00,2.38611,2.359,32.0,16625,ev_0306
time series data/caltech/California_Garage_01/2-39-79-377-2019-02-05T16-55-09-595057.csv.gz,caltech,California_Garage_01,2019-02-05T16:55:13+00:00,2019-02-06T00:33:01+00:00,3.72001,6.102,32.0,36565,ev_0307
time series data/caltech/California_Garage_02/2-6-3-1629-2020-02-15T20-32-24-695217.csv.gz,caltech,California_Garage_02,2020-02-15T20:32:30+00:00,2020-02-15T22:19:20+00:00,6.37238,10.93572,80.0,15023,ev_0308
time series data/caltech/S_Wilson_Garage_01/2-105-277-1698-2020-09-15T18-57-58-227815.csv.gz,caltech,S_Wilson_Garage_01,2020-09-15T18:57:58+00:00,2020-09-15T22:33:15+00:00,11.36312,3.27,31.0,38705,ev_0309
time series data/caltech/N_Wilson_Garage_01/2-137-440-3986-2020-11-26T02-00-43-100218.csv.gz,caltech,N_Wilson_Garage_01,2020-11-26T02:00:50+00:00,2020-11-26T02:04:25+00:00,0.06476,1.77855,8.0,563,ev_0310
time series data/caltech/California_Garage_01/2-39-79-382-2019-12-06T21-14-48-831578.csv.gz,caltech,California_Garage_01,2019-12-06T21:14:52+00:00,2019-12-07T00:57:08+00:00,7.76625,6.494,32.0,39187,ev_0311
time series data/caltech/N_Wilson_Garage_01/2-137-440-3993-2020-07-11T11-34-47-538676.csv.gz,caltech,N_Wilson_Garage_01,2020-07-11T11:34:57+00:00,2020-07-11T12:04:16+00:00,4.69358,9.96628,48.0,2288,ev_0312
time series data/caltech/California_Garage_01/2-39-91-437-2019-10-10T15-01-06-444287.csv.gz,caltech,California_Garage_01,2019-10-10T15:01:06+00:00,2019-10-10T22:04:25+00:00,23.13917,6.496,32.0,58803,ev_0313
time series data/caltech/California_Garage_01/2-39-131-30-2019-01-11T04-10-18-146190.csv.gz,caltech,California_Garage_01,2019-01-11T04:10:18+00:00,2019-01-11T14:16:25+00:00,14.72565,3.632,32.0,70141,ev_0314
time series data/caltech/California_Garage_01/2-39-79-376-2018-07-30T15-08-28-815087.csv.gz,caltech,California_Garage_01,2018-07-30T15:08:32+00:00,2018-07-30T23:50:02+00:00,20.96681,6.89,,67441,ev_0315
time series data/caltech/California_Garage_01/2-39-139-28-2019-11-09T23-57-36-821481.csv.gz,caltech,California_Garage_01,2019-11-09T23:57:40+00:00,2019-11-10T02:36:09+00:00,0.86007,1.725,8.0,12657,ev_0316
time series data/caltech/California_Garage_01/2-39-89-25-2018-12-07T01-59-27-487300.csv.gz,caltech,California_Garage_01,2018-12-07T01:59:27+00:00,2018-12-07T06:09:57+00:00,14.88814,3.654,32.0,46964,ev_0317
time series data/caltech/California_Garage_01/2-39-92-436-2018-10-24T02-19-39-893453.csv.gz,caltech,California_Garage_01,2018-10-24T02:19:43+00:00,2018-10-24T13:07:42+00:00,13.90759,3.602,,60297,ev_0318
time series data/caltech/S_Wilson_Garage_01/2-105-277-1698-2020-05-04T01-31-22-721376.csv.gz,caltech,S_Wilson_Garage_01,2020-05-04T01:31:26+00:00,2020-05-04T02:41:35+00:00,6.94638,6.191,32.0,13171,ev_0319
time series data/caltech/California_Garage_02/2-6-3-1367-2019-09-12T15-40-24-718842.csv.gz,caltech,California_Garage_02,2019-09-12T15:40:27+00:00,2019-09-13T00:42:11+00:00,4.07118,3.33112,0.0,38253,ev_0320
time series data/caltech/California_Garage_02/2-6-3-1628-2020-01-16T16-11-29-722146.csv.gz,caltech,California_Garage_02,2020-01-16T16:11:31+00:00,2020-01-17T00:07:11+00:00,7.37564,7.34785,76.0,43396,ev_0321
time series data/caltech/California_Garage_02/2-6-3-1367-2019-05-04T02-52-43-920179.csv.gz,caltech,California_Garage_02,2019-05-04T02:52:45+00:00,2019-05-04T04:24:23+00:00,4.82063,3.38312,0.0,10364,ev_0322
time series data/caltech/California_Garage_01/2-39-125-21-2018-08-20T15-12-06-131103.csv.gz,caltech,California_Garage_01,2018-08-20T15:12:06+00:00,2018-08-20T22:58:48+00:00,6.89247,6.075,,38629,ev_0323
time series data/caltech/California_Garage_02/2-6-3-1367-2019-07-02T06-12-44-386855.csv.gz,caltech,California_Garage_02,2019-07-02T06:12:49+00:00,2019-07-02T07:34:43+00:00,8.14606,6.05072,0.0,9733,ev_0324
time series data/caltech/California_Garage_02/2-6-3-1625-2019-06-01T20-57-06-957723.csv.gz,caltech,California_Garage_02,2019-06-01T20:57:09+00:00,2019-06-01T20:59:00+00:00,0.34193,16.25928,80.0,456,ev_0325
time series data/caltech/California_Garage_02/2-6-3-1623-2019-08-24T06-35-01-746246.csv.gz,caltech,California_Garage_02,2019-08-24T06:35:04+00:00,2019-08-24T09:31:44+00:00,20.61611,9.48252,80.0,46492,ev_0326
time series data/caltech/California_Garage_01/2-39-78-361-2019-10-10T16-23-42-744646.csv.gz,caltech,California_Garage_01,2019-10-10T16:23:47+00:00,2019-10-10T23:37:02+00:00,0.84887,1.6977,0.0,35573,ev_0327
time series data/caltech/California_Garage_01/2-39-92-442-2018-07-16T19-33-52-365550.csv.gz,caltech,California_Garage_01,2018-07-16T19:33:52+00:00,2018-07-17T00:55:41+00:00,34.54236,6.838,,56373,ev_0328
time series data/caltech/California_Garage_02/2-6-3-1632-2020-05-25T16-58-42-185224.csv.gz,caltech,California_Garage_02,2020-05-25T16:58:42+00:00,2020-05-25T17:49:12+00:00,3.59297,11.02275,80.0,9358,ev_0329
time series data/caltech/California_Garage_02/2-6-65-4549-2020-12-01T22-05-24-962853.csv.gz,caltech,California_Garage_02,2020-12-01T22:06:31.964003+00:00,2020-12-01T22:26:31.968353+00:00,10.948,48.6538,125.0,2107,ev_0330
time series data/jpl/Arroyo_Garage_01/1-1-194-821-2020-12-01T15-44-43-139270.csv.gz,jpl,Arroyo_Garage_01,2020-12-01T15:44:46+00:00,2020-12-01T20:49:51+00:00,5.93384,3.235,17.0,36408,ev_0331
time series data/caltech/California_Garage_02/2-6-3-1361-2019-10-24T16-14-53-208930.csv.gz,caltech,California_Garage_02,2019-10-24T16:14:53+00:00,2019-10-25T01:38:24+00:00,7.09461,3.18802,0.0,46168,ev_0332
time series data/caltech/California_Garage_01/2-39-78-361-2018-09-17T15-30-58-026852.csv.gz,caltech,California_Garage_01,2018-09-17T15:30:58+00:00,2018-09-18T00:22:21+00:00,6.60763,3.54786,,54926,ev_0333
time series data/caltech/California_Garage_01/2-39-139-28-2018-09-06T13-06-00-415658.csv.gz,caltech,California_Garage_01,2018-09-06T13:06:00+00:00,2018-09-06T14:22:55+00:00,8.15683,6.6,,14035,ev_0334
time series data/caltech/California_Garage_01/2-39-79-378-2018-07-03T17-47-37-068997.csv.gz,caltech,California_Garage_01,2018-07-03T17:47:37+00:00,2018-07-03T23:28:36+00:00,8.23959,3.474,,45255,ev_0335
time series data/caltech/California_Garage_01/2-39-79-376-2019-12-17T20-14-07-261926.csv.gz,caltech,California_Garage_01,2019-12-17T20:14:07+00:00,2019-12-17T22:25:20+00:00,0.82105,1.588,8.0,12040,ev_0336
time series data/caltech/California_Garage_01/2-39-79-377-2018-05-17T11-46-39-805489.csv.gz,caltech,California_Garage_01,2018-05-17T11:46:43+00:00,2018-05-17T20:27:41+00:00,11.60359,3.397,,54878,ev_0337
time series data/caltech/California_Garage_01/2-39-78-367-2019-03-07T19-03-59-792267.csv.gz,caltech,California_Garage_01,2019-03-07T19:04:00+00:00,2019-03-08T01:38:56+00:00,22.46886,6.79099,0.0,53323,ev_0338
time series data/caltech/California_Garage_01/2-39-79-381-2018-06-19T03-52-28-401298.csv.gz,caltech,California_Garage_01,2018-06-19T03:52:28+00:00,2018-06-19T03:52:56+00:00,0.00898,1.704,,288,ev_0339
time series data/caltech/California_Garage_01/2-39-79-380-2018-09-11T17-09-22-234833.csv.gz,caltech,California_Garage_01,2018-09-11T17:09:22+00:00,2018-09-11T21:36:05+00:00,24.86989,6.679,,48973,ev_0340
time series data/jpl/Arroyo_Garage_01/1-1-178-823-2020-09-14T16-56-49-523531.csv.gz,jpl,Arroyo_Garage_01,2020-09-14T16:56:53+00:00,2020-09-14T18:54:38+00:00,6.49359,3.368,32.0,20833,ev_0341
time series data/office_01/Parking_Lot_01/19-102-260-1639-2020-01-23T17-55-49-528244.csv.gz,office_01,Parking_Lot_01,2020-01-23T17:55:53+00:00,2020-01-23T21:51:28+00:00,24.47563,6.512,32.0,46141,ev_0342
time series data/caltech/California_Garage_02/2-6-3-1630-2019-09-28T21-43-31-348032.csv.gz,caltech,California_Garage_02,2019-09-28T21:43:31+00:00,2019-09-28T23:38:52+00:00,20.40875,11.2102,80.0,32854,ev_0343
time series data/caltech/California_Garage_02/2-6-3-1629-2019-06-20T02-11-53-059095.csv.gz,caltech,California_Garage_02,2019-06-20T02:12:24+00:00,2019-06-20T03:02:10+00:00,5.72727,7.2885,80.0,5462,ev_0344
time series data/caltech/California_Garage_01/2-39-130-31-2019-07-07T00-32-35-673645.csv.gz,caltech,California_Garage_01,2019-07-07T00:32:39+00:00,2019-07-07T00:32:47+00:00,0.00025,0.544,8.0,209,ev_0345
time series data/caltech/California_Garage_02/2-6-3-1360-2019-01-04T19-16-25-641509.csv.gz,caltech,California_Garage_02,2019-01-04T19:16:30+00:00,2019-01-04T19:42:21+00:00,4.18573,9.99357,0.0,5388,ev_0346
time series data/caltech/California_Garage_01/2-39-78-365-2020-02-26T18-36-17-018130.csv.gz,caltech,California_Garage_01,2020-02-26T18:36:19+00:00,2020-02-26T20:51:30+00:00,4.13763,3.33445,0.0,21251,ev_0347
time series data/caltech/California_Garage_02/2-6-3-1361-2019-04-01T14-46-59-608127.csv.gz,caltech,California_Garage_02,2019-04-01T14:47:04+00:00,2019-04-01T15:33:16+00:00,6.60551,9.91557,0.0,4529,ev_0348
time series data/jpl/Arroyo_Garage_01/1-1-194-818-2020-07-06T16-05-42-848936.csv.gz,jpl,Arroyo_Garage_01,2020-07-06T16:06:01+00:00,2020-07-07T00:45:20+00:00,5.10487,2.428,13.0,53023,ev_0349
time series data/caltech/California_Garage_02/2-6-3-1623-2019-11-22T16-42-21-071044.csv.gz,caltech,California_Garage_02,2019-11-22T16:42:23+00:00,2019-11-23T01:17:45+00:00,21.98451,7.41375,56.0,80380,ev_0350
time series data/caltech/California_Garage_01/2-39-79-382-2018-10-25T00-11-51-696440.csv.gz,caltech,California_Garage_01,2018-10-25T00:11:55+00:00,2018-10-25T02:48:16+00:00,2.53543,2.31,,18072,ev_0351
time series data/caltech/California_Garage_02/2-6-3-1631-2020-04-24T00-27-10-050196.csv.gz,caltech,California_Garage_02,2020-04-24T00:27:11+00:00,2020-04-24T01:02:35+00:00,3.02104,10.7404,80.0,9304,ev_0352
time series data/caltech/N_Wilson_Garage_01/2-137-441-3006-2020-02-22T21-59-39-440582.csv.gz,caltech,N_Wilson_Garage_01,2020-02-22T21:59:39+00:00,2020-02-23T04:32:22+00:00,11.40095,6.385,32.0,38097,ev_0353
time series data/caltech/California_Garage_02/2-6-3-1631-2019-09-12T04-49-34-772976.csv.gz,caltech,California_Garage_02,2019-09-12T04:49:36+00:00,2019-09-12T08:29:34+00:00,26.67578,7.52723,80.0,61418,ev_0354
time series data/caltech/California_Garage_02/2-6-3-1363-2020-04-28T21-18-29-984832.csv.gz,caltech,California_Garage_02,2020-04-28T21:18:51+00:00,2020-04-28T22:21:26+00:00,3.34157,3.30512,0.0,12368,ev_0355
time series data/caltech/California_Garage_01/2-39-79-377-2018-09-19T14-13-08-327871.csv.gz,caltech,California_Garage_01,2018-09-19T14:13:08+00:00,2018-09-19T23:58:11+00:00,13.24601,6.305,,65276,ev_0356
time series data/caltech/California_Garage_01/2-39-79-378-2018-06-22T21-29-32-213819.csv.gz,caltech,California_Garage_01,2018-06-22T21:29:32+00:00,2018-06-23T00:46:34+00:00,13.16814,6.624,,34847,ev_0357
time series data/caltech/California_Garage_01/2-39-78-363-2019-06-18T18-01-13-677057.csv.gz,caltech,California_Garage_01,2019-06-18T18:01:14+00:00,2019-06-19T02:02:54+00:00,16.54136,6.81117,0.0,58513,ev_0358
time series data/caltech/California_Garage_02/2-6-3-1367-2019-08-28T19-14-53-284020.csv.gz,caltech,California_Garage_02,2019-08-28T19:14:57+00:00,2019-08-28T22:40:37+00:00,7.56344,6.32403,0.0,31269,ev_0359
time series data/caltech/California_Garage_02/2-6-3-1366-2019-02-06T05-11-01-196706.csv.gz,caltech,California_Garage_02,2019-02-06T05:11:01+00:00,2019-02-06T15:39:49+00:00,39.59375,9.94157,0.0,86334,ev_0360
time series data/caltech/California_Garage_02/2-6-3-1361-2019-09-08T02-59-33-260951.csv.gz,caltech,California_Garage_02,2019-09-08T02:59:35+00:00,2019-09-08T03:22:34+00:00,2.35089,6.41514,0.0,5240,ev_0361
time series data/caltech/N_Wilson_Garage_01/2-137-521-3845-2020-10-08T03-55-12-287335.csv.gz,caltech,N_Wilson_Garage_01,2020-10-08T03:55:14.499699+00:00,2020-10-08T03:58:20.075959+00:00,1.134,26.1831,125.0,462,ev_0362
time series data/jpl/Arroyo_Garage_01/1-1-194-822-2020-07-21T14-31-36-433572.csv.gz,jpl,Arroyo_Garage_01,2020-07-21T14:31:36+00:00,2020-07-21T19:17:32+00:00,0.88189,1.892,8.0,20551,ev_0363
time series data/caltech/California_Garage_02/2-6-3-1364-2020-11-05T17-15-35-187312.csv.gz,caltech,California_Garage_02,2020-11-05T17:15:35+00:00,2020-11-05T23:29:20+00:00,7.00309,3.03181,0.0,42064,ev_0364
time series data/caltech/California_Garage_01/2-39-89-25-2019-08-13T16-23-29-714422.csv.gz,caltech,California_Garage_01,2019-08-13T18:27:01+00:00,2019-08-13T18:43:46+00:00,0.82784,0.0,8.0,1202,ev_0365
time series data/caltech/California_Garage_01/2-39-95-444-2020-02-14T20-09-19-242768.csv.gz,caltech,California_Garage_01,2020-02-14T20:09:19+00:00,2020-02-15T01:02:06+00:00,4.64593,3.794,32.0,27021,ev_0366
time series data/caltech/California_Garage_01/2-39-79-377-2019-03-07T16-05-56-948538.csv.gz,caltech,California_Garage_01,2019-03-07T16:06:00+00:00,2019-03-08T05:51:38+00:00,15.64832,3.603,32.0,86260,ev_0367
time series data/caltech/California_Garage_01/2-39-79-383-2019-03-25T15-42-20-096968.csv.gz,caltech,California_Garage_01,2019-03-25T15:42:20+00:00,2019-03-25T23:38:18+00:00,22.47762,6.933,32.0,82344,ev_0368
time series data/jpl/Arroyo_Garage_01/1-1-193-816-2020-10-26T16-06-14-586353.csv.gz,jpl,Arroyo_Garage_01,2020-10-26T16:06:18+00:00,2020-10-27T01:02:26+00:00,9.51432,3.339,26.0,58911,ev_0369
time series data/caltech/California_Garage_02/2-6-3-1362-2019-10-22T15-39-50-848747.csv.gz,caltech,California_Garage_02,2019-10-22T15:39:51+00:00,2019-10-23T00:29:01+00:00,5.70325,3.30512,0.0,42327,ev_0370
time series data/caltech/California_Garage_02/2-6-3-1356-2019-10-16T13-44-21-057781.csv.gz,caltech,California_Garage_02,2019-10-16T13:44:21+00:00,2019-10-16T19:05:13+00:00,17.78697,6.33714,0.0,50943,ev_0371
time series data/caltech/California_Garage_01/2-39-127-19-2019-05-09T15-28-35-482330.csv.gz,caltech,California_Garage_01,2019-05-09T15:28:35+00:00,2019-05-09T19:19:31+00:00,4.4136,3.352,32.0,25676,ev_0372
time series data/caltech/California_Garage_02/2-6-3-1362-2019-11-13T02-09-09-628992.csv.gz,caltech,California_Garage_02,2019-11-13T02:09:35+00:00,2019-11-13T02:24:50+00:00,2.3229,10.17578,0.0,3364,ev_0373
time series data/caltech/California_Garage_01/2-39-127-19-2018-07-06T23-00-38-707636.csv.gz,caltech,California_Garage_01,2018-07-06T23:00:42+00:00,2018-07-07T01:51:57+00:00,13.96098,6.802,,26847,ev_0374
time series data/caltech/California_Garage_01/2-39-88-438-2020-01-21T18-09-14-007267.csv.gz,caltech,California_Garage_01,2020-01-21T18:09:17+00:00,2020-01-21T20:33:47+00:00,6.76318,3.371,32.0,27325,ev_0375
time series data/caltech/N_Wilson_Garage_01/2-137-521-3845-2020-08-30T12-14-21-399734.csv.gz,caltech,N_Wilson_Garage_01,2020-08-30T12:14:21.399734+00:00,2020-08-30T12:14:21.515791+00:00,0.74,39.7976,125.0,274,ev_0376
time series data/caltech/California_Garage_01/2-39-139-567-2018-06-05T16-04-22-937572.csv.gz,caltech,California_Garage_01,2018-06-05T16:04:26+00:00,2018-06-05T16:06:21+00:00,0.03944,1.445,,554,ev_0377
time series data/caltech/California_Garage_01/2-39-88-24-2018-06-27T14-50-56-498846.csv.gz,caltech,California_Garage_01,2018-06-27T14:50:56+00:00,2018-06-27T21:39:01+00:00,5.35854,3.549,,37325,ev_0378
time series data/caltech/California_Garage_01/2-39-95-444-2019-04-22T19-19-15-098838.csv.gz,caltech,California_Garage_01,2019-04-22T19:19:15+00:00,2019-04-22T23:08:51+00:00,0.88836,1.834,8.0,18213,ev_0379
time series data/caltech/California_Garage_02/2-6-3-1629-2019-09-04T14-54-21-243393.csv.gz,caltech,California_Garage_02,2019-09-04T14:54:23+00:00,2019-09-04T15:14:30+00:00,3.19753,11.12073,80.0,6514,ev_0380
time series data/caltech/California_Garage_01/2-39-78-365-2018-08-14T02-18-52-382515.csv.gz,caltech,California_Garage_01,2018-08-14T02:18:52+00:00,2018-08-14T03:28:51+00:00,2.22138,2.54134,,10797,ev_0381
time series data/caltech/California_Garage_01/2-39-139-567-2018-09-06T16-57-25-817295.csv.gz,caltech,California_Garage_01,2018-09-06T16:57:29+00:00,2018-09-07T02:08:59+00:00,11.23041,6.751,,41217,ev_0382
time series data/caltech/California_Garage_01/2-39-139-28-2018-07-22T15-58-14-667606.csv.gz,caltech,California_Garage_01,2018-07-22T15:58:18+00:00,2018-07-22T18:01:31+00:00,4.90638,3.583,,18864,ev_0383
time series data/caltech/S_Wilson_Garage_01/2-105-277-1697-2019-09-30T16-42-15-239637.csv.gz,caltech,S_Wilson_Garage_01,2019-09-30T16:42:15+00:00,2019-10-01T00:20:52+00:00,11.70326,3.193,32.0,54809,ev_0384
time series data/caltech/California_Garage_01/2-39-139-28-2018-08-24T14-33-31-688846.csv.gz,caltech,California_Garage_01,2018-08-24T14:33:34+00:00,2018-08-25T04:33:51+00:00,5.56918,6.917,,40721,ev_0385
time series data/caltech/California_Garage_01/2-39-79-379-2018-07-30T23-53-59-482243.csv.gz,caltech,California_Garage_01,2018-07-30T23:53:59+00:00,2018-07-31T13:21:46+00:00,16.72847,3.57,,78206,ev_0386
time series data/caltech/S_Wilson_Garage_01/2-105-277-1696-2020-04-21T02-10-49-267571.csv.gz,caltech,S_Wilson_Garage_01,2020-04-21T02:10:49+00:00,2020-04-21T02:38:00+00:00,1.42457,3.243,31.0,5307,ev_0387
time series data/caltech/California_Garage_01/2-39-79-381-2019-10-30T16-30-24-843730.csv.gz,caltech,California_Garage_01,2019-10-30T16:30:39+00:00,2019-10-30T23:59:14+00:00,46.64532,7.148,32.0,85453,ev_0388
time series data/caltech/California_Garage_01/2-39-139-28-2018-12-18T20-57-06-834932.csv.gz,caltech,California_Garage_01,2018-12-18T20:57:09+00:00,2018-12-19T02:31:28+00:00,1.50418,3.353,32.0,24616,ev_0389
time series data/caltech/California_Garage_01/2-39-78-363-2019-09-05T17-07-34-261661.csv.gz,caltech,California_Garage_01,2019-09-05T17:07:34+00:00,2019-09-06T02:06:02+00:00,12.8129,5.12366,0.0,71046,ev_0390
time series data/caltech/California_Garage_01/2-39-78-365-2018-08-05T02-28-10-441095.csv.gz,caltech,California_Garage_01,2018-08-05T02:28:10+00:00,2018-08-05T02:46:58+00:00,1.88671,6.72984,,3909,ev_0391
time series data/jpl/Arroyo_Garage_01/1-1-179-787-2020-10-07T19-33-41-944954.csv.gz,jpl,Arroyo_Garage_01,2020-10-07T19:33:45+00:00,2020-10-07T23:08:16+00:00,11.0811,3.194,32.0,38078,ev_0392
time series data/caltech/California_Garage_01/2-39-125-21-2018-11-29T16-56-13-952876.csv.gz,caltech,California_Garage_01,2018-11-29T16:56:14+00:00,2018-11-30T02:53:30+00:00,4.30498,3.571,32.0,51080,ev_0393
time series data/jpl/Arroyo_Garage_01/1-1-191-792-2020-11-24T19-37-25-059953.csv.gz,jpl,Arroyo_Garage_01,2020-11-24T19:37:29+00:00,2020-11-24T20:14:03+00:00,0.8403,6.174,32.0,7592,ev_0394
time series data/caltech/California_Garage_01/2-39-90-26-2018-11-30T17-54-02-503270.csv.gz,caltech,California_Garage_01,2018-11-30T17:54:02+00:00,2018-12-01T01:51:07+00:00,4.85508,3.514,32.0,42770,ev_0395
time series data/caltech/California_Garage_02/2-6-3-1625-2020-06-29T05-25-15-890798.csv.gz,caltech,California_Garage_02,2020-06-29T05:25:16+00:00,2020-06-29T05:38:54+00:00,2.42351,11.10257,80.0,3871,ev_0396
time series data/jpl/Arroyo_Garage_01/1-1-178-823-2020-10-20T12-50-55-092412.csv.gz,jpl,Arroyo_Garage_01,2020-10-20T12:51:07+00:00,2020-10-20T18:49:43+00:00,13.04325,6.4,32.0,51469,ev_0397
time series data/caltech/California_Garage_02/2-6-3-1624-2019-08-03T01-00-04-778126.csv.gz,caltech,California_Garage_02,2019-08-03T01:00:08+00:00,2019-08-03T03:31:04+00:00,26.65469,10.95084,80.0,45072,ev_0398
time series data/caltech/S_Wilson_Garage_01/2-105-277-1696-2020-09-25T15-38-41-696264.csv.gz,caltech,S_Wilson_Garage_01,2020-09-25T15:38:45+00:00,2020-09-25T21:28:09+00:00,7.85489,3.356,32.0,40865,ev_0399
time series data/caltech/California_Garage_01/2-39-79-380-2019-10-23T20-00-24-298778.csv.gz,caltech,California_Garage_01,2019-10-23T20:00:24+00:00,2019-10-23T21:50:29+00:00,0.51877,1.719,8.0,10434,ev_0400
time series data/caltech/California_Garage_02/2-6-65-4549-2020-09-22T04-15-42-747944.csv.gz,caltech,California_Garage_02,2020-09-22T04:15:44.380936+00:00,2020-09-22T04:47:34.960371+00:00,23.371,46.8318,125.0,3231,ev_0401
time series data/caltech/California_Garage_01/2-39-89-25-2018-07-17T15-35-09-098460.csv.gz,caltech,California_Garage_01,2018-07-17T15:35:09+00:00,2018-07-18T00:23:08+00:00,6.94857,7.01,,33137,ev_0402
time series data/caltech/California_Garage_01/2-39-89-25-2018-07-09T04-10-16-301277.csv.gz,caltech,California_Garage_01,2018-07-09T04:10:16+00:00,2018-07-09T13:48:38+00:00,41.88105,7.052,,75601,ev_0403
time series data/caltech/N_Wilson_Garage_01/2-137-441-3011-2020-08-06T01-57-49-542026.csv.gz,caltech,N_Wilson_Garage_01,2020-08-06T01:57:53+00:00,2020-08-06T02:21:43+00:00,0.7654,3.361,32.0,3614,ev_0404
time series data/caltech/California_Garage_02/2-6-3-1369-2019-10-22T00-17-35-048816.csv.gz,caltech,California_Garage_02,2019-10-22T00:17:35+00:00,2019-10-22T01:35:36+00:00,10.15591,8.44522,0.0,16197,ev_0405
time series data/caltech/California_Garage_01/2-39-129-17-2019-03-13T19-52-16-252200.csv.gz,caltech,California_Garage_01,2019-03-13T19:52:16+00:00,2019-03-13T21:08:35+00:00,0.96778,1.908,8.0,9070,ev_0406
time series data/caltech/California_Garage_02/2-6-3-1361-2020-01-05T21-51-08-047126.csv.gz,caltech,California_Garage_02,2020-01-05T21:51:08+00:00,2020-01-05T22:45:56+00:00,1.00385,3.03181,0.0,11954,ev_0407
time series data/caltech/N_Wilson_Garage_01/2-137-441-3000-2020-07-05T21-08-46-276970.csv.gz,caltech,N_Wilson_Garage_01,2020-07-05T21:08:46+00:00,2020-07-05T23:03:27+00:00,6.2179,3.455,32.0,20045,ev_0408
time series data/caltech/California_Garage_01/2-39-88-24-2018-09-10T19-31-31-712991.csv.gz,caltech,California_Garage_01,2018-09-10T19:31:35+00:00,2018-09-11T01:23:37+00:00,6.67455,3.56,,31419,ev_0409
time series data/caltech/California_Garage_01/2-39-81-4550-2020-09-10T02-46-16-906025.csv.gz,caltech,California_Garage_01,2020-09-10T02:46:18.249503+00:00,2020-09-10T03:36:13.710190+00:00,13.697,41.1899,125.0,4608,ev_0410
time series data/caltech/California_Garage_01/2-39-139-28-2018-08-19T21-19-48-509362.csv.gz,caltech,California_Garage_01,2018-08-19T21:19:48+00:00,2018-08-20T00:49:15+00:00,13.87034,6.842,,27838,ev_0411
time series data/caltech/California_Garage_02/2-6-3-1368-2019-11-26T15-09-10-671117.csv.gz,caltech,California_Garage_02,2019-11-26T15:09:13+00:00,2019-11-26T23:46:30+00:00,13.77297,6.50624,0.0,55683,ev_0412
time series data/caltech/California_Garage_01/2-39-91-437-2018-06-25T02-09-49-305660.csv.gz,caltech,California_Garage_01,2018-06-25T02:09:49+00:00,2018-06-25T04:50:30+00:00,14.06926,6.894,,26241,ev_0413
time series data/caltech/S_Wilson_Garage_01/2-105-277-1699-2019-11-16T04-26-10-089919.csv.gz,caltech,S_Wilson_Garage_01,2019-11-16T04:26:13+00:00,2019-11-16T07:09:10+00:00,16.60046,6.507,32.0,31729,ev_0414
time series data/caltech/California_Garage_02/2-6-3-1368-2019-08-24T02-14-28-872138.csv.gz,caltech,California_Garage_02,2019-08-24T02:14:31+00:00,2019-08-24T02:23:17+00:00,0.4147,3.08381,0.0,2028,ev_0415
time series data/caltech/California_Garage_01/2-39-90-26-2018-10-24T15-57-49-716428.csv.gz,caltech,California_Garage_01,2018-10-24T15:57:53+00:00,2018-10-24T16:54:34+00:00,3.8035,6.884,,10949,ev_0416
time series data/caltech/California_Garage_01/2-39-128-562-2018-08-31T15-57-29-982175.csv.gz,caltech,California_Garage_01,2018-08-31T15:57:30+00:00,2018-08-31T22:53:15+00:00,13.90331,6.479,,57997,ev_0417
time series data/caltech/California_Garage_01/2-39-78-366-2019-07-11T16-56-58-911917.csv.gz,caltech,California_Garage_01,2019-07-11T16:56:59+00:00,2019-07-12T01:11:04+00:00,0.98991,1.78922,0.0,35705,ev_0418
time series data/caltech/California_Garage_01/2-39-138-566-2018-09-27T20-27-48-592310.csv.gz,caltech,California_Garage_01,2018-09-27T20:27:52+00:00,2018-09-27T20:28:16+00:00,8e-05,0.022,,239,ev_0419
time series data/caltech/California_Garage_01/2-39-129-17-2018-10-06T18-54-13-755526.csv.gz,caltech,California_Garage_01,2018-10-06T18:54:17+00:00,2018-10-06T20:53:50+00:00,13.51389,7.072,,22019,ev_0420
time series data/caltech/California_Garage_01/2-39-129-17-2018-07-21T23-18-03-977015.csv.gz,caltech,California_Garage_01,2018-07-21T23:18:04+00:00,2018-07-21T23:19:58+00:00,0.17065,6.698,,593,ev_0421
time series data/caltech/California_Garage_01/2-39-79-381-2018-09-11T04-21-39-236159.csv.gz,caltech,California_Garage_01,2018-09-11T04:21:39+00:00,2018-09-11T04:22:18+00:00,0.04009,6.683,,357,ev_0422
time series data/caltech/California_Garage_01/2-39-92-436-2020-01-30T17-08-27-934445.csv.gz,caltech,California_Garage_01,2020-01-30T17:08:32+00:00,2020-01-31T00:32:46+00:00,11.10847,6.562,32.0,37063,ev_0423
time series data/caltech/California_Garage_01/2-39-138-29-2018-10-13T01-56-00-464515.csv.gz,caltech,California_Garage_01,2018-10-13T01:56:00+00:00,2018-10-13T03:20:28+00:00,9.32783,7.071,,15606,ev_0424
time series data/caltech/California_Garage_01/2-39-79-382-2018-11-05T17-52-50-444666.csv.gz,caltech,California_Garage_01,2018-11-05T17:52:50+00:00,2018-11-05T22:30:39+00:00,0.88305,1.695,8.0,21769,ev_0425
time series data/caltech/California_Garage_01/2-39-89-439-2019-06-05T18-11-14-393912.csv.gz,caltech,California_Garage_01,2019-06-05T18:11:14+00:00,2019-06-06T01:04:02+00:00,0.8828,1.813,8.0,27553,ev_0426
time series data/caltech/California_Garage_02/2-6-3-1624-2019-04-25T16-01-53-618801.csv.gz,caltech,California_Garage_02,2019-04-25T16:02:01+00:00,2019-04-26T00:15:37+00:00,30.36954,10.92375,80.0,29437,ev_0427
time series data/caltech/California_Garage_01/2-39-79-377-2018-08-16T03-18-17-058844.csv.gz,caltech,California_Garage_01,2018-08-16T03:18:17+00:00,2018-08-16T16:40:55+00:00,6.46305,3.369,,51761,ev_0428
time series data/caltech/California_Garage_01/2-39-79-381-2020-03-02T21-43-54-214145.csv.gz,caltech,California_Garage_01,2020-03-02T21:43:54+00:00,2020-03-03T03:02:18+00:00,2.2009,2.304,32.0,29378,ev_0429
time series data/caltech/California_Garage_01/2-39-131-30-2018-11-19T16-07-34-048178.csv.gz,caltech,California_Garage_01,2018-11-19T16:07:34+00:00,2018-11-19T17:04:53+00:00,2.88787,3.435,32.0,11676,ev_0430
time series data/caltech/N_Wilson_Garage_01/2-137-440-2991-2020-04-15T12-40-21-577113.csv.gz,caltech,N_Wilson_Garage_01,2020-04-15T12:40:25+00:00,2020-04-15T17:58:59+00:00,5.37658,3.472,32.0,30367,ev_0431
time series data/caltech/California_Garage_02/2-6-3-1624-2020-09-04T02-02-52-104834.csv.gz,caltech,California_Garage_02,2020-09-04T02:02:52+00:00,2020-09-04T02:58:31+00:00,1.74023,1.9038,8.0,3522,ev_0432
time series data/caltech/California_Garage_01/2-39-90-26-2018-08-20T15-18-12-467106.csv.gz,caltech,California_Garage_01,2018-08-20T15:18:12+00:00,2018-08-20T19:55:42+00:00,9.1141,6.512,,45974,ev_0433
time series data/office_01/Parking_Lot_01/19-102-260-1635-2019-08-15T17-08-23-980377.csv.gz,office_01,Parking_Lot_01,2019-08-15T17:08:27+00:00,2019-08-15T22:42:02+00:00,10.16362,6.176,32.0,34045,ev_0434
time series data/caltech/California_Garage_01/2-39-129-17-2018-12-22T21-06-34-127927.csv.gz,caltech,California_Garage_01,2018-12-22T21:06:34+00:00,2018-12-22T22:21:15+00:00,3.92516,7.192,32.0,10812,ev_0435
time series data/caltech/S_Wilson_Garage_01/2-105-277-1696-2020-03-10T15-50-46-462601.csv.gz,caltech,S_Wilson_Garage_01,2020-03-10T15:50:46+00:00,2020-03-10T23:51:20+00:00,5.44271,3.405,31.0,38409,ev_0436
time series data/caltech/N_Wilson_Garage_01/2-137-521-3845-2020-08-03T00-50-29-720718.csv.gz,caltech,N_Wilson_Garage_01,2020-08-03T00:50:29.720718+00:00,2020-08-03T01:13:51.883157+00:00,11.146,46.1027,125.0,2406,ev_0437
time series data/caltech/California_Garage_01/2-39-78-367-2018-10-29T00-52-57-020405.csv.gz,caltech,California_Garage_01,2018-10-29T00:52:57+00:00,2018-10-29T03:04:53+00:00,6.38555,3.53766,,22615,ev_0438
time series data/caltech/California_Garage_01/2-39-124-558-2018-09-21T15-27-44-323677.csv.gz,caltech,California_Garage_01,2018-09-21T15:27:44+00:00,2018-09-22T00:22:14+00:00,4.17786,3.334,,34880,ev_0439
time series data/caltech/California_Garage_01/2-39-78-366-2018-09-13T15-42-36-036519.csv.gz,caltech,California_Garage_01,2018-09-13T15:42:36+00:00,2018-09-13T23:42:52+00:00,3.27333,3.4971,,40759,ev_0440
time series data/caltech/California_Garage_02/2-6-3-1631-2020-01-12T21-46-26-834998.csv.gz,caltech,California_Garage_02,2020-01-12T21:46:32+00:00,2020-01-13T03:40:12+00:00,26.84989,11.21186,80.0,45102,ev_0441
time series data/caltech/California_Garage_01/2-39-130-31-2018-12-05T01-09-17-999022.csv.gz,caltech,California_Garage_01,2018-12-05T01:09:18+00:00,2018-12-05T14:09:53+00:00,15.11649,3.623,32.0,79637,ev_0442
time series data/caltech/N_Wilson_Garage_01/2-137-440-3993-2020-10-08T18-30-15-332769.csv.gz,caltech,N_Wilson_Garage_01,2020-10-08T18:30:15+00:00,2020-10-09T00:03:09+00:00,37.83573,6.90908,48.0,19694,ev_0443
time series data/caltech/California_Garage_01/2-39-124-558-2018-09-17T15-58-44-188625.csv.gz,caltech,California_Garage_01,2018-09-17T15:58:44+00:00,2018-09-18T01:58:24+00:00,1.7158,3.342,,31033,ev_0444
time series data/caltech/California_Garage_02/2-6-3-1623-2019-09-15T17-52-37-639796.csv.gz,caltech,California_Garage_02,2019-09-15T17:52:39+00:00,2019-09-15T20:48:28+00:00,32.00019,11.18202,80.0,51934,ev_0445
time series data/caltech/California_Garage_01/2-39-91-441-2019-10-08T16-54-24-296140.csv.gz,caltech,California_Garage_01,2019-10-08T16:54:47+00:00,2019-10-09T01:23:21+00:00,13.53906,7.151,32.0,47508,ev_0446
time series data/caltech/California_Garage_01/2-39-79-380-2018-11-12T14-50-06-245323.csv.gz,caltech,California_Garage_01,2018-11-12T14:50:06+00:00,2018-11-12T19:38:18+00:00,8.81799,6.388,32.0,34152,ev_0447
time series data/jpl/Arroyo_Garage_01/1-1-193-816-2020-06-25T13-36-44-917711.csv.gz,jpl,Arroyo_Garage_01,2020-06-25T13:36:48+00:00,2020-06-25T18:12:12+00:00,18.49626,5.551,28.0,52866,ev_0448
time series data/caltech/California_Garage_01/2-39-138-29-2019-01-10T00-33-14-249981.csv.gz,caltech,California_Garage_01,2019-01-10T00:33:14+00:00,2019-01-10T01:55:20+00:00,4.46478,3.562,32.0,15210,ev_0449
time series data/caltech/N_Wilson_Garage_01/2-137-441-3016-2020-11-28T21-50-35-623636.csv.gz,caltech,N_Wilson_Garage_01,2020-11-28T21:50:38+00:00,2020-11-28T21:51:09+00:00,0.00682,1.717,80.0,329,ev_0450
time series data/caltech/California_Garage_02/2-6-3-1624-2019-05-18T15-09-48-883568.csv.gz,caltech,California_Garage_02,2019-05-18T15:09:55+00:00,2019-05-18T16:09:20+00:00,7.24743,7.41228,80.0,7345,ev_0451
time series data/office_01/Parking_Lot_01/19-102-260-1639-2019-08-13T17-42-14-108040.csv.gz,office_01,Parking_Lot_01,2019-08-13T17:42:14+00:00,2019-08-14T01:07:55+00:00,36.09545,6.448,32.0,82844,ev_0452
time series data/caltech/N_Wilson_Garage_01/2-137-521-3843-2020-07-27T01-55-08-825271.csv.gz,caltech,N_Wilson_Garage_01,2020-07-27T01:55:08.825271+00:00,2020-07-27T02:17:31.175567+00:00,13.499,40.0457,125.0,2181,ev_0453
time series data/caltech/California_Garage_01/2-39-95-27-2019-04-01T16-21-18-425884.csv.gz,caltech,California_Garage_01,2019-04-01T16:21:18+00:00,2019-04-02T01:33:47+00:00,0.91727,1.728,8.0,38189,ev_0454
time series data/caltech/California_Garage_01/2-39-78-365-2019-07-18T16-55-00-988466.csv.gz,caltech,California_Garage_01,2019-07-18T16:55:02+00:00,2019-07-19T01:29:50+00:00,14.84625,6.59776,0.0,68770,ev_0455
time series data/jpl/Arroyo_Garage_01/1-1-193-829-2020-06-30T15-27-39-279957.csv.gz,jpl,Arroyo_Garage_01,2020-06-30T15:28:32+00:00,2020-06-30T20:05:34+00:00,27.5287,6.444,32.0,49833,ev_0456
time series data/caltech/California_Garage_02/2-6-3-1631-2019-10-14T22-10-37-504998.csv.gz,caltech,California_Garage_02,2019-10-14T22:10:37+00:00,2019-10-15T00:16:08+00:00,22.98432,11.24143,80.0,29269,ev_0457
time series data/caltech/California_Garage_01/2-39-127-19-2019-03-27T04-41-51-111565.csv.gz,caltech,California_Garage_01,2019-03-27T04:41:51+00:00,2019-03-28T05:38:13+00:00,10.94209,3.308,32.0,116209,ev_0458
time series data/caltech/S_Wilson_Garage_01/2-105-277-1697-2020-06-27T00-33-17-637496.csv.gz,caltech,S_Wilson_Garage_01,2020-06-27T00:33:21+00:00,2020-06-27T04:11:32+00:00,14.3475,6.564,32.0,31189,ev_0459
time series data/caltech/California_Garage_01/2-39-125-21-2018-09-07T15-44-01-650341.csv.gz,caltech,California_Garage_01,2018-09-07T15:44:05+00:00,2018-09-08T01:36:07+00:00,5.02348,3.46,,39360,ev_0460
time series data/caltech/California_Garage_01/2-39-138-566-2018-08-16T22-01-52-652781.csv.gz,caltech,California_Garage_01,2018-08-16T22:01:56+00:00,2018-08-16T22:03:15+00:00,0.02313,1.451,,471,ev_0461
time series data/caltech/California_Garage_01/2-39-126-20-2018-08-26T01-20-25-241664.csv.gz,caltech,California_Garage_01,2018-08-26T01:20:25+00:00,2018-08-26T02:22:29+00:00,6.69531,7.015,,11666,ev_0462
time series data/office_01/Parking_Lot_01/19-102-260-1636-2019-06-20T18-35-04-734075.csv.gz,office_01,Parking_Lot_01,2019-06-20T18:35:08+00:00,2019-06-21T00:15:09+00:00,13.99818,3.444,31.0,52740,ev_0463
time series data/caltech/California_Garage_02/2-6-3-1356-2019-11-27T03-26-12-335268.csv.gz,caltech,California_Garage_02,2019-11-27T03:26:12+00:00,2019-11-27T05:07:25+00:00,9.00261,5.76451,0.0,20594,ev_0464
time series data/caltech/California_Garage_01/2-39-95-27-2019-01-28T17-01-57-131798.csv.gz,caltech,California_Garage_01,2019-01-28T17:01:57+00:00,2019-01-29T01:13:53+00:00,43.57908,7.116,32.0,87828,ev_0465
time series data/caltech/California_Garage_01/2-39-131-30-2019-07-11T01-02-57-746643.csv.gz,caltech,California_Garage_01,2019-07-11T01:03:01+00:00,2019-07-11T02:43:38+00:00,7.86653,6.956,32.0,16685,ev_0466
time series data/office_01/Parking_Lot_01/19-102-260-1634-2020-02-17T19-34-32-134165.csv.gz,office_01,Parking_Lot_01,2020-02-17T19:34:32+00:00,2020-02-18T01:02:20+00:00,25.35522,6.715,32.0,59358,ev_0467
time series data/caltech/California_Garage_01/2-39-126-560-2018-10-02T17-49-08-839246.csv.gz,caltech,California_Garage_01,2018-10-02T17:49:12+00:00,2018-10-02T21:02:14+00:00,7.91562,6.637,,28414,ev_0468
time series data/caltech/California_Garage_01/2-39-125-21-2018-10-30T12-53-03-329135.csv.gz,caltech,California_Garage_01,2018-10-30T12:53:03+00:00,2018-10-30T17:49:33+00:00,32.14993,7.12,,50693,ev_0469
time series data/caltech/California_Garage_01/2-39-129-17-2018-07-14T00-23-54-680237.csv.gz,caltech,California_Garage_01,2018-07-14T00:23:56+00:00,2018-07-14T02:12:51+00:00,11.1355,6.999,,20432,ev_0470
time series data/caltech/California_Garage_01/2-39-131-30-2019-12-18T01-54-49-633626.csv.gz,caltech,California_Garage_01,2019-12-18T01:54:53+00:00,2019-12-18T14:18:06+00:00,16.04801,3.602,32.0,77346,ev_0471
time series data/caltech/S_Wilson_Garage_01/2-105-277-1697-2020-09-14T17-18-44-129055.csv.gz,caltech,S_Wilson_Garage_01,2020-09-14T17:18:45+00:00,2020-09-14T18:31:00+00:00,2.06442,3.268,32.0,11196,ev_0472
time series data/caltech/California_Garage_02/2-6-3-1362-2020-06-18T20-13-54-983753.csv.gz,caltech,California_Garage_02,2020-06-18T20:13:55+00:00,2020-06-18T21:48:56+00:00,8.87561,6.74045,0.0,19788,ev_0473
time series data/caltech/California_Garage_01/2-39-123-557-2018-05-13T01-56-51-710886.csv.gz,caltech,California_Garage_01,2018-05-13T01:56:55+00:00,2018-05-13T03:06:00+00:00,7.51738,6.851,,12706,ev_0474
time series data/caltech/California_Garage_01/2-39-127-19-2019-04-20T03-51-54-682148.csv.gz,caltech,California_Garage_01,2019-04-20T03:51:59+00:00,2019-04-20T06:26:24+00:00,9.15666,3.619,32.0,28444,ev_0475
time series data/caltech/California_Garage_01/2-39-128-18-2019-01-17T01-42-20-763533.csv.gz,caltech,California_Garage_01,2019-01-17T01:42:24+00:00,2019-01-17T05:55:24+00:00,12.49902,6.407,32.0,32407,ev_0476
time series data/caltech/California_Garage_01/2-39-79-381-2018-10-06T18-47-50-441922.csv.gz,caltech,California_Garage_01,2018-10-06T18:47:50+00:00,2018-10-07T01:19:32+00:00,1.88106,3.479,,25012,ev_0477
time series data/caltech/California_Garage_01/2-39-79-383-2018-11-28T15-49-52-423434.csv.gz,caltech,California_Garage_01,2018-11-28T15:49:52+00:00,2018-11-29T00:13:33+00:00,6.79131,5.185,25.0,44246,ev_0478
time series data/caltech/California_Garage_02/2-6-3-1358-2019-02-25T16-17-20-754880.csv.gz,caltech,California_Garage_02,2019-02-25T16:17:21+00:00,2019-02-25T18:00:53+00:00,3.58101,10.09778,0.0,11732,ev_0479
time series data/caltech/California_Garage_02/2-6-3-1359-2019-11-15T14-58-12-908729.csv.gz,caltech,California_Garage_02,2019-11-15T14:58:16+00:00,2019-11-16T00:21:23+00:00,19.12807,6.07693,0.0,61649,ev_0480
time series data/caltech/California_Garage_01/2-39-79-376-2018-08-22T14-21-45-881029.csv.gz,caltech,California_Garage_01,2018-08-22T14:21:49+00:00,2018-08-23T01:45:52+00:00,13.2049,3.495,,68994,ev_0481
time series data/caltech/California_Garage_01/2-39-125-21-2018-10-12T22-07-25-147468.csv.gz,caltech,California_Garage_01,2018-10-12T22:07:25+00:00,2018-10-13T04:58:27+00:00,9.5186,6.514,,36219,ev_0482
time series data/caltech/California_Garage_02/2-6-3-1367-2019-03-08T14-35-18-852457.csv.gz,caltech,California_Garage_02,2019-03-08T14:35:20+00:00,2019-03-08T19:55:36+00:00,18.8188,6.27203,0.0,45987,ev_0483
time series data/caltech/California_Garage_02/2-6-3-1630-2019-06-13T17-31-24-436346.csv.gz,caltech,California_Garage_02,2019-06-13T17:31:26+00:00,2019-06-13T19:46:13+00:00,26.67623,16.65768,80.0,12183,ev_0484
time series data/caltech/S_Wilson_Garage_01/2-105-277-1697-2020-02-03T16-04-09-479678.csv.gz,caltech,S_Wilson_Garage_01,2020-02-03T16:04:09+00:00,2020-02-04T01:07:38+00:00,11.75409,6.196,32.0,42880,ev_0485
time series data/caltech/California_Garage_02/2-6-3-1629-2020-11-24T22-04-35-130808.csv.gz,caltech,California_Garage_02,2020-11-24T22:04:35+00:00,2020-11-24T22:57:23+00:00,9.5099,11.25993,72.0,3632,ev_0486
time series data/caltech/California_Garage_01/2-39-79-377-2019-10-20T17-58-22-451042.csv.gz,caltech,California_Garage_01,2019-10-20T17:58:22+00:00,2019-10-21T01:23:32+00:00,17.36716,6.969,32.0,46900,ev_0487
time series data/caltech/California_Garage_01/2-39-95-444-2018-10-29T15-38-56-199060.csv.gz,caltech,California_Garage_01,2018-10-29T15:38:56+00:00,2018-10-29T21:24:12+00:00,2.14589,3.464,,23280,ev_0488
time series data/caltech/California_Garage_02/2-6-3-1357-2019-12-29T06-08-46-956821.csv.gz,caltech,California_Garage_02,2019-12-29T06:08:47+00:00,2019-12-29T19:13:25+00:00,26.62691,6.62334,0.0,78137,ev_0489
time series data/caltech/N_Wilson_Garage_01/2-137-521-3845-2020-09-24T19-45-35-387421.csv.gz,caltech,N_Wilson_Garage_01,2020-09-24T19:45:36.235331+00:00,2020-09-24T21:07:47.468198+00:00,44.985,45.0993,125.0,7770,ev_0490
time series data/caltech/California_Garage_02/2-6-3-1357-2019-01-15T21-48-41-437993.csv.gz,caltech,California_Garage_02,2019-01-15T21:48:41+00:00,2019-01-15T23:11:41+00:00,3.73543,10.04578,0.0,8406,ev_0491
time series data/caltech/California_Garage_01/2-39-127-19-2019-05-10T16-32-19-081504.csv.gz,caltech,California_Garage_01,2019-05-10T16:32:19+00:00,2019-05-11T04:48:02+00:00,5.68758,3.642,32.0,56239,ev_0492
time series data/caltech/California_Garage_01/2-39-92-436-2019-10-31T16-27-44-074981.csv.gz,caltech,California_Garage_01,2019-10-31T16:27:47+00:00,2019-10-31T23:12:34+00:00,1.76087,3.549,32.0,32052,ev_0493
time series data/caltech/California_Garage_01/2-39-78-362-2019-11-11T16-37-50-740930.csv.gz,caltech,California_Garage_01,2019-11-11T16:37:51+00:00,2019-11-11T18:31:32+00:00,6.06179,5.06272,0.0,23540,ev_0494
time series data/jpl/Arroyo_Garage_01/1-1-194-826-2020-11-10T13-44-35-096233.csv.gz,jpl,Arroyo_Garage_01,2020-11-10T13:44:38+00:00,2020-11-10T21:03:02+00:00,23.62948,6.498,32.0,69896,ev_0495
time series data/caltech/California_Garage_01/2-39-81-4550-2020-09-13T16-26-30-156660.csv.gz,caltech,California_Garage_01,2020-09-13T16:26:31.393821+00:00,2020-09-13T16:28:56.161261+00:00,0.345,16.8041,125.0,367,ev_0496
time series data/caltech/California_Garage_02/2-6-3-1632-2020-02-08T18-51-08-795131.csv.gz,caltech,California_Garage_02,2020-02-08T18:51:14+00:00,2020-02-08T20:28:31+00:00,8.55389,10.85728,80.0,17145,ev_0497
time series data/caltech/S_Wilson_Garage_01/2-105-277-1698-2019-07-07T23-19-37-498677.csv.gz,caltech,S_Wilson_Garage_01,2019-07-07T23:19:40+00:00,2019-07-08T03:00:17+00:00,11.65851,3.431,32.0,39368,ev_0498
time series data/caltech/California_Garage_01/2-39-78-364-2019-01-18T20-36-09-690805.csv.gz,caltech,California_Garage_01,2019-01-18T20:36:12+00:00,2019-01-19T00:07:27+00:00,5.07524,3.33445,0.0,40171,ev_0499
time series data/caltech/California_Garage_02/2-6-3-1628-2019-05-14T00-59-26-171164.csv.gz,caltech,California_Garage_02,2019-05-14T00:59:28+00:00,2019-05-14T04:12:54+00:00,26.67692,11.03064,80.0,17655,ev_0500
time series data/caltech/California_Garage_01/2-39-95-444-2019-05-23T17-09-08-001476.csv.gz,caltech,California_Garage_01,2019-05-23T17:09:11+00:00,2019-05-24T00:42:07+00:00,12.21919,6.569,32.0,43131,ev_0501
time series data/caltech/California_Garage_01/2-39-123-23-2018-10-02T03-26-48-626020.csv.gz,caltech,California_Garage_01,2018-10-02T03:26:52+00:00,2018-10-02T03:29:11+00:00,0.23477,6.765,,653,ev_0502
time series data/caltech/California_Garage_01/2-39-130-31-2018-07-26T04-19-49-625599.csv.gz,caltech,California_Garage_01,2018-07-26T04:19:53+00:00,2018-07-26T06:17:35+00:00,13.12342,7.037,,21382,ev_0503
time series data/caltech/California_Garage_01/2-39-79-380-2018-09-22T14-28-34-752409.csv.gz,caltech,California_Garage_01,2018-09-22T14:28:38+00:00,2018-09-22T18:27:15+00:00,10.86141,3.622,,35635,ev_0504
time series data/caltech/California_Garage_01/2-39-89-25-2018-11-01T15-34-44-539803.csv.gz,caltech,California_Garage_01,2018-11-01T15:34:48+00:00,2018-11-02T00:23:00+00:00,1.85358,2.33,,32226,ev_0505
time series data/caltech/California_Garage_01/2-39-124-558-2018-09-04T15-56-08-583686.csv.gz,caltech,California_Garage_01,2018-09-04T15:56:12+00:00,2018-09-05T00:40:47+00:00,5.87994,3.332,,43556,ev_0506
time series data/caltech/California_Garage_02/2-6-3-1365-2019-06-12T01-34-04-196057.csv.gz,caltech,California_Garage_02,2019-06-12T01:34:23+00:00,2019-06-12T02:39:51+00:00,3.61857,3.37022,0.0,7753,ev_0507
time series data/office_01/Parking_Lot_01/19-102-260-1639-2020-02-27T18-42-39-579700.csv.gz,office_01,Parking_Lot_01,2020-02-27T18:42:43+00:00,2020-02-28T01:38:36+00:00,29.96567,6.502,32.0,73960,ev_0508
time series data/caltech/California_Garage_01/2-39-129-17-2018-06-06T23-42-21-492428.csv.gz,caltech,California_Garage_01,2018-06-06T23:42:21+00:00,2018-06-07T01:12:24+00:00,9.29734,6.969,,17210,ev_0509
time series data/caltech/California_Garage_01/2-39-89-25-2020-02-10T17-02-21-409431.csv.gz,caltech,California_Garage_01,2020-02-10T19:21:27+00:00,2020-02-11T05:03:22+00:00,4.44118,0.0,27.0,35013,ev_0510
time series data/caltech/California_Garage_01/2-39-123-23-2019-10-10T16-35-26-190308.csv.gz,caltech,California_Garage_01,2019-10-10T16:35:26+00:00,2019-10-10T23:07:24+00:00,5.2898,6.908,32.0,33074,ev_0511
time series data/caltech/California_Garage_01/2-39-78-360-2020-01-21T16-48-52-073627.csv.gz,caltech,California_Garage_01,2020-01-21T16:59:13+00:00,2020-01-21T17:13:49+00:00,2.57214,6.81117,0.0,3284,ev_0512
time series data/caltech/California_Garage_02/2-6-3-1364-2020-01-07T15-08-03-274919.csv.gz,caltech,California_Garage_02,2020-01-07T15:08:03+00:00,2020-01-08T02:52:10+00:00,12.10939,3.38312,0.0,63280,ev_0513
time series data/caltech/California_Garage_01/2-39-138-29-2019-10-03T12-38-50-256419.csv.gz,caltech,California_Garage_01,2019-10-03T12:38:50+00:00,2019-10-03T14:51:30+00:00,3.40034,3.609,32.0,17577,ev_0514
time series data/caltech/California_Garage_01/2-39-90-26-2019-06-03T17-07-23-406524.csv.gz,caltech,California_Garage_01,2019-06-03T17:07:23+00:00,2019-06-04T00:08:43+00:00,7.25496,6.541,32.0,45147,ev_0515
time series data/caltech/California_Garage_02/2-6-3-1363-2019-06-14T15-55-22-180209.csv.gz,caltech,California_Garage_02,2019-06-14T15:55:26+00:00,2019-06-15T00:59:06+00:00,47.88865,10.25398,0.0,40633,ev_0516
time series data/office_01/Parking_Lot_01/19-102-260-1640-2020-03-12T21-55-17-655344.csv.gz,office_01,Parking_Lot_01,2020-03-12T21:55:18+00:00,2020-03-12T21:55:27+00:00,0.01322,1.401,8.0,221,ev_0517
time series data/jpl/Arroyo_Garage_01/1-1-193-829-2020-10-16T13-13-40-660100.csv.gz,jpl,Arroyo_Garage_01,2020-10-16T13:13:44+00:00,2020-10-16T21:39:55+00:00,28.19517,6.422,32.0,89621,ev_0518
time series data/caltech/S_Wilson_Garage_01/2-105-277-1696-2019-12-10T18-01-18-254248.csv.gz,caltech,S_Wilson_Garage_01,2019-12-10T18:01:18+00:00,2019-12-11T05:13:54+00:00,1.52678,2.33,20.0,43558,ev_0519
time series data/caltech/California_Garage_01/2-39-90-440-2019-01-11T18-52-46-919925.csv.gz,caltech,California_Garage_01,2019-01-11T18:52:50+00:00,2019-01-12T01:10:48+00:00,3.81802,6.555,32.0,40354,ev_0520
time series data/caltech/California_Garage_01/2-39-139-28-2018-12-15T21-58-55-816445.csv.gz,caltech,California_Garage_01,2018-12-15T21:58:59+00:00,2018-12-16T05:12:56+00:00,11.93034,3.627,32.0,54424,ev_0521
time series data/caltech/S_Wilson_Garage_01/2-105-277-1697-2020-01-07T19-33-15-892987.csv.gz,caltech,S_Wilson_Garage_01,2020-01-07T19:33:19+00:00,2020-01-08T02:23:56+00:00,0.37187,1.477,8.0,25241,ev_0522
time series data/caltech/California_Garage_01/2-39-88-24-2018-07-18T18-31-23-401972.csv.gz,caltech,California_Garage_01,2018-07-18T18:31:23+00:00,2018-07-18T23:58:47+00:00,20.40104,6.416,,44914,ev_0523
time series data/jpl/Arroyo_Garage_01/1-1-179-800-2020-07-10T16-24-53-883007.csv.gz,jpl,Arroyo_Garage_01,2020-07-10T16:24:57+00:00,2020-07-10T19:15:15+00:00,9.22317,5.975,32.0,27981,ev_0524
time series data/caltech/N_Wilson_Garage_01/2-137-440-2995-2020-03-17T13-46-44-017223.csv.gz,caltech,N_Wilson_Garage_01,2020-03-17T13:46:47+00:00,2020-03-17T22:32:42+00:00,14.97549,3.454,32.0,62720,ev_0525
time series data/caltech/California_Garage_01/2-39-95-27-2018-11-06T03-21-48-718078.csv.gz,caltech,California_Garage_01,2018-11-06T03:21:52+00:00,2018-11-06T03:22:53+00:00,0.02648,1.763,8.0,407,ev_0526
time series data/caltech/California_Garage_02/2-6-3-1631-2019-04-09T12-07-59-723299.csv.gz,caltech,California_Garage_02,2019-04-09T12:08:03+00:00,2019-04-09T12:30:31+00:00,6.3403,17.73212,80.0,1400,ev_0527
time series data/caltech/California_Garage_01/2-39-125-21-2018-09-26T03-00-14-604450.csv.gz,caltech,California_Garage_01,2018-09-26T03:00:18+00:00,2018-09-26T05:25:04+00:00,12.2394,6.884,,22309,ev_0528
time series data/caltech/California_Garage_01/2-39-124-558-2018-11-19T16-30-04-529303.csv.gz,caltech,California_Garage_01,2018-11-19T16:30:08+00:00,2018-11-20T01:12:53+00:00,4.22075,3.572,32.0,44018,ev_0529
time series data/jpl/Arroyo_Garage_01/1-1-178-817-2020-12-01T15-13-33-492486.csv.gz,jpl,Arroyo_Garage_01,2020-12-01T15:13:33+00:00,2020-12-02T00:39:30+00:00,27.80376,6.336,31.0,86069,ev_0530
time series data/caltech/California_Garage_01/2-39-92-442-2019-02-17T02-59-00-107625.csv.gz,caltech,California_Garage_01,2019-02-17T02:59:00+00:00,2019-02-17T03:30:15+00:00,0.97777,1.968,8.0,6311,ev_0531
time series data/caltech/California_Garage_02/2-6-3-1630-2019-10-13T22-15-26-829642.csv.gz,caltech,California_Garage_02,2019-10-13T22:15:28+00:00,2019-10-14T00:32:08+00:00,26.65387,18.5261,80.0,32727,ev_0532
time series data/office_01/Parking_Lot_01/19-102-260-1634-2019-08-07T16-50-38-226727.csv.gz,office_01,Parking_Lot_01,2019-08-07T16:50:38+00:00,2019-08-07T22:33:05+00:00,20.78889,6.639,32.0,47552,ev_0533
time series data/caltech/California_Garage_01/2-39-88-24-2019-10-22T21-21-57-835253.csv.gz,caltech,California_Garage_01,2019-10-22T21:22:01+00:00,2019-10-23T00:27:53+00:00,8.4677,6.613,32.0,29885,ev_0534
time series data/caltech/California_Garage_02/2-6-3-1357-2019-04-29T07-55-11-410269.csv.gz,caltech,California_Garage_02,2019-04-29T07:55:13+00:00,2019-04-29T09:24:08+00:00,4.8113,3.31822,0.0,9477,ev_0535
time series data/caltech/N_Wilson_Garage_01/2-137-440-2980-2020-10-02T03-26-18-171124.csv.gz,caltech,N_Wilson_Garage_01,2020-10-02T03:26:21+00:00,2020-10-02T05:31:21+00:00,12.89302,6.626,320.0,23784,ev_0536
time series data/caltech/California_Garage_01/2-39-78-360-2019-05-30T17-54-24-041844.csv.gz,caltech,California_Garage_01,2019-05-30T17:54:24+00:00,2019-05-31T00:21:01+00:00,10.90532,3.53766,0.0,57868,ev_0537
time series data/caltech/California_Garage_02/2-6-3-1365-2019-09-05T01-41-24-210394.csv.gz,caltech,California_Garage_02,2019-09-05T01:41:25+00:00,2019-09-05T03:09:16+00:00,9.72749,6.79245,0.0,17851,ev_0538
time series data/caltech/California_Garage_01/2-39-138-29-2018-07-05T14-34-14-740052.csv.gz,caltech,California_Garage_01,2018-07-05T14:34:18+00:00,2018-07-06T01:10:52+00:00,3.11188,3.576,,39868,ev_0539
time series data/caltech/California_Garage_02/2-6-3-1624-2019-09-24T02-42-56-551101.csv.gz,caltech,California_Garage_02,2019-09-24T02:42:58+00:00,2019-09-24T04:01:54+00:00,14.18261,11.15148,80.0,23153,ev_0540
time series data/caltech/California_Garage_01/2-39-78-363-2019-11-07T18-38-34-359163.csv.gz,caltech,California_Garage_01,2019-11-07T18:38:34+00:00,2019-11-07T19:31:52+00:00,0.92729,1.85016,0.0,7708,ev_0541
time series data/caltech/California_Garage_01/2-39-95-444-2018-11-28T17-06-36-965671.csv.gz,caltech,California_Garage_01,2018-11-28T17:06:37+00:00,2018-11-29T02:11:09+00:00,11.87813,3.668,32.0,59938,ev_0542
time series data/caltech/S_Wilson_Garage_01/2-105-277-1696-2020-10-05T15-07-29-443175.csv.gz,caltech,S_Wilson_Garage_01,2020-10-05T15:08:26+00:00,2020-10-05T23:44:48+00:00,44.23306,6.581,32.0,85465,ev_0543
time series data/caltech/California_Garage_01/2-39-124-558-2020-01-13T16-44-19-002518.csv.gz,caltech,California_Garage_01,2020-01-13T16:44:22+00:00,2020-01-14T04:12:38+00:00,8.28987,3.37,32.0,69506,ev_0544
time series data/caltech/California_Garage_02/2-6-3-1356-2019-06-06T00-49-53-460835.csv.gz,caltech,California_Garage_02,2019-06-06T00:49:57+00:00,2019-06-06T01:53:48+00:00,7.08195,6.84466,0.0,8738,ev_0545
time series data/caltech/California_Garage_02/2-6-3-1630-2019-09-21T19-20-24-960831.csv.gz,caltech,California_Garage_02,2019-09-21T19:20:27+00:00,2019-09-21T21:52:36+00:00,26.69732,11.10375,80.0,38896,ev_0546
time series data/jpl/Arroyo_Garage_01/1-1-193-819-2020-09-25T15-50-43-414321.csv.gz,jpl,Arroyo_Garage_01,2020-09-25T15:50:43+00:00,2020-09-25T22:57:53+00:00,9.53185,3.37,32.0,45921,ev_0547
time series data/caltech/California_Garage_02/2-6-3-1624-2019-07-03T20-49-10-201849.csv.gz,caltech,California_Garage_02,2019-07-03T20:49:14+00:00,2019-07-03T23:58:39+00:00,2.11761,7.30884,80.0,7408,ev_0548
time series data/caltech/California_Garage_01/2-39-79-382-2019-05-20T15-12-26-638140.csv.gz,caltech,California_Garage_01,2019-05-20T15:12:30+00:00,2019-05-21T00:31:02+00:00,10.25531,3.593,32.0,60090,ev_0549
time series data/jpl/Arroyo_Garage_01/1-1-194-822-2020-06-25T16-35-12-360770.csv.gz,jpl,Arroyo_Garage_01,2020-06-25T16:35:38+00:00,2020-06-25T18:55:55+00:00,6.72841,3.313,32.0,25149,ev_0550
time series data/caltech/California_Garage_02/2-6-3-1363-2020-10-29T04-14-07-715580.csv.gz,caltech,California_Garage_02,2020-10-29T04:14:10+00:00,2020-10-29T09:13:24+00:00,26.48316,6.57134,0.0,50434,ev_0551
time series data/jpl/Arroyo_Garage_01/1-1-193-827-2020-11-03T13-40-56-907750.csv.gz,jpl,Arroyo_Garage_01,2020-11-03T13:41:00+00:00,2020-11-03T18:22:38+00:00,7.48021,3.217,32.0,38367,ev_0552
time series data/caltech/California_Garage_01/2-39-79-378-2020-01-28T16-58-41-576319.csv.gz,caltech,California_Garage_01,2020-01-28T16:58:45+00:00,2020-01-29T01:36:57+00:00,6.21206,3.508,32.0,55803,ev_0553
time series data/caltech/California_Garage_02/2-6-3-1632-2020-06-06T21-55-06-706292.csv.gz,caltech,California_Garage_02,2020-06-06T21:55:08+00:00,2020-06-06T23:21:56+00:00,14.47884,11.0334,76.0,22623,ev_0554
time series data/caltech/California_Garage_01/2-39-90-440-2019-12-13T22-33-12-477191.csv.gz,caltech,California_Garage_01,2019-12-13T22:33:12+00:00,2019-12-13T22:33:19+00:00,0.00137,1.392,8.0,229,ev_0555
time series data/caltech/California_Garage_01/2-39-92-442-2018-05-18T20-31-11-907785.csv.gz,caltech,California_Garage_01,2018-05-18T20:31:16+00:00,2018-05-19T02:12:00+00:00,1.51709,3.331,,22821,ev_0556
time series data/caltech/California_Garage_01/2-39-78-363-2019-06-11T17-54-29-486105.csv.gz,caltech,California_Garage_01,2019-06-11T17:54:29+00:00,2019-06-11T19:54:54+00:00,5.0709,3.52747,0.0,23614,ev_0557
time series data/caltech/California_Garage_01/2-39-79-377-2019-07-10T19-08-25-389031.csv.gz,caltech,California_Garage_01,2019-07-10T19:08:25+00:00,2019-07-11T01:04:49+00:00,3.13904,6.92,32.0,34069,ev_0558
time series data/caltech/California_Garage_01/2-39-123-557-2019-11-12T18-06-51-793546.csv.gz,caltech,California_Garage_01,2019-11-12T18:06:55+00:00,2019-11-13T00:58:24+00:00,9.89805,3.386,32.0,48242,ev_0559
time series data/caltech/California_Garage_01/2-39-124-22-2018-05-17T16-59-58-640934.csv.gz,caltech,California_Garage_01,2018-05-17T17:00:02+00:00,2018-05-17T17:47:16+00:00,1.32797,3.3,,8150,ev_0560
time series data/caltech/California_Garage_02/2-6-3-1367-2019-08-30T03-51-24-395153.csv.gz,caltech,California_Garage_02,2019-08-30T03:51:24+00:00,2019-08-30T04:16:38+00:00,1.6357,6.48024,0.0,6900,ev_0561
time series data/caltech/California_Garage_01/2-39-127-19-2018-10-19T21-47-22-568131.csv.gz,caltech,California_Garage_01,2018-10-19T21:47:26+00:00,2018-10-19T23:07:54+00:00,0.3454,5.805,,8078,ev_0562
time series data/caltech/California_Garage_01/2-39-78-363-2020-01-28T17-26-31-801313.csv.gz,caltech,California_Garage_01,2020-01-28T17:26:32+00:00,2020-01-28T17:28:12+00:00,0.04478,1.83997,0.0,563,ev_0563
time series data/caltech/California_Garage_01/2-39-130-31-2019-06-14T19-57-44-969288.csv.gz,caltech,California_Garage_01,2019-06-14T19:57:47+00:00,2019-06-14T21:31:10+00:00,0.97363,1.919,8.0,10043,ev_0564
time series data/caltech/California_Garage_01/2-39-79-383-2019-08-02T15-16-00-069280.csv.gz,caltech,California_Garage_01,2019-08-02T15:16:04+00:00,2019-08-02T15:20:08+00:00,0.10713,1.726,8.0,1066,ev_0565
time series data/caltech/N_Wilson_Garage_01/2-137-521-3843-2020-05-23T21-02-31-342625.csv.gz,caltech,N_Wilson_Garage_01,2020-05-23T21:02:31.342625+00:00,2020-05-23T21:02:34.431403+00:00,13.738,45.3713,125.0,1971,ev_0566
time series data/caltech/California_Garage_01/2-39-138-29-2019-02-02T02-03-08-936530.csv.gz,caltech,California_Garage_01,2019-02-02T02:03:12+00:00,2019-02-02T03:56:23+00:00,7.52569,7.08,32.0,15801,ev_0567
time series data/caltech/California_Garage_02/2-6-3-1358-2018-12-17T04-47-24-236425.csv.gz,caltech,California_Garage_02,2018-12-17T04:47:24+00:00,2018-12-17T05:50:59+00:00,6.72,6.53224,0.0,11048,ev_0568
time series data/caltech/California_Garage_01/2-39-95-444-2018-11-07T15-02-59-532377.csv.gz,caltech,California_Garage_01,2018-11-07T15:03:03+00:00,2018-11-08T00:29:05+00:00,19.82868,6.595,32.0,61473,ev_0569
time series data/caltech/California_Garage_01/2-39-78-362-2018-09-12T00-03-03-184996.csv.gz,caltech,California_Garage_01,2018-09-12T00:03:03+00:00,2018-09-12T23:31:56+00:00,13.20014,6.82136,,100625,ev_0570
time series data/caltech/California_Garage_02/2-6-3-1627-2019-12-28T00-41-01-779699.csv.gz,caltech,California_Garage_02,2019-12-28T00:41:04+00:00,2019-12-28T04:15:14+00:00,26.72309,11.02275,80.0,46736,ev_0571
time series data/jpl/Arroyo_Garage_01/1-1-194-821-2020-07-24T15-28-04-506082.csv.gz,jpl,Arroyo_Garage_01,2020-07-24T15:28:08+00:00,2020-07-25T00:24:55+00:00,4.73828,2.6,13.0,51779,ev_0572
time series data/caltech/California_Garage_01/2-39-125-21-2018-10-27T18-08-22-270242.csv.gz,caltech,California_Garage_01,2018-10-27T18:08:22+00:00,2018-10-27T18:22:05+00:00,1.37037,6.831,,2887,ev_0573
time series data/caltech/California_Garage_01/2-39-95-444-2019-05-14T16-17-56-240835.csv.gz,caltech,California_Garage_01,2019-05-14T16:17:56+00:00,2019-05-15T01:15:42+00:00,11.06475,6.446,32.0,42613,ev_0574
time series data/caltech/California_Garage_01/2-39-95-27-2018-06-18T13-57-39-477306.csv.gz,caltech,California_Garage_01,2018-06-18T13:57:39+00:00,2018-06-19T00:28:30+00:00,9.8186,3.661,,55546,ev_0575
time series data/jpl/Arroyo_Garage_01/1-1-194-826-2020-10-29T12-29-34-176189.csv.gz,jpl,Arroyo_Garage_01,2020-10-29T12:29:38+00:00,2020-10-29T20:16:44+00:00,29.59462,6.609,32.0,81553,ev_0576
time series data/caltech/California_Garage_01/2-39-79-376-2019-07-25T18-02-53-456470.csv.gz,caltech,California_Garage_01,2019-07-25T18:02:53+00:00,2019-07-26T01:10:23+00:00,12.76334,7.017,32.0,56115,ev_0577
time series data/caltech/California_Garage_02/2-6-3-1631-2020-02-25T19-45-27-024265.csv.gz,caltech,California_Garage_02,2020-02-25T19:45:31+00:00,2020-02-26T05:00:10+00:00,26.66405,10.7228,80.0,45620,ev_0578
time series data/caltech/S_Wilson_Garage_01/2-105-277-1697-2019-07-01T16-33-31-029383.csv.gz,caltech,S_Wilson_Garage_01,2019-07-01T16:33:45+00:00,2019-07-02T02:41:21+00:00,2.79368,2.335,31.0,46121,ev_0579
time series data/caltech/California_Garage_01/2-39-130-31-2019-07-02T15-56-37-881639.csv.gz,caltech,California_Garage_01,2019-07-02T15:56:41+00:00,2019-07-03T00:43:32+00:00,2.13114,3.563,32.0,39054,ev_0580
time series data/caltech/California_Garage_01/2-39-79-377-2018-06-26T00-58-43-349395.csv.gz,caltech,California_Garage_01,2018-06-26T00:58:43+00:00,2018-06-26T05:12:14+00:00,12.45321,3.573,,45265,ev_0581
time series data/caltech/S_Wilson_Garage_01/2-105-277-1698-2019-10-08T17-19-11-620834.csv.gz,caltech,S_Wilson_Garage_01,2019-10-08T17:19:15+00:00,2019-10-08T19:52:52+00:00,10.88381,6.509,32.0,25523,ev_0582
time series data/caltech/N_Wilson_Garage_01/2-137-521-3842-2020-10-14T18-13-19-584491.csv.gz,caltech,N_Wilson_Garage_01,2020-10-14T18:13:24.753694+00:00,2020-10-15T00:21:56.247802+00:00,26.813,47.0909,125.0,30397,ev_0583
time series data/caltech/California_Garage_01/2-39-138-29-2018-06-14T01-49-51-132813.csv.gz,caltech,California_Garage_01,2018-06-14T01:49:51+00:00,2018-06-14T04:07:20+00:00,4.15706,6.784,,19387,ev_0584
time series data/caltech/California_Garage_01/2-39-95-27-2019-03-30T19-57-38-670354.csv.gz,caltech,California_Garage_01,2019-03-30T19:57:42+00:00,2019-04-01T02:39:44+00:00,38.28451,6.984,32.0,154314,ev_0585
time series data/caltech/California_Garage_02/2-6-3-1358-2019-02-03T21-10-21-754115.csv.gz,caltech,California_Garage_02,2019-02-03T21:10:23+00:00,2019-02-03T22:09:42+00:00,3.26884,3.38312,0.0,10627,ev_0586
time series data/caltech/California_Garage_01/2-39-78-360-2019-08-28T16-08-48-017300.csv.gz,caltech,California_Garage_01,2019-08-28T16:08:50+00:00,2019-08-29T00:18:43+00:00,8.8619,3.58862,0.0,63077,ev_0587
time series data/caltech/California_Garage_01/2-39-78-360-2019-12-12T17-45-07-686217.csv.gz,caltech,California_Garage_01,2019-12-12T17:45:09+00:00,2019-12-13T03:08:55+00:00,11.36729,6.80098,0.0,53373,ev_0588
time series data/caltech/California_Garage_01/2-39-79-380-2020-01-03T16-19-09-581564.csv.gz,caltech,California_Garage_01,2020-01-03T16:19:13+00:00,2020-01-03T18:08:03+00:00,0.84062,1.739,8.0,10529,ev_0589
time series data/caltech/California_Garage_01/2-39-129-17-2019-11-05T03-06-10-191927.csv.gz,caltech,California_Garage_01,2019-11-05T03:06:10+00:00,2019-11-05T05:08:23+00:00,0.89358,1.871,8.0,11648,ev_0590
time series data/caltech/California_Garage_01/2-39-79-379-2019-04-28T19-47-33-219647.csv.gz,caltech,California_Garage_01,2019-04-28T19:47:33+00:00,2019-04-29T02:24:02+00:00,4.48522,3.566,31.0,52285,ev_0591
time series data/caltech/California_Garage_01/2-39-88-438-2018-10-12T15-51-03-089606.csv.gz,caltech,California_Garage_01,2018-10-12T15:51:03+00:00,2018-10-13T00:44:49+00:00,6.41348,5.898,,46220,ev_0592
time series data/caltech/California_Garage_01/2-39-127-19-2018-06-22T23-18-52-497683.csv.gz,caltech,California_Garage_01,2018-06-22T23:18:52+00:00,2018-06-22T23:29:42+00:00,0.99768,6.866,,2336,ev_0593
time series data/caltech/California_Garage_01/2-39-131-30-2019-02-23T20-55-41-090860.csv.gz,caltech,California_Garage_01,2019-02-23T20:55:41+00:00,2019-02-24T00:17:38+00:00,8.43628,3.627,32.0,31934,ev_0594
time series data/caltech/N_Wilson_Garage_01/2-137-521-3844-2020-11-14T00-40-01-528883.csv.gz,caltech,N_Wilson_Garage_01,2020-11-14T00:40:15.565325+00:00,2020-11-14T00:53:21.168704+00:00,5.341,47.8803,125.0,1450,ev_0595
time series data/caltech/California_Garage_01/2-39-139-28-2020-04-12T17-03-14-295012.csv.gz,caltech,California_Garage_01,2020-04-12T17:03:14+00:00,2020-04-13T00:22:01+00:00,33.35856,7.122,32.0,67430,ev_0596
time series data/caltech/California_Garage_01/2-39-123-557-2018-05-22T15-23-09-274820.csv.gz,caltech,California_Garage_01,2018-05-22T15:23:09+00:00,2018-05-23T00:13:18+00:00,22.17226,6.994,,92569,ev_0597
time series data/caltech/California_Garage_02/2-6-3-1631-2019-10-20T15-41-37-914575.csv.gz,caltech,California_Garage_02,2019-10-20T15:41:39+00:00,2019-10-20T18:33:18+00:00,19.97192,9.46136,80.0,32909,ev_0598
time series data/caltech/California_Garage_02/2-6-3-1628-2020-04-18T16-54-56-505756.csv.gz,caltech,California_Garage_02,2020-04-18T16:54:59+00:00,2020-04-18T17:13:33+00:00,3.28609,11.31669,80.0,5174,ev_0599
time series data/caltech/N_Wilson_Garage_01/2-137-521-3845-2020-06-29T05-05-09-835841.csv.gz,caltech,N_Wilson_Garage_01,2020-06-29T05:05:09.835841+00:00,2020-06-29T05:32:23.809900+00:00,12.691,40.2499,125.0,2823,ev_0600
time series data/caltech/California_Garage_01/2-39-130-31-2018-12-21T18-07-14-239500.csv.gz,caltech,California_Garage_01,2018-12-21T18:07:14+00:00,2018-12-21T20:15:59+00:00,2.75742,3.6,32.0,19301,ev_0601
time series data/caltech/California_Garage_01/2-39-79-383-2020-01-10T18-03-25-631999.csv.gz,caltech,California_Garage_01,2020-01-10T18:03:29+00:00,2020-01-11T00:29:05+00:00,12.25057,6.26,32.0,40079,ev_0602
time series data/caltech/N_Wilson_Garage_01/2-137-521-3845-2020-10-10T03-12-50-348346.csv.gz,caltech,N_Wilson_Garage_01,2020-10-10T03:12:51.508742+00:00,2020-10-10T03:44:21.884378+00:00,8.425,36.3868,125.0,3203,ev_0603
time series data/caltech/California_Garage_02/2-6-3-1623-2020-05-03T19-04-32-940948.csv.gz,caltech,California_Garage_02,2020-05-03T19:04:35+00:00,2020-05-03T19:30:04+00:00,3.91303,10.7709,79.0,7008,ev_0604
time series data/caltech/California_Garage_01/2-39-78-364-2019-04-22T16-28-55-261183.csv.gz,caltech,California_Garage_01,2019-04-22T16:28:55+00:00,2019-04-22T20:14:08+00:00,0.86433,6.7808,0.0,21644,ev_0605
time series data/caltech/California_Garage_01/2-39-92-436-2018-07-27T15-20-30-346733.csv.gz,caltech,California_Garage_01,2018-07-27T15:20:30+00:00,2018-07-28T00:32:32+00:00,10.40404,6.713,,58533,ev_0606
time series data/caltech/California_Garage_01/2-39-78-363-2018-12-03T18-08-07-971822.csv.gz,caltech,California_Garage_01,2018-12-03T18:08:08+00:00,2018-12-04T03:08:04+00:00,13.02699,3.42597,0.0,75452,ev_0607
time series data/caltech/California_Garage_02/2-6-3-1631-2020-06-13T00-40-59-899680.csv.gz,caltech,California_Garage_02,2020-06-13T00:41:01+00:00,2020-06-13T01:35:45+00:00,7.69148,16.8434,80.0,10665,ev_0608
time series data/caltech/California_Garage_02/2-6-3-1631-2020-02-01T04-38-07-738788.csv.gz,caltech,California_Garage_02,2020-02-01T04:38:08+00:00,2020-02-01T05:34:26+00:00,1.49416,10.73868,80.0,6639,ev_0609
time series data/caltech/California_Garage_01/2-39-128-18-2018-07-30T15-46-04-918643.csv.gz,caltech,California_Garage_01,2018-07-30T15:46:08+00:00,2018-07-30T23:58:16+00:00,7.83506,6.72,,30256,ev_0610
time series data/caltech/California_Garage_01/2-39-129-17-2019-04-25T15-49-41-088498.csv.gz,caltech,California_Garage_01,2019-04-25T15:49:44+00:00,2019-04-26T00:58:37+00:00,4.64348,3.64,32.0,45320,ev_0611
time series data/caltech/California_Garage_02/2-6-3-1632-2020-10-17T17-35-54-468258.csv.gz,caltech,California_Garage_02,2020-10-17T17:35:54+00:00,2020-10-17T18:41:41+00:00,11.75687,10.99616,72.0,4469,ev_0612
time series data/office_01/Parking_Lot_01/19-102-260-1638-2019-08-21T20-22-02-264666.csv.gz,office_01,Parking_Lot_01,2019-08-21T20:22:02+00:00,2019-08-22T02:20:34+00:00,0.6523,3.277,32.0,24531,ev_0613
time series data/caltech/California_Garage_01/2-39-131-30-2018-07-14T05-14-33-300770.csv.gz,caltech,California_Garage_01,2018-07-14T05:14:33+00:00,2018-07-14T06:08:31+00:00,4.61325,5.287,,9371,ev_0614
time series data/caltech/California_Garage_01/2-39-127-19-2018-08-14T16-11-14-822268.csv.gz,caltech,California_Garage_01,2018-08-14T16:11:18+00:00,2018-08-14T21:53:38+00:00,2.60268,3.422,,24268,ev_0615
time series data/caltech/California_Garage_01/2-39-78-361-2018-05-29T15-33-56-243626.csv.gz,caltech,California_Garage_01,2018-05-29T15:33:56+00:00,2018-05-29T16:21:22+00:00,1.68058,3.56824,,8358,ev_0616
time series data/caltech/California_Garage_01/2-39-126-20-2018-07-22T22-53-04-046760.csv.gz,caltech,California_Garage_01,2018-07-22T22:53:04+00:00,2018-07-22T23:05:13+00:00,1.28505,6.922,,2611,ev_0617
time series data/caltech/California_Garage_01/2-39-89-25-2019-01-05T06-38-52-714347.csv.gz,caltech,California_Garage_01,2019-01-05T06:38:56+00:00,2019-01-05T20:31:05+00:00,39.76097,7.144,32.0,101048,ev_0618
time series data/caltech/California_Garage_02/2-6-3-4515-2020-09-12T06-27-35-829671.csv.gz,caltech,California_Garage_02,2020-09-12T06:27:43+00:00,2020-09-12T06:30:39+00:00,0.28956,11.32176,80.0,425,ev_0619
time series data/caltech/California_Garage_01/2-39-91-441-2019-03-28T20-45-42-930497.csv.gz,caltech,California_Garage_01,2019-03-28T20:45:48+00:00,2019-03-28T22:04:44+00:00,4.30521,3.554,32.0,9680,ev_0620
time series data/caltech/S_Wilson_Garage_01/2-105-277-1698-2020-02-27T21-47-50-631283.csv.gz,caltech,S_Wilson_Garage_01,2020-02-27T21:47:54+00:00,2020-02-28T02:19:33+00:00,0.4124,1.64,8.0,17143,ev_0621
time series data/caltech/California_Garage_01/2-39-95-27-2018-08-15T03-18-07-838963.csv.gz,caltech,California_Garage_01,2018-08-15T03:18:11+00:00,2018-08-15T04:39:26+00:00,8.81772,6.82,,14813,ev_0622
time series data/caltech/California_Garage_01/2-39-92-436-2019-07-01T17-16-02-148553.csv.gz,caltech,California_Garage_01,2019-07-01T17:16:02+00:00,2019-07-02T02:14:58+00:00,15.06023,6.859,32.0,53124,ev_0623
time series data/caltech/N_Wilson_Garage_01/2-137-441-3009-2020-06-27T04-31-45-220754.csv.gz,caltech,N_Wilson_Garage_01,2020-06-27T04:31:49+00:00,2020-06-27T21:25:10+00:00,30.54682,6.899,32.0,91854,ev_0624
time series data/caltech/California_Garage_01/2-39-91-437-2020-01-25T16-36-03-069820.csv.gz,caltech,California_Garage_01,2020-01-25T19:57:21+00:00,2020-01-25T20:20:44+00:00,13.19979,3.6,20.0,4522,ev_0625
time series data/caltech/California_Garage_01/2-39-131-30-2018-08-10T15-17-31-488885.csv.gz,caltech,California_Garage_01,2018-08-10T15:17:31+00:00,2018-08-10T17:29:02+00:00,0.45207,2.342,,9307,ev_0626
time series data/jpl/Arroyo_Garage_01/1-1-194-818-2020-10-07T14-58-35-368704.csv.gz,jpl,Arroyo_Garage_01,2020-10-07T14:58:35+00:00,2020-10-07T16:20:48+00:00,2.3981,2.351,14.0,15908,ev_0627
time series data/caltech/California_Garage_02/2-6-3-1627-2019-08-05T19-34-59-145159.csv.gz,caltech,California_Garage_02,2019-08-05T19:34:59+00:00,2019-08-05T22:01:50+00:00,6.03443,10.90575,80.0,17069,ev_0628
time series data/caltech/California_Garage_01/2-39-79-382-2018-08-09T14-49-58-117909.csv.gz,caltech,California_Garage_01,2018-08-09T14:49:58+00:00,2018-08-10T00:34:30+00:00,5.58542,3.446,,41331,ev_0629
time series data/caltech/N_Wilson_Garage_01/2-137-441-3012-2020-01-06T16-36-40-360516.csv.gz,caltech,N_Wilson_Garage_01,2020-01-06T16:36:40+00:00,2020-01-07T01:55:45+00:00,36.38244,6.615,32.0,81368,ev_0630
time series data/caltech/California_Garage_01/2-39-78-365-2018-09-28T10-43-10-692783.csv.gz,caltech,California_Garage_01,2018-09-28T10:43:19+00:00,2018-09-28T13:07:35+00:00,6.03297,3.4971,,22424,ev_0631
time series data/caltech/California_Garage_01/2-39-126-20-2018-09-29T21-03-58-197295.csv.gz,caltech,California_Garage_01,2018-09-29T21:03:58+00:00,2018-09-29T22:39:59+00:00,9.77751,6.967,,17067,ev_0632
time series data/caltech/California_Garage_01/2-39-78-360-2018-07-02T15-09-00-127387.csv.gz,caltech,California_Garage_01,2018-07-02T15:09:00+00:00,2018-07-03T00:08:52+00:00,4.95849,3.53766,,52138,ev_0633
time series data/caltech/California_Garage_01/2-39-131-30-2019-10-05T21-09-40-240190.csv.gz,caltech,California_Garage_01,2019-10-05T21:09:40+00:00,2019-10-05T22:57:18+00:00,0.8722,1.727,8.0,10778,ev_0634
time series data/caltech/California_Garage_01/2-39-127-19-2018-08-19T19-41-34-934013.csv.gz,caltech,California_Garage_01,2018-08-19T19:41:38+00:00,2018-08-19T19:44:43+00:00,0.18429,6.647,,777,ev_0635
time series data/caltech/California_Garage_01/2-39-88-24-2019-09-03T18-57-58-786521.csv.gz,caltech,California_Garage_01,2019-09-03T18:58:02+00:00,2019-09-04T00:05:49+00:00,0.86115,1.716,8.0,22743,ev_0636
time series data/caltech/California_Garage_02/2-6-3-1625-2019-11-17T19-39-45-961729.csv.gz,caltech,California_Garage_02,2019-11-17T19:39:48+00:00,2019-11-18T02:10:11+00:00,62.70207,16.73595,80.0,77543,ev_0637
time series data/caltech/California_Garage_01/2-39-79-376-2019-11-16T17-12-49-410458.csv.gz,caltech,California_Garage_01,2019-11-16T17:12:49+00:00,2019-11-16T20:09:37+00:00,0.77679,2.329,8.0,14558,ev_0638
time series data/caltech/California_Garage_01/2-39-91-441-2018-10-10T00-00-20-338346.csv.gz,caltech,California_Garage_01,2018-10-10T00:00:20+00:00,2018-10-10T01:12:47+00:00,8.15727,6.988,,13773,ev_0639
time series data/caltech/California_Garage_02/2-6-3-1631-2020-10-31T19-06-03-836816.csv.gz,caltech,California_Garage_02,2020-10-31T19:06:30+00:00,2020-10-31T19:48:41+00:00,7.57634,11.2548,72.0,2920,ev_0640
time series data/caltech/California_Garage_01/2-39-129-17-2020-06-18T01-38-18-424678.csv.gz,caltech,California_Garage_01,2020-06-18T01:38:18+00:00,2020-06-18T18:50:14+00:00,52.36842,7.051,32.0,128225,ev_0641
time series data/caltech/California_Garage_02/2-6-3-1623-2019-11-18T19-09-48-933972.csv.gz,caltech,California_Garage_02,2019-11-18T19:09:50+00:00,2019-11-19T04:17:44+00:00,57.6194,16.89936,80.0,94285,ev_0642
time series data/caltech/California_Garage_01/2-39-78-366-2018-07-24T15-49-51-180720.csv.gz,caltech,California_Garage_01,2018-07-24T15:49:51+00:00,2018-07-25T00:33:06+00:00,3.1438,3.47672,,43446,ev_0643
time series data/caltech/California_Garage_01/2-39-125-21-2018-08-19T04-24-49-659772.csv.gz,caltech,California_Garage_01,2018-08-19T04:24:53+00:00,2018-08-19T04:36:03+00:00,1.23241,6.899,,2279,ev_0644
time series data/caltech/California_Garage_01/2-39-91-441-2018-11-14T14-45-04-842651.csv.gz,caltech,California_Garage_01,2018-11-14T14:45:08+00:00,2018-11-14T17:49:07+00:00,14.30558,6.46,32.0,32588,ev_0645
time series data/jpl/Arroyo_Garage_01/1-1-193-825-2020-11-17T14-17-23-811767.csv.gz,jpl,Arroyo_Garage_01,2020-11-17T14:17:27+00:00,2020-11-17T22:18:21+00:00,13.72251,6.032,32.0,59931,ev_0646
time series data/caltech/California_Garage_02/2-6-3-1625-2020-04-27T19-03-31-470648.csv.gz,caltech,California_Garage_02,2020-04-27T19:03:32+00:00,2020-04-27T19:52:11+00:00,7.0611,10.7709,79.0,11915,ev_0647
time series data/caltech/California_Garage_02/2-6-3-1628-2019-11-09T12-25-40-103036.csv.gz,caltech,California_Garage_02,2019-11-09T12:25:40+00:00,2019-11-09T12:52:01+00:00,7.36242,18.26325,80.0,9186,ev_0648
time series data/caltech/California_Garage_01/2-39-79-377-2019-01-14T16-23-40-718424.csv.gz,caltech,California_Garage_01,2019-01-14T16:23:41+00:00,2019-01-15T01:39:26+00:00,39.90233,7.086,32.0,102892,ev_0649
time series data/caltech/California_Garage_01/2-39-79-379-2018-07-05T00-06-57-695272.csv.gz,caltech,California_Garage_01,2018-07-05T00:07:01+00:00,2018-07-05T14:42:46+00:00,6.53853,3.507,,52523,ev_0650
time series data/caltech/N_Wilson_Garage_01/2-137-441-2999-2020-09-01T03-48-50-128311.csv.gz,caltech,N_Wilson_Garage_01,2020-09-01T03:48:54+00:00,2020-09-05T23:52:18+00:00,48.8933,6.826,32.0,488068,ev_0651
time series data/caltech/California_Garage_02/2-6-3-1365-2019-10-16T15-32-49-903352.csv.gz,caltech,California_Garage_02,2019-10-16T15:32:51+00:00,2019-10-17T01:08:41+00:00,7.85823,6.64934,0.0,43771,ev_0652
time series data/caltech/California_Garage_01/2-39-79-380-2020-03-09T15-41-04-871328.csv.gz,caltech,California_Garage_01,2020-03-09T15:41:08+00:00,2020-03-10T01:21:44+00:00,11.63399,6.121,32.0,51545,ev_0653
time series data/caltech/California_Garage_01/2-39-127-19-2019-06-26T00-21-58-973441.csv.gz,caltech,California_Garage_01,2019-06-26T00:22:02+00:00,2019-06-26T01:51:22+00:00,1.41902,3.551,32.0,10749,ev_0654
time series data/caltech/N_Wilson_Garage_01/2-137-440-2980-2019-12-09T14-19-14-769975.csv.gz,caltech,N_Wilson_Garage_01,2019-12-09T14:19:18+00:00,2019-12-09T23:48:42+00:00,10.32144,3.328,32.0,56555,ev_0655
time series data/caltech/California_Garage_01/2-39-129-17-2018-06-02T00-07-45-007766.csv.gz,caltech,California_Garage_01,2018-06-02T00:07:45+00:00,2018-06-02T02:18:23+00:00,5.57616,3.597,,20261,ev_0656
time series data/jpl/Arroyo_Garage_01/1-1-179-815-2020-10-01T16-58-01-309070.csv.gz,jpl,Arroyo_Garage_01,2020-10-01T16:58:15+00:00,2020-10-01T20:21:24+00:00,8.73345,3.374,32.0,38687,ev_0657
time series data/caltech/California_Garage_01/2-39-89-25-2018-08-11T03-37-31-170622.csv.gz,caltech,California_Garage_01,2018-08-11T03:37:31+00:00,2018-08-11T14:48:43+00:00,13.88155,6.603,,45539,ev_0658
time series data/caltech/California_Garage_01/2-39-126-20-2019-12-18T18-50-21-367497.csv.gz,caltech,California_Garage_01,2019-12-18T18:50:21+00:00,2019-12-18T19:42:57+00:00,0.80817,1.585,8.0,7281,ev_0659
time series data/caltech/California_Garage_01/2-39-79-382-2018-10-15T13-53-20-375888.csv.gz,caltech,California_Garage_01,2018-10-15T13:53:20+00:00,2018-10-15T23:10:02+00:00,11.03837,6.341,,60848,ev_0660
time series data/caltech/California_Garage_01/2-39-79-381-2018-08-17T14-25-18-039714.csv.gz,caltech,California_Garage_01,2018-08-17T14:25:18+00:00,2018-08-17T20:56:44+00:00,5.30992,3.414,,32503,ev_0661
time series data/caltech/California_Garage_01/2-39-88-24-2019-09-05T22-57-07-277622.csv.gz,caltech,California_Garage_01,2019-09-05T22:57:07+00:00,2019-09-06T03:07:48+00:00,4.39995,3.332,32.0,29456,ev_0662
time series data/caltech/California_Garage_02/2-6-3-1624-2019-12-12T16-58-38-008691.csv.gz,caltech,California_Garage_02,2019-12-12T16:58:39+00:00,2019-12-13T02:31:39+00:00,8.07018,10.80881,73.0,50605,ev_0663
time series data/office_01/Parking_Lot_01/19-102-260-1637-2019-09-27T18-26-50-248060.csv.gz,office_01,Parking_Lot_01,2019-09-27T18:26:50+00:00,2019-09-27T19:45:23+00:00,8.32933,6.525,32.0,15236,ev_0664
time series data/caltech/California_Garage_02/2-6-3-1364-2020-10-12T15-50-12-629263.csv.gz,caltech,California_Garage_02,2020-10-12T15:50:14+00:00,2020-10-13T00:19:57+00:00,26.6432,6.55824,0.0,66090,ev_0665
time series data/caltech/California_Garage_01/2-39-138-29-2018-08-18T05-22-47-877347.csv.gz,caltech,California_Garage_01,2018-08-18T05:22:51+00:00,2018-08-18T05:35:16+00:00,0.60511,3.499,,2578,ev_0666
time series data/caltech/California_Garage_02/2-6-3-1364-2020-03-02T16-00-33-018351.csv.gz,caltech,California_Garage_02,2020-03-02T19:10:55+00:00,2020-03-03T00:38:44+00:00,4.00289,0.0,0.0,20941,ev_0667
time series data/caltech/California_Garage_01/2-39-89-25-2018-09-02T20-37-20-992489.csv.gz,caltech,California_Garage_01,2018-09-02T20:37:21+00:00,2018-09-03T06:40:36+00:00,13.90289,3.381,,58063,ev_0668
time series data/caltech/California_Garage_01/2-39-79-380-2018-07-20T15-17-28-844729.csv.gz,caltech,California_Garage_01,2018-07-20T15:17:32+00:00,2018-07-20T19:22:02+00:00,3.44632,6.404,,21400,ev_0669
time series data/caltech/California_Garage_02/2-6-3-1632-2019-05-22T15-16-13-891605.csv.gz,caltech,California_Garage_02,2019-05-22T15:16:23+00:00,2019-05-22T15:26:19+00:00,1.24813,11.06398,80.0,1354,ev_0670
time series data/caltech/California_Garage_01/2-39-139-28-2019-02-07T16-50-22-600519.csv.gz,caltech,California_Garage_01,2019-02-07T16:50:27+00:00,2019-02-08T03:10:45+00:00,5.41883,3.307,32.0,53224,ev_0671
time series data/caltech/California_Garage_01/2-39-89-25-2018-12-07T15-54-56-859731.csv.gz,caltech,California_Garage_01,2018-12-07T15:55:00+00:00,2018-12-07T21:24:16+00:00,4.2244,3.446,32.0,32033,ev_0672
time series data/caltech/N_Wilson_Garage_01/2-137-440-2989-2020-02-13T23-07-17-448345.csv.gz,caltech,N_Wilson_Garage_01,2020-02-13T23:07:20+00:00,2020-02-14T02:25:58+00:00,19.09924,6.462,32.0,36320,ev_0673
time series data/caltech/California_Garage_01/2-39-130-31-2018-10-25T23-08-34-039469.csv.gz,caltech,California_Garage_01,2018-10-25T23:08:34+00:00,2018-10-26T00:05:54+00:00,6.33111,6.883,,10943,ev_0674
time series data/caltech/N_Wilson_Garage_01/2-137-441-3010-2020-02-24T16-48-33-634071.csv.gz,caltech,N_Wilson_Garage_01,2020-02-24T16:48:37+00:00,2020-02-24T23:28:57+00:00,7.08588,6.081,32.0,39777,ev_0675
time series data/caltech/California_Garage_01/2-39-127-19-2019-07-20T16-20-57-194008.csv.gz,caltech,California_Garage_01,2019-07-20T16:20:57+00:00,2019-07-20T23:37:03+00:00,23.20093,7.011,32.0,54747,ev_0676
time series data/caltech/California_Garage_01/2-39-78-366-2018-08-08T04-25-44-437659.csv.gz,caltech,California_Garage_01,2018-08-08T04:25:44+00:00,2018-08-08T04:27:36+00:00,0.16926,6.91288,,707,ev_0677
time series data/caltech/California_Garage_01/2-39-78-360-2018-08-26T03-50-47-293109.csv.gz,caltech,California_Garage_01,2018-08-26T03:50:47+00:00,2018-08-27T13:09:56+00:00,13.18578,6.79099,,134999,ev_0678
time series data/caltech/California_Garage_01/2-39-78-362-2018-12-14T19-39-35-934777.csv.gz,caltech,California_Garage_01,2018-12-14T19:39:40+00:00,2018-12-14T21:50:54+00:00,1.05829,1.80939,0.0,13685,ev_0679
time series data/caltech/N_Wilson_Garage_01/2-137-440-3985-2020-07-21T20-25-35-606211.csv.gz,caltech,N_Wilson_Garage_01,2020-07-21T20:25:36+00:00,2020-07-22T01:18:22+00:00,12.33545,10.36892,48.0,10444,ev_0680
time series data/caltech/California_Garage_01/2-39-123-23-2018-06-02T20-06-22-053637.csv.gz,caltech,California_Garage_01,2018-06-02T20:06:22+00:00,2018-06-02T22:19:45+00:00,12.12456,6.561,,24047,ev_0681
time series data/caltech/California_Garage_01/2-39-78-360-2019-10-09T16-28-54-674501.csv.gz,caltech,California_Garage_01,2019-10-09T16:28:56+00:00,2019-10-10T01:24:27+00:00,16.68947,6.83155,0.0,67003,ev_0682
time series data/caltech/California_Garage_01/2-39-89-25-2020-05-11T20-58-05-848503.csv.gz,caltech,California_Garage_01,2020-05-11T20:58:09+00:00,2020-05-11T23:06:13+00:00,0.82556,1.711,8.0,11506,ev_0683
time series data/caltech/California_Garage_01/2-39-78-365-2019-10-09T16-33-10-543623.csv.gz,caltech,California_Garage_01,2019-10-09T16:33:11+00:00,2019-10-09T17:21:24+00:00,0.91806,1.85016,0.0,7515,ev_0684
time series data/caltech/S_Wilson_Garage_01/2-105-277-1696-2019-12-20T00-46-06-798611.csv.gz,caltech,S_Wilson_Garage_01,2019-12-20T00:46:10+00:00,2019-12-20T01:32:40+00:00,0.41933,1.671,8.0,4758,ev_0685
time series data/caltech/California_Garage_02/2-6-3-1356-2019-04-22T15-26-32-520393.csv.gz,caltech,California_Garage_02,2019-04-22T15:26:56+00:00,2019-04-22T19:14:35+00:00,11.63327,5.99872,0.0,15169,ev_0686
time series data/caltech/N_Wilson_Garage_01/2-137-521-3844-2020-08-20T21-33-00-049732.csv.gz,caltech,N_Wilson_Garage_01,2020-08-20T21:33:00.049732+00:00,2020-08-20T21:55:32.790165+00:00,14.141,45.4875,125.0,2486,ev_0687
time series data/caltech/California_Garage_02/2-6-3-1625-2020-02-06T01-13-12-130777.csv.gz,caltech,California_Garage_02,2020-02-06T01:13:16+00:00,2020-02-06T04:18:47+00:00,19.15473,8.8594,80.0,36090,ev_0688
time series data/caltech/California_Garage_01/2-39-82-385-2019-05-18T20-50-50-127280.csv.gz,caltech,California_Garage_01,2019-05-18T20:50:50+00:00,2019-05-19T00:41:45+00:00,0.90711,1.819,8.0,17832,ev_0689
time series data/caltech/California_Garage_01/2-39-78-367-2019-09-26T22-38-05-843133.csv.gz,caltech,California_Garage_01,2019-09-26T22:38:06+00:00,2019-09-27T00:20:15+00:00,0.00369,0.28454,0.0,7924,ev_0690
time series data/caltech/California_Garage_02/2-6-3-1365-2019-04-02T14-44-27-971533.csv.gz,caltech,California_Garage_02,2019-04-02T14:44:36+00:00,2019-04-02T23:45:15+00:00,17.81024,6.25893,0.0,27520,ev_0691
time series data/jpl/Arroyo_Garage_01/1-1-178-828-2020-07-01T19-10-50-076681.csv.gz,jpl,Arroyo_Garage_01,2020-07-01T19:10:53+00:00,2020-07-02T03:02:08+00:00,8.42979,3.307,31.0,48275,ev_0692
time series data/caltech/California_Garage_01/2-39-131-30-2018-10-13T02-01-08-672362.csv.gz,caltech,California_Garage_01,2018-10-13T02:01:12+00:00,2018-10-13T17:42:39+00:00,36.11015,6.902,,91262,ev_0693
time series data/caltech/California_Garage_01/2-39-79-381-2018-06-07T11-34-38-576180.csv.gz,caltech,California_Garage_01,2018-06-07T11:34:42+00:00,2018-06-07T17:09:12+00:00,15.34459,6.561,,44749,ev_0694
time series data/caltech/N_Wilson_Garage_01/2-137-521-3843-2020-08-25T18-28-54-343067.csv.gz,caltech,N_Wilson_Garage_01,2020-08-25T18:28:54.343067+00:00,2020-08-25T18:28:55.755937+00:00,7.269,44.3474,125.0,1050,ev_0695
time series data/caltech/N_Wilson_Garage_01/2-137-441-2997-2020-06-26T17-34-02-172059.csv.gz,caltech,N_Wilson_Garage_01,2020-06-26T17:34:05+00:00,2020-06-27T01:34:26+00:00,45.28765,7.011,32.0,89748,ev_0696
time series data/caltech/California_Garage_01/2-39-90-26-2019-03-28T15-01-44-259049.csv.gz,caltech,California_Garage_01,2019-03-28T15:01:44+00:00,2019-03-28T23:42:18+00:00,3.87716,3.541,32.0,57586,ev_0697
time series data/caltech/California_Garage_01/2-39-139-28-2019-09-06T02-22-50-796284.csv.gz,caltech,California_Garage_01,2019-09-06T02:22:54+00:00,2019-09-06T03:21:09+00:00,5.8249,6.224,32.0,11865,ev_0698
time series data/caltech/California_Garage_01/2-39-79-381-2018-07-27T14-25-33-576707.csv.gz,caltech,California_Garage_01,2018-07-27T14:25:37+00:00,2018-07-27T23:55:11+00:00,8.50654,6.26,,41971,ev_0699
time series data/caltech/California_Garage_01/2-39-79-379-2018-11-09T15-47-24-725566.csv.gz,caltech,California_Garage_01,2018-11-09T15:47:28+00:00,2018-11-10T00:26:28+00:00,29.88678,7.09,32.0,87618,ev_0700
